month_date,ftr,grade
2007-08-01,,A
2007-09-01,,A
2007-10-01,,A
2007-11-01,,A
2007-12-01,,A
2008-01-01,,A
2008-02-01,,A
2008-03-01,,A
2008-04-01,,A
2008-05-01,,A
2008-06-01,,A
2008-07-01,,A
2008-08-01,,A
2008-09-01,,A
2008-10-01,,A
2008-11-01,,A
2008-12-01,,A
2009-01-01,,A
2009-02-01,,A
2009-03-01,,A
2009-04-01,,A
2009-05-01,0.003283881852583105,A
2009-06-01,0.00034385536863112314,A
2009-07-01,,A
2009-08-01,,A
2009-09-01,,A
2009-10-01,0.0018882479151771023,A
2009-11-01,0.0010230734982789073,A
2009-12-01,,A
2010-01-01,0.0027892439469939492,A
2010-02-01,0.0007791561141363864,A
2010-03-01,0.0005502643335606222,A
2010-04-01,0.00441165131666757,A
2010-05-01,0.001589994329185296,A
2010-06-01,0.0007069572446979038,A
2010-07-01,0.00035089464441877684,A
2010-08-01,0.001132759643320898,A
2010-09-01,0.001174074594583199,A
2010-10-01,0.0005238763950548253,A
2010-11-01,0.00039656841652911906,A
2010-12-01,0.0006595114059643777,A
2011-01-01,0.000846300265671243,A
2011-02-01,0.00025744742188406463,A
2011-03-01,0.0010294934182846105,A
2011-04-01,0.0006405933671157615,A
2011-05-01,0.0009582421808519803,A
2011-06-01,0.0006462670704048794,A
2011-07-01,0.0005216909107956278,A
2011-08-01,0.0011618670983707864,A
2011-09-01,0.001645586757153817,A
2011-10-01,0.0007869287679058439,A
2011-11-01,0.0008232695259432442,A
2011-12-01,0.0008958680859799912,A
2012-01-01,0.0005489973665267828,A
2012-02-01,0.000516737048333048,A
2012-03-01,0.0007577832526236306,A
2012-04-01,0.0007559452845001458,A
2012-05-01,0.0014813699175161188,A
2012-06-01,0.0012474186974231125,A
2012-07-01,0.0010241767450071188,A
2012-08-01,0.0014613849876708171,A
2012-09-01,0.0017290130943109514,A
2012-10-01,0.0011756082046357928,A
2012-11-01,0.0017572511140071946,A
2012-12-01,0.001382922007140421,A
2013-01-01,0.0012849756838620927,A
2013-02-01,0.001532060251835396,A
2013-03-01,0.0013618905874050401,A
2013-04-01,0.0013541998365707943,A
2013-05-01,0.0011515700338742834,A
2013-06-01,0.0008024208794475314,A
2013-07-01,0.0010137333282057978,A
2013-08-01,0.001014509226928478,A
2013-09-01,0.001302383455234781,A
2013-10-01,0.0008609612984787204,A
2013-11-01,0.000992280456212278,A
2013-12-01,0.0005482918199644915,A
2014-01-01,0.000776490867491676,A
2014-02-01,0.0008500766281771514,A
2014-03-01,0.0004952734511424131,A
2014-04-01,0.0006646729920708541,A
2014-05-01,0.000746572888749196,A
2014-06-01,0.0006478070395001525,A
2014-07-01,0.0009249422767288455,A
2014-08-01,0.0007022558223690844,A
2014-09-01,0.0008010929321524993,A
2014-10-01,0.0007235793616371548,A
2014-11-01,0.0007443248654539777,A
2014-12-01,0.0005501847216179906,A
2015-01-01,0.0009383338392436673,A
2015-02-01,0.0007267933779825498,A
2015-03-01,0.0007714478227094065,A
2015-04-01,0.0008378056918256572,A
2015-05-01,0.0008884882287105355,A
2015-06-01,0.0007095444385304893,A
2015-07-01,0.0007148957403009659,A
2015-08-01,0.0009872219809009028,A
2015-09-01,0.0008585553195685288,A
2015-10-01,0.0008548243787609175,A
2015-11-01,0.0008798538597853202,A
2015-12-01,0.0005945904222194559,A
2016-01-01,0.0008750219716110271,A
2016-02-01,0.0008902633041171172,A
2016-03-01,0.0006557672631683466,A
2016-04-01,0.0009452703845244292,A
2016-05-01,0.0008962408418576345,A
2016-06-01,0.0008563647820634647,A
2016-07-01,0.0013289535283692727,A
2016-08-01,0.0010291823358505926,A
2016-09-01,0.0013379494721764906,A
2016-10-01,0.0016085464759007426,A
2016-11-01,0.001522736140344416,A
2016-12-01,0.0014562415551055764,A
2017-01-01,0.0015320342835858805,A
2017-02-01,0.001868179578969805,A
2017-03-01,0.0014734006652145964,A
2017-04-01,0.0017600624922272763,A
2017-05-01,0.0020266677813427733,A
2017-06-01,0.001876774010266603,A
2017-07-01,0.001959019416080521,A
2017-08-01,0.0019111232359591225,A
2017-09-01,0.002341687937485669,A
2017-10-01,0.001967801504336217,A
2017-11-01,0.0022370228294708084,A
2017-12-01,0.002391286848152205,A
2018-01-01,0.002665089235477106,A
2018-02-01,0.002787516799876451,A
2018-03-01,0.0025237772974761653,A
2018-04-01,0.0037419563219923033,A
2018-05-01,0.003912487508706883,A
2018-06-01,0.0046239799254886044,A
2018-07-01,0.005354503775969176,A
2018-08-01,0.006700134947087077,A
2018-09-01,0.008795343128869659,A
2018-10-01,0.007867806064273555,A
2018-11-01,0.013619839134404507,A
2018-12-01,0.005592818072297595,A
2019-01-01,0.0031266432769904992,A
2019-02-01,0.00449699242876158,A
2019-03-01,0.002679212022434907,A
2019-04-01,0.0061317588971704,A
2019-05-01,,A
2019-06-01,,A
2019-07-01,,A
2019-08-01,,A
2019-09-01,,A
2019-10-01,,A
2019-11-01,,A
2019-12-01,,A
2020-01-01,,A
2020-02-01,,A
2020-03-01,,A
2020-04-01,,A
2020-05-01,,A
2020-06-01,,A
2020-07-01,,A
2020-08-01,,A
2020-09-01,,A
2020-10-01,,A
2020-11-01,,A
2020-12-01,,A
2021-01-01,,A
2021-02-01,,A
2021-03-01,,A
2021-04-01,,A
2021-05-01,,A
2021-06-01,,A
2021-07-01,,A
2021-08-01,,A
2021-09-01,,A
2021-10-01,,A
2021-11-01,,A
2021-12-01,,A
2022-01-01,,A
2022-02-01,,A
2022-03-01,,A
2022-04-01,,A
2022-05-01,,A
2022-06-01,,A
2022-07-01,,A
2022-08-01,,A
2022-09-01,,A
2022-10-01,,A
2022-11-01,,A
2022-12-01,,A
2023-01-01,,A
2023-02-01,,A
2023-03-01,,A
2023-04-01,,A
2023-05-01,,A
2023-06-01,,A
2023-07-01,,A
2023-08-01,,A
2023-09-01,,A
2023-10-01,,A
2007-08-01,,B
2007-09-01,,B
2007-10-01,,B
2007-11-01,,B
2007-12-01,,B
2008-01-01,,B
2008-02-01,,B
2008-03-01,,B
2008-04-01,,B
2008-05-01,,B
2008-06-01,,B
2008-07-01,0.0013933205958648464,B
2008-08-01,0.002140584308931651,B
2008-09-01,0.0035568654974453447,B
2008-10-01,0.004940790044177301,B
2008-11-01,0.007617123809985821,B
2008-12-01,,B
2009-01-01,0.00512817614369559,B
2009-02-01,0.004884476134950326,B
2009-03-01,0.0028450992366576924,B
2009-04-01,0.006354389073721922,B
2009-05-01,0.003298946782603947,B
2009-06-01,0.0028281880440369583,B
2009-07-01,0.005761406923521356,B
2009-08-01,0.0014069417164398559,B
2009-09-01,0.005676207081193687,B
2009-10-01,0.0027201058364317997,B
2009-11-01,0.004699304986790094,B
2009-12-01,0.00536527372453838,B
2010-01-01,0.005178647370105195,B
2010-02-01,0.0011443728674703911,B
2010-03-01,0.0015629186599036289,B
2010-04-01,0.0019448936346166221,B
2010-05-01,0.002191979682420387,B
2010-06-01,0.0016801992952134102,B
2010-07-01,0.002626349641575955,B
2010-08-01,0.003204701737292043,B
2010-09-01,0.0022665191872983208,B
2010-10-01,0.0025611190752794512,B
2010-11-01,0.0022363963759452357,B
2010-12-01,0.003058055339550426,B
2011-01-01,0.0033902837578940526,B
2011-02-01,0.001655478182253883,B
2011-03-01,0.0017210738532825857,B
2011-04-01,0.0020090315751702813,B
2011-05-01,0.0009963452301253934,B
2011-06-01,0.0020191324389618407,B
2011-07-01,0.0015802934057905236,B
2011-08-01,0.0021604916096104325,B
2011-09-01,0.0016594470367531171,B
2011-10-01,0.002323117395148537,B
2011-11-01,0.0020602676292439987,B
2011-12-01,0.001436332742933269,B
2012-01-01,0.0023147902209690535,B
2012-02-01,0.002106300899027758,B
2012-03-01,0.00225288604196312,B
2012-04-01,0.002062720628602692,B
2012-05-01,0.0019440263163456914,B
2012-06-01,0.0016182742695514353,B
2012-07-01,0.0024960982145484866,B
2012-08-01,0.0021405802817372915,B
2012-09-01,0.0022028069693991415,B
2012-10-01,0.002491396983344989,B
2012-11-01,0.002291261666100607,B
2012-12-01,0.002047338523811429,B
2013-01-01,0.0027083124035402195,B
2013-02-01,0.002159892358423839,B
2013-03-01,0.0020244535328084404,B
2013-04-01,0.0019182419445336475,B
2013-05-01,0.001998133053834157,B
2013-06-01,0.002106222555888783,B
2013-07-01,0.0016418962348212483,B
2013-08-01,0.002534024261192716,B
2013-09-01,0.0023696916191429753,B
2013-10-01,0.0022219927989350877,B
2013-11-01,0.0024570743901655818,B
2013-12-01,0.0015716870080981573,B
2014-01-01,0.0019376844834162572,B
2014-02-01,0.002144840889092625,B
2014-03-01,0.0015441363995547565,B
2014-04-01,0.001812337385171904,B
2014-05-01,0.0015026737924399606,B
2014-06-01,0.0017635053532404188,B
2014-07-01,0.0021831472435647186,B
2014-08-01,0.002111532204551648,B
2014-09-01,0.002034112509081307,B
2014-10-01,0.00222304790532654,B
2014-11-01,0.0022489977707654658,B
2014-12-01,0.0016471495620567552,B
2015-01-01,0.0021956602940962585,B
2015-02-01,0.0019209078076115648,B
2015-03-01,0.0018356232196916316,B
2015-04-01,0.002389431897465603,B
2015-05-01,0.0017672139730755437,B
2015-06-01,0.0018186387066044252,B
2015-07-01,0.0022439789240289135,B
2015-08-01,0.002301491375865551,B
2015-09-01,0.0021087976210393345,B
2015-10-01,0.0023423727418323734,B
2015-11-01,0.002228740841691092,B
2015-12-01,0.0017688921403469788,B
2016-01-01,0.0018740546761009536,B
2016-02-01,0.0019577883217027116,B
2016-03-01,0.001867890448032372,B
2016-04-01,0.002387878516206791,B
2016-05-01,0.0024376034804939185,B
2016-06-01,0.00291189831761945,B
2016-07-01,0.003153583391563847,B
2016-08-01,0.0036860363345931142,B
2016-09-01,0.0038841802273420958,B
2016-10-01,0.003911613261477792,B
2016-11-01,0.004072509483424342,B
2016-12-01,0.003582663071676186,B
2017-01-01,0.004161984438593623,B
2017-02-01,0.0045270176645999406,B
2017-03-01,0.004121673173530482,B
2017-04-01,0.0055095440299499305,B
2017-05-01,0.004810055389290865,B
2017-06-01,0.005404042553164671,B
2017-07-01,0.005627362344133569,B
2017-08-01,0.005650133888596903,B
2017-09-01,0.006396065890343271,B
2017-10-01,0.005915418380411085,B
2017-11-01,0.006540975347547511,B
2017-12-01,0.007067947286030441,B
2018-01-01,0.006629732613244671,B
2018-02-01,0.008802779311928549,B
2018-03-01,0.007029009168871581,B
2018-04-01,0.01020555917705171,B
2018-05-01,0.009182281447693745,B
2018-06-01,0.011828321820802604,B
2018-07-01,0.01420867402434915,B
2018-08-01,0.018100791398584396,B
2018-09-01,0.02175101176635958,B
2018-10-01,0.02212515661799816,B
2018-11-01,0.030788591519671563,B
2018-12-01,0.01491083591499161,B
2019-01-01,0.008700748429583084,B
2019-02-01,0.008823218665172126,B
2019-03-01,0.006372433654522204,B
2019-04-01,0.010103050749396256,B
2019-05-01,,B
2019-06-01,,B
2019-07-01,,B
2019-08-01,,B
2019-09-01,,B
2019-10-01,,B
2019-11-01,,B
2019-12-01,,B
2020-01-01,,B
2020-02-01,,B
2020-03-01,,B
2020-04-01,,B
2020-05-01,,B
2020-06-01,,B
2020-07-01,,B
2020-08-01,,B
2020-09-01,,B
2020-10-01,,B
2020-11-01,,B
2020-12-01,,B
2021-01-01,,B
2021-02-01,,B
2021-03-01,,B
2021-04-01,,B
2021-05-01,,B
2021-06-01,,B
2021-07-01,,B
2021-08-01,,B
2021-09-01,,B
2021-10-01,,B
2021-11-01,,B
2021-12-01,,B
2022-01-01,,B
2022-02-01,,B
2022-03-01,,B
2022-04-01,,B
2022-05-01,,B
2022-06-01,,B
2022-07-01,,B
2022-08-01,,B
2022-09-01,,B
2022-10-01,,B
2022-11-01,,B
2022-12-01,,B
2023-01-01,,B
2023-02-01,,B
2023-03-01,,B
2023-04-01,,B
2023-05-01,,B
2023-06-01,,B
2023-07-01,,B
2023-08-01,,B
2023-09-01,,B
2023-10-01,,B
2007-08-01,,C
2007-09-01,,C
2007-10-01,,C
2007-11-01,,C
2007-12-01,,C
2008-01-01,,C
2008-02-01,,C
2008-03-01,,C
2008-04-01,0.00102741563443202,C
2008-05-01,,C
2008-06-01,0.0033750272313170875,C
2008-07-01,,C
2008-08-01,0.002525842060982153,C
2008-09-01,0.006538730320218036,C
2008-10-01,0.0041631432458233576,C
2008-11-01,0.006247083946302856,C
2008-12-01,,C
2009-01-01,0.0032495358193213816,C
2009-02-01,0.0024670248894078876,C
2009-03-01,0.005112586222705878,C
2009-04-01,0.005659082696561649,C
2009-05-01,0.0076952796909670815,C
2009-06-01,0.009211406250604052,C
2009-07-01,0.005979787801544314,C
2009-08-01,0.0022328003969614048,C
2009-09-01,0.004246880339951826,C
2009-10-01,0.0015797488190973533,C
2009-11-01,0.004986915304554918,C
2009-12-01,0.0032772571925099273,C
2010-01-01,0.00464089589765386,C
2010-02-01,0.004525156625820062,C
2010-03-01,0.0014969365082946901,C
2010-04-01,0.004124334049977294,C
2010-05-01,0.0036165039929292706,C
2010-06-01,0.0021947630207668762,C
2010-07-01,0.003492420080001388,C
2010-08-01,0.004106269776433979,C
2010-09-01,0.004748535447252132,C
2010-10-01,0.0012623692628749923,C
2010-11-01,0.0024609141101610108,C
2010-12-01,0.002027947342025718,C
2011-01-01,0.0030189419586073075,C
2011-02-01,0.0025044424140150652,C
2011-03-01,0.0007389888265142933,C
2011-04-01,0.0027593323201890547,C
2011-05-01,0.004044234475369966,C
2011-06-01,0.004926751471339496,C
2011-07-01,0.0029612694542833435,C
2011-08-01,0.003919967106678097,C
2011-09-01,0.0030354361926260395,C
2011-10-01,0.003243378196644936,C
2011-11-01,0.0032473352346697568,C
2011-12-01,0.003882946252218406,C
2012-01-01,0.003997633800165162,C
2012-02-01,0.0023476504890865176,C
2012-03-01,0.004288513542670054,C
2012-04-01,0.0030174103514937992,C
2012-05-01,0.0023374506526965626,C
2012-06-01,0.0038582010193932434,C
2012-07-01,0.003883966254831256,C
2012-08-01,0.004516847225793554,C
2012-09-01,0.0038290445646136937,C
2012-10-01,0.0034264423975633273,C
2012-11-01,0.0029830387388700367,C
2012-12-01,0.0029385782840620545,C
2013-01-01,0.00323877254638565,C
2013-02-01,0.003160284266234255,C
2013-03-01,0.0021460665762428185,C
2013-04-01,0.0024771074216444907,C
2013-05-01,0.0025312558390997984,C
2013-06-01,0.0037160509461661054,C
2013-07-01,0.0029532176812633,C
2013-08-01,0.003018401228478279,C
2013-09-01,0.0029705624948387034,C
2013-10-01,0.003216889660722618,C
2013-11-01,0.003952339396419319,C
2013-12-01,0.002475783305288872,C
2014-01-01,0.0024530505438507275,C
2014-02-01,0.003144180824222702,C
2014-03-01,0.002206059414789531,C
2014-04-01,0.0034008063104504537,C
2014-05-01,0.0032586139179513586,C
2014-06-01,0.0032501718968108973,C
2014-07-01,0.0029912612741764613,C
2014-08-01,0.0037646573010257324,C
2014-09-01,0.0034190934694524043,C
2014-10-01,0.0038138425711664015,C
2014-11-01,0.0036052740070449704,C
2014-12-01,0.002989022008211829,C
2015-01-01,0.003203156369805881,C
2015-02-01,0.003465044427433693,C
2015-03-01,0.0033143157022695767,C
2015-04-01,0.004310869449213135,C
2015-05-01,0.003920612304513743,C
2015-06-01,0.004044379699115149,C
2015-07-01,0.004536530077668543,C
2015-08-01,0.004981365091544128,C
2015-09-01,0.004134736655249142,C
2015-10-01,0.004659275435147769,C
2015-11-01,0.004986810597360614,C
2015-12-01,0.004049483152182718,C
2016-01-01,0.0045592265038627115,C
2016-02-01,0.004111454988307129,C
2016-03-01,0.004627997678181076,C
2016-04-01,0.005724155487991895,C
2016-05-01,0.005061399757630666,C
2016-06-01,0.006080854079554142,C
2016-07-01,0.007031163975336001,C
2016-08-01,0.007099219562199335,C
2016-09-01,0.0075242494157676055,C
2016-10-01,0.008281438433308334,C
2016-11-01,0.008100171895161953,C
2016-12-01,0.00764377162885403,C
2017-01-01,0.007797043574307617,C
2017-02-01,0.008674963758004708,C
2017-03-01,0.006661295373525171,C
2017-04-01,0.01018221071862411,C
2017-05-01,0.008915415428698423,C
2017-06-01,0.00925685978958912,C
2017-07-01,0.0108219298708324,C
2017-08-01,0.01089229246882083,C
2017-09-01,0.012546460804840433,C
2017-10-01,0.011450706291772236,C
2017-11-01,0.013327295185467068,C
2017-12-01,0.013142273230924085,C
2018-01-01,0.01240706633193524,C
2018-02-01,0.01668121040838011,C
2018-03-01,0.014261426601620683,C
2018-04-01,0.018994804700126273,C
2018-05-01,0.019228041124108555,C
2018-06-01,0.02267583351210065,C
2018-07-01,0.026256497246174994,C
2018-08-01,0.031820815077755145,C
2018-09-01,0.042431647652996285,C
2018-10-01,0.044155911471392154,C
2018-11-01,0.05990800255592333,C
2018-12-01,0.028221690272922473,C
2019-01-01,0.01279481643889566,C
2019-02-01,0.01730519959165214,C
2019-03-01,0.01665250425568644,C
2019-04-01,0.026627335434740933,C
2019-05-01,,C
2019-06-01,,C
2019-07-01,,C
2019-08-01,,C
2019-09-01,,C
2019-10-01,,C
2019-11-01,,C
2019-12-01,,C
2020-01-01,,C
2020-02-01,,C
2020-03-01,,C
2020-04-01,,C
2020-05-01,,C
2020-06-01,,C
2020-07-01,,C
2020-08-01,,C
2020-09-01,,C
2020-10-01,,C
2020-11-01,,C
2020-12-01,,C
2021-01-01,,C
2021-02-01,,C
2021-03-01,,C
2021-04-01,,C
2021-05-01,,C
2021-06-01,,C
2021-07-01,,C
2021-08-01,,C
2021-09-01,,C
2021-10-01,,C
2021-11-01,,C
2021-12-01,,C
2022-01-01,,C
2022-02-01,,C
2022-03-01,,C
2022-04-01,,C
2022-05-01,,C
2022-06-01,,C
2022-07-01,,C
2022-08-01,,C
2022-09-01,,C
2022-10-01,,C
2022-11-01,,C
2022-12-01,,C
2023-01-01,,C
2023-02-01,,C
2023-03-01,,C
2023-04-01,,C
2023-05-01,,C
2023-06-01,,C
2023-07-01,,C
2023-08-01,,C
2023-09-01,,C
2023-10-01,,C
2007-09-01,,D
2007-10-01,,D
2007-11-01,,D
2007-12-01,,D
2008-01-01,,D
2008-02-01,,D
2008-03-01,,D
2008-04-01,,D
2008-05-01,,D
2008-06-01,0.008502642069454334,D
2008-07-01,0.015093617492415638,D
2008-08-01,0.01849908549796737,D
2008-09-01,0.0034177533083555645,D
2008-10-01,0.012095561716313,D
2008-11-01,0.03569058002047736,D
2008-12-01,,D
2009-01-01,0.00958397134224649,D
2009-02-01,0.0037765816884667296,D
2009-03-01,0.005973768876659467,D
2009-04-01,0.007306865637038034,D
2009-05-01,0.001743462229358015,D
2009-06-01,0.008033450007174373,D
2009-07-01,0.0016943575638419615,D
2009-08-01,0.007164855863038841,D
2009-09-01,0.003194882290721408,D
2009-10-01,0.005900558188884552,D
2009-11-01,0.003449259310132356,D
2009-12-01,0.0014448315134747431,D
2010-01-01,0.008927106544108054,D
2010-02-01,0.005259019001715512,D
2010-03-01,0.0006208221017878582,D
2010-04-01,0.001691916391904275,D
2010-05-01,0.00780165385968625,D
2010-06-01,0.0035943036302460455,D
2010-07-01,0.004393490265749333,D
2010-08-01,0.003542090057377243,D
2010-09-01,0.001322660024156201,D
2010-10-01,0.007661938045061083,D
2010-11-01,0.003463823268288967,D
2010-12-01,0.0018276166045325698,D
2011-01-01,0.004377700865759307,D
2011-02-01,0.004341807496754592,D
2011-03-01,0.0034811195832385525,D
2011-04-01,0.003210500687777091,D
2011-05-01,0.0034128306744847458,D
2011-06-01,0.0031251279347496207,D
2011-07-01,0.0023281705966952918,D
2011-08-01,0.005756507556178143,D
2011-09-01,0.003858028592137526,D
2011-10-01,0.004381836657958972,D
2011-11-01,0.0053317862193982095,D
2011-12-01,0.0019773879404039523,D
2012-01-01,0.0038711052160296756,D
2012-02-01,0.004435886419605278,D
2012-03-01,0.005676136691745289,D
2012-04-01,0.0053584412360111406,D
2012-05-01,0.002529840420827716,D
2012-06-01,0.004358598590641797,D
2012-07-01,0.005320984587012079,D
2012-08-01,0.004075875035089269,D
2012-09-01,0.004746477813348098,D
2012-10-01,0.005158276121197803,D
2012-11-01,0.00641470167724371,D
2012-12-01,0.005397750314351691,D
2013-01-01,0.004734735765808386,D
2013-02-01,0.004263594821863767,D
2013-03-01,0.006208223576967047,D
2013-04-01,0.0036678319921659252,D
2013-05-01,0.004862682191905417,D
2013-06-01,0.004490311632543242,D
2013-07-01,0.004713811539548518,D
2013-08-01,0.004935991037275557,D
2013-09-01,0.005449717068540897,D
2013-10-01,0.0067700996367403895,D
2013-11-01,0.00540763034966712,D
2013-12-01,0.004289997594378656,D
2014-01-01,0.004005160294010278,D
2014-02-01,0.005450468178266199,D
2014-03-01,0.004046854157747219,D
2014-04-01,0.004321868723169379,D
2014-05-01,0.004350285873802321,D
2014-06-01,0.004280790338743064,D
2014-07-01,0.005522728463974175,D
2014-08-01,0.005043006138520968,D
2014-09-01,0.00493711655680286,D
2014-10-01,0.005297352989935412,D
2014-11-01,0.0058865300472704975,D
2014-12-01,0.004429966679725256,D
2015-01-01,0.005650553085982993,D
2015-02-01,0.005620191851709806,D
2015-03-01,0.004986472141605305,D
2015-04-01,0.005695946103700015,D
2015-05-01,0.006171162792449179,D
2015-06-01,0.0061177001283509395,D
2015-07-01,0.006680639809253304,D
2015-08-01,0.008023944403812973,D
2015-09-01,0.008050842990942888,D
2015-10-01,0.008421038752636341,D
2015-11-01,0.00887964605076028,D
2015-12-01,0.007062898889362279,D
2016-01-01,0.00761352152101247,D
2016-02-01,0.007452854561439565,D
2016-03-01,0.007881878572929298,D
2016-04-01,0.009628764167204382,D
2016-05-01,0.008649482023931069,D
2016-06-01,0.01086210117488262,D
2016-07-01,0.011703705036135527,D
2016-08-01,0.012563267741260159,D
2016-09-01,0.012930210411330464,D
2016-10-01,0.013428954000032337,D
2016-11-01,0.01328930270849699,D
2016-12-01,0.012100462043121794,D
2017-01-01,0.012577591778431315,D
2017-02-01,0.01370017482716915,D
2017-03-01,0.011638619720395336,D
2017-04-01,0.01749437729622698,D
2017-05-01,0.013482644659966242,D
2017-06-01,0.015545301802410472,D
2017-07-01,0.017643567896994315,D
2017-08-01,0.017828735975163625,D
2017-09-01,0.019463099111133027,D
2017-10-01,0.01929903156094492,D
2017-11-01,0.019558002432051018,D
2017-12-01,0.019875887599650463,D
2018-01-01,0.01860414900505855,D
2018-02-01,0.022611441777763024,D
2018-03-01,0.019927998779509782,D
2018-04-01,0.027378900033909418,D
2018-05-01,0.02541683138900332,D
2018-06-01,0.033572578579815555,D
2018-07-01,0.03715998970350434,D
2018-08-01,0.043433980042636516,D
2018-09-01,0.056557744781451785,D
2018-10-01,0.06259596124537681,D
2018-11-01,0.08798093614137469,D
2018-12-01,0.04064241171275055,D
2019-01-01,0.022074502853072414,D
2019-02-01,0.025191515191876564,D
2019-03-01,0.024976495525536945,D
2019-04-01,0.034136111424564144,D
2019-05-01,,D
2019-06-01,,D
2019-07-01,,D
2019-08-01,,D
2019-09-01,,D
2019-10-01,,D
2019-11-01,,D
2019-12-01,,D
2020-01-01,,D
2020-02-01,,D
2020-03-01,,D
2020-04-01,,D
2020-05-01,,D
2020-06-01,,D
2020-07-01,,D
2020-08-01,,D
2020-09-01,,D
2020-10-01,,D
2020-11-01,,D
2020-12-01,,D
2021-01-01,,D
2021-02-01,,D
2021-03-01,,D
2021-04-01,,D
2021-05-01,,D
2021-06-01,,D
2021-07-01,,D
2021-08-01,,D
2021-09-01,,D
2021-10-01,,D
2021-11-01,,D
2021-12-01,,D
2022-01-01,,D
2022-02-01,,D
2022-03-01,,D
2022-04-01,,D
2022-05-01,,D
2022-06-01,,D
2022-07-01,,D
2022-08-01,,D
2022-09-01,,D
2022-10-01,,D
2022-11-01,,D
2022-12-01,,D
2023-01-01,,D
2023-02-01,,D
2023-03-01,,D
2023-04-01,,D
2023-05-01,,D
2023-06-01,,D
2023-07-01,,D
2023-08-01,,D
2023-09-01,,D
2023-10-01,,D
2007-07-01,,E
2007-08-01,,E
2007-09-01,,E
2007-10-01,,E
2007-11-01,,E
2007-12-01,,E
2008-01-01,,E
2008-02-01,,E
2008-03-01,,E
2008-04-01,,E
2008-05-01,,E
2008-06-01,,E
2008-07-01,,E
2008-08-01,,E
2008-09-01,,E
2008-10-01,,E
2008-11-01,0.04319653370857236,E
2008-12-01,0.003859983619359581,E
2009-01-01,,E
2009-02-01,,E
2009-03-01,0.009583334381717035,E
2009-04-01,0.00695538222293362,E
2009-05-01,0.005437947897484264,E
2009-06-01,0.004224642125998634,E
2009-07-01,0.008165148460445972,E
2009-08-01,0.010195054550867472,E
2009-09-01,0.014833568082325574,E
2009-10-01,0.003149279463028749,E
2009-11-01,0.005164359074982825,E
2009-12-01,0.003583671090288887,E
2010-01-01,0.009607630294396782,E
2010-02-01,0.007199505275168221,E
2010-03-01,0.005126305190340414,E
2010-04-01,0.0029375839036315564,E
2010-05-01,0.0044210612259034665,E
2010-06-01,0.0008207922072616111,E
2010-07-01,0.002705401986288405,E
2010-08-01,0.0005643892598674212,E
2010-09-01,0.004006296335452756,E
2010-10-01,0.005087520457440832,E
2010-11-01,0.008771483056245496,E
2010-12-01,0.0036937222756155855,E
2011-01-01,0.0060643359480095135,E
2011-02-01,0.005087704071056102,E
2011-03-01,0.003703536251184656,E
2011-04-01,0.004550440119725597,E
2011-05-01,0.004566362474117401,E
2011-06-01,0.0032456015284818094,E
2011-07-01,0.005656197203327395,E
2011-08-01,0.004945210325511473,E
2011-09-01,0.005906793387685836,E
2011-10-01,0.004286574158665562,E
2011-11-01,0.004466508467307136,E
2011-12-01,0.0030610552853811953,E
2012-01-01,0.007042942220111541,E
2012-02-01,0.004401658709237136,E
2012-03-01,0.004235984947343849,E
2012-04-01,0.005892019444036008,E
2012-05-01,0.006672011743749833,E
2012-06-01,0.0039559531364996995,E
2012-07-01,0.005388071483484392,E
2012-08-01,0.005070360524939729,E
2012-09-01,0.008444046300347806,E
2012-10-01,0.0065452873406161615,E
2012-11-01,0.006151679046237251,E
2012-12-01,0.005075789293813749,E
2013-01-01,0.0025434828587950846,E
2013-02-01,0.006774765510713988,E
2013-03-01,0.004025093456853027,E
2013-04-01,0.004882952955842728,E
2013-05-01,0.00496396505173207,E
2013-06-01,0.006223447590666716,E
2013-07-01,0.006663083283773129,E
2013-08-01,0.0056847066063935,E
2013-09-01,0.006576057745454658,E
2013-10-01,0.0057223565871149925,E
2013-11-01,0.007950734156022344,E
2013-12-01,0.0057132125783600244,E
2014-01-01,0.0056218433531371095,E
2014-02-01,0.006605265660474308,E
2014-03-01,0.006542276506926634,E
2014-04-01,0.006821721303428031,E
2014-05-01,0.006281632415227331,E
2014-06-01,0.007170310146987004,E
2014-07-01,0.006949264319330577,E
2014-08-01,0.006421533658797999,E
2014-09-01,0.008060638886446163,E
2014-10-01,0.009521558485345897,E
2014-11-01,0.009192259235741263,E
2014-12-01,0.007000602263471709,E
2015-01-01,0.007073013692019144,E
2015-02-01,0.007265865506385723,E
2015-03-01,0.006274304665430291,E
2015-04-01,0.009484306644334877,E
2015-05-01,0.010066390116261877,E
2015-06-01,0.010368117070154233,E
2015-07-01,0.01038929532545059,E
2015-08-01,0.010295741356878375,E
2015-09-01,0.01099932526059643,E
2015-10-01,0.009683034275983254,E
2015-11-01,0.012644167359298339,E
2015-12-01,0.008960453332188938,E
2016-01-01,0.011524160594981082,E
2016-02-01,0.011252512685868936,E
2016-03-01,0.011282278045303303,E
2016-04-01,0.014256005322080888,E
2016-05-01,0.013115975666234375,E
2016-06-01,0.015279254577004953,E
2016-07-01,0.018640300670708473,E
2016-08-01,0.019083028051701326,E
2016-09-01,0.020772100748891277,E
2016-10-01,0.020492420749045198,E
2016-11-01,0.020016547705776957,E
2016-12-01,0.018732399949156455,E
2017-01-01,0.019032594260364657,E
2017-02-01,0.019845565349448344,E
2017-03-01,0.017293605347428496,E
2017-04-01,0.022909895728939204,E
2017-05-01,0.019371812671535156,E
2017-06-01,0.023366439343161335,E
2017-07-01,0.024970079857282876,E
2017-08-01,0.023953277841538022,E
2017-09-01,0.029164602444610187,E
2017-10-01,0.025864935834141563,E
2017-11-01,0.027261022185655903,E
2017-12-01,0.02694754515375006,E
2018-01-01,0.027425127951691813,E
2018-02-01,0.03552362426104116,E
2018-03-01,0.026536371911398998,E
2018-04-01,0.03464777712839962,E
2018-05-01,0.03678970822353927,E
2018-06-01,0.04094821672490639,E
2018-07-01,0.050548602713194675,E
2018-08-01,0.057806280575907164,E
2018-09-01,0.07099662184183708,E
2018-10-01,0.06737516188302275,E
2018-11-01,0.09784648370806592,E
2018-12-01,0.05993564605167422,E
2019-01-01,0.02802234393068753,E
2019-02-01,0.03274176310922881,E
2019-03-01,0.035436511234697696,E
2019-04-01,0.05734053254955448,E
2019-05-01,,E
2019-06-01,,E
2019-07-01,,E
2019-08-01,,E
2019-09-01,,E
2019-10-01,,E
2019-11-01,,E
2019-12-01,,E
2020-01-01,,E
2020-02-01,,E
2020-03-01,,E
2020-04-01,,E
2020-05-01,,E
2020-06-01,,E
2020-07-01,,E
2020-08-01,,E
2020-09-01,,E
2020-10-01,,E
2020-11-01,,E
2020-12-01,,E
2021-01-01,,E
2021-02-01,,E
2021-03-01,,E
2021-04-01,,E
2021-05-01,,E
2021-06-01,,E
2021-07-01,,E
2021-08-01,,E
2021-09-01,,E
2021-10-01,,E
2021-11-01,,E
2021-12-01,,E
2022-01-01,,E
2022-02-01,,E
2022-03-01,,E
2022-04-01,,E
2022-05-01,,E
2022-06-01,,E
2022-07-01,,E
2022-08-01,,E
2022-09-01,,E
2022-10-01,,E
2022-11-01,,E
2022-12-01,,E
2023-01-01,,E
2023-02-01,,E
2023-03-01,,E
2023-04-01,,E
2023-05-01,,E
2023-06-01,,E
2023-07-01,,E
2023-08-01,,E
2023-09-01,,E
2023-10-01,,E
2007-08-01,,F
2007-09-01,,F
2007-10-01,,F
2007-11-01,,F
2007-12-01,,F
2008-01-01,,F
2008-02-01,,F
2008-03-01,,F
2008-04-01,,F
2008-05-01,,F
2008-06-01,,F
2008-07-01,,F
2008-08-01,,F
2008-09-01,,F
2008-10-01,,F
2008-11-01,,F
2008-12-01,,F
2009-01-01,,F
2009-02-01,,F
2009-03-01,0.0072062630985743805,F
2009-04-01,,F
2009-05-01,,F
2009-06-01,0.018283463445369363,F
2009-07-01,0.021694817251444957,F
2009-08-01,,F
2009-09-01,0.055052668269890685,F
2009-10-01,0.01752128302815984,F
2009-11-01,,F
2009-12-01,,F
2010-01-01,,F
2010-02-01,0.011297202756378593,F
2010-03-01,0.003508608441423148,F
2010-04-01,0.018535968957931068,F
2010-05-01,,F
2010-06-01,,F
2010-07-01,0.0056508069935456064,F
2010-08-01,0.013651013559389307,F
2010-09-01,0.006988982302429202,F
2010-10-01,,F
2010-11-01,,F
2010-12-01,0.008722840247890006,F
2011-01-01,0.0033816388911101537,F
2011-02-01,,F
2011-03-01,0.0021197708426940703,F
2011-04-01,0.002328812070027787,F
2011-05-01,0.001010155236462143,F
2011-06-01,0.004948777409369584,F
2011-07-01,0.004754268046503719,F
2011-08-01,0.00578098238771844,F
2011-09-01,0.0056379955427760834,F
2011-10-01,0.006454573652489275,F
2011-11-01,0.011182394511482351,F
2011-12-01,0.005918595024840777,F
2012-01-01,0.0011737710158106146,F
2012-02-01,0.006971423315007239,F
2012-03-01,0.01062994809853882,F
2012-04-01,0.003731045259681325,F
2012-05-01,0.010907350300334238,F
2012-06-01,0.009931692136815535,F
2012-07-01,0.01084168428032861,F
2012-08-01,0.00590321080834783,F
2012-09-01,0.008115793689294874,F
2012-10-01,0.008512792435269543,F
2012-11-01,0.011582573172140221,F
2012-12-01,0.0060767427682825925,F
2013-01-01,0.0045458065940592466,F
2013-02-01,0.006796728035257518,F
2013-03-01,0.004254390741846629,F
2013-04-01,0.010931823567553864,F
2013-05-01,0.008068674922485428,F
2013-06-01,0.00557599378586073,F
2013-07-01,0.006042375966965442,F
2013-08-01,0.009415304311396373,F
2013-09-01,0.007935338329997698,F
2013-10-01,0.006868178705085435,F
2013-11-01,0.00930838200828324,F
2013-12-01,0.007042142230135027,F
2014-01-01,0.0054891490367827075,F
2014-02-01,0.009867893441770447,F
2014-03-01,0.007640824878688733,F
2014-04-01,0.00796029453372327,F
2014-05-01,0.01100693954547072,F
2014-06-01,0.011137041122486136,F
2014-07-01,0.013308917690976686,F
2014-08-01,0.010765178175634937,F
2014-09-01,0.014466121315237898,F
2014-10-01,0.012622506314493988,F
2014-11-01,0.013296973118653615,F
2014-12-01,0.008485781521300912,F
2015-01-01,0.01065805759322394,F
2015-02-01,0.009920379912715806,F
2015-03-01,0.009482388681338234,F
2015-04-01,0.012439853682992835,F
2015-05-01,0.012201939357655841,F
2015-06-01,0.011713442739261054,F
2015-07-01,0.013685085477732754,F
2015-08-01,0.01719825528923315,F
2015-09-01,0.014408533272861545,F
2015-10-01,0.015547498261155202,F
2015-11-01,0.017244866772734728,F
2015-12-01,0.013496808140591496,F
2016-01-01,0.016316074008610407,F
2016-02-01,0.015423391001866843,F
2016-03-01,0.01517929345030449,F
2016-04-01,0.018640847499583845,F
2016-05-01,0.018452730058655997,F
2016-06-01,0.019922304374512947,F
2016-07-01,0.025915850556128855,F
2016-08-01,0.028219839053867678,F
2016-09-01,0.02570797202864344,F
2016-10-01,0.02851654713546552,F
2016-11-01,0.025459302973900252,F
2016-12-01,0.025049035883915903,F
2017-01-01,0.0274643854780897,F
2017-02-01,0.02437026010971372,F
2017-03-01,0.021800875005988585,F
2017-04-01,0.03204510078182289,F
2017-05-01,0.026690450968287097,F
2017-06-01,0.029753862675385018,F
2017-07-01,0.034650437097995354,F
2017-08-01,0.034804113222261554,F
2017-09-01,0.038977936135605656,F
2017-10-01,0.038950808425568244,F
2017-11-01,0.03847096578927345,F
2017-12-01,0.03354427915659028,F
2018-01-01,0.034478249523875605,F
2018-02-01,0.0420531659054766,F
2018-03-01,0.039327144935275324,F
2018-04-01,0.0465739726262929,F
2018-05-01,0.046188044998439266,F
2018-06-01,0.05506544428826038,F
2018-07-01,0.06425081416350366,F
2018-08-01,0.06294217182863013,F
2018-09-01,0.09203038315038808,F
2018-10-01,0.08291202452076474,F
2018-11-01,0.13873173365868077,F
2018-12-01,0.06935449200108082,F
2019-01-01,0.038064463125728615,F
2019-02-01,0.02859984603997775,F
2019-03-01,0.05154864197961218,F
2019-04-01,0.041551329332585936,F
2019-05-01,,F
2019-06-01,,F
2019-07-01,,F
2019-08-01,,F
2019-09-01,,F
2019-10-01,,F
2019-11-01,,F
2019-12-01,,F
2020-01-01,,F
2020-02-01,,F
2020-03-01,,F
2020-04-01,,F
2020-05-01,,F
2020-06-01,,F
2020-07-01,,F
2020-08-01,,F
2020-09-01,,F
2020-10-01,,F
2020-11-01,,F
2020-12-01,,F
2021-01-01,,F
2021-02-01,,F
2021-03-01,,F
2021-04-01,,F
2021-05-01,,F
2021-06-01,,F
2021-07-01,,F
2021-08-01,,F
2021-09-01,,F
2021-10-01,,F
2021-11-01,,F
2021-12-01,,F
2022-01-01,,F
2022-02-01,,F
2022-03-01,,F
2022-04-01,,F
2022-05-01,,F
2022-06-01,,F
2022-07-01,,F
2022-08-01,,F
2022-09-01,,F
2022-10-01,,F
2022-11-01,,F
2022-12-01,,F
2023-01-01,,F
2023-02-01,,F
2023-03-01,,F
2023-04-01,,F
2023-05-01,,F
2023-06-01,,F
2023-07-01,,F
2023-08-01,,F
2023-09-01,,F
2023-10-01,,F
2008-02-01,,G
2008-03-01,,G
2008-04-01,,G
2008-05-01,,G
2008-06-01,,G
2008-07-01,,G
2008-08-01,,G
2008-09-01,,G
2008-10-01,,G
2008-11-01,,G
2008-12-01,,G
2009-01-01,,G
2009-02-01,,G
2009-03-01,0.2974789184418476,G
2009-04-01,,G
2009-05-01,,G
2009-06-01,,G
2009-07-01,,G
2009-08-01,,G
2009-09-01,,G
2009-10-01,0.02938024838445043,G
2009-11-01,,G
2009-12-01,,G
2010-01-01,,G
2010-02-01,,G
2010-03-01,,G
2010-04-01,,G
2010-05-01,,G
2010-06-01,0.033420243524243484,G
2010-07-01,0.018250851535157438,G
2010-08-01,0.014464557400964207,G
2010-09-01,,G
2010-10-01,,G
2010-11-01,0.014284818147793303,G
2010-12-01,0.0032305651456982763,G
2011-01-01,,G
2011-02-01,0.010348707001951727,G
2011-03-01,,G
2011-04-01,0.006241297144104785,G
2011-05-01,0.002393748957769778,G
2011-06-01,0.008976388115313075,G
2011-07-01,0.0003882271079742659,G
2011-08-01,0.003639170193124904,G
2011-09-01,0.003972777841957744,G
2011-10-01,0.012153850415431157,G
2011-11-01,0.012405408537143541,G
2011-12-01,0.008432863849882224,G
2012-01-01,0.0014813971558523317,G
2012-02-01,0.006379916180375805,G
2012-03-01,0.005787069834114148,G
2012-04-01,0.00788262733117919,G
2012-05-01,0.005382431559476526,G
2012-06-01,0.004787386952444168,G
2012-07-01,0.004038677988853676,G
2012-08-01,0.012606619782775186,G
2012-09-01,0.011194934480744495,G
2012-10-01,0.00676705556377299,G
2012-11-01,0.014548643183467566,G
2012-12-01,0.011860814502359377,G
2013-01-01,0.0077453267196269425,G
2013-02-01,0.017251367004888277,G
2013-03-01,0.008301996361088427,G
2013-04-01,0.007801551922849469,G
2013-05-01,0.017268170065419874,G
2013-06-01,0.008311837930695768,G
2013-07-01,0.007644543086569521,G
2013-08-01,0.006001963333900206,G
2013-09-01,0.008217384764815825,G
2013-10-01,0.0042280690120152405,G
2013-11-01,0.008222649848401983,G
2013-12-01,0.012549758216266317,G
2014-01-01,0.013922072941497454,G
2014-02-01,0.007742614527147036,G
2014-03-01,0.007999257275402558,G
2014-04-01,0.01350092568325552,G
2014-05-01,0.009987933900873007,G
2014-06-01,0.009115263988825069,G
2014-07-01,0.007228453585997583,G
2014-08-01,0.009726432796411,G
2014-09-01,0.009551621412267735,G
2014-10-01,0.011726520589088345,G
2014-11-01,0.013926948084836951,G
2014-12-01,0.011042471320011682,G
2015-01-01,0.012171312407838784,G
2015-02-01,0.01102184624671602,G
2015-03-01,0.012812923913752949,G
2015-04-01,0.012521428211381679,G
2015-05-01,0.01659557935178146,G
2015-06-01,0.018376089538966064,G
2015-07-01,0.01721700515188685,G
2015-08-01,0.020947464655518135,G
2015-09-01,0.01897388753654516,G
2015-10-01,0.020504576136521423,G
2015-11-01,0.023621149434966356,G
2015-12-01,0.01704743204067369,G
2016-01-01,0.022925766618944916,G
2016-02-01,0.019430102663947603,G
2016-03-01,0.023097588039375408,G
2016-04-01,0.028550707745748985,G
2016-05-01,0.02257146262623096,G
2016-06-01,0.031512738623702956,G
2016-07-01,0.02684621191231029,G
2016-08-01,0.02893123505488721,G
2016-09-01,0.033331139546041916,G
2016-10-01,0.034577084472923694,G
2016-11-01,0.03085106272379486,G
2016-12-01,0.02981685634808746,G
2017-01-01,0.02975190612322688,G
2017-02-01,0.031714378562014395,G
2017-03-01,0.023412870846736752,G
2017-04-01,0.032174804270458435,G
2017-05-01,0.023534827586580216,G
2017-06-01,0.037205248513008514,G
2017-07-01,0.035131187513145826,G
2017-08-01,0.03333583674833873,G
2017-09-01,0.03364746674584605,G
2017-10-01,0.030175862143244445,G
2017-11-01,0.035757953039790055,G
2017-12-01,0.042826417681821126,G
2018-01-01,0.04376816539506273,G
2018-02-01,0.052021402104671,G
2018-03-01,0.039444552757780235,G
2018-04-01,0.06222768375811121,G
2018-05-01,0.06326978562500767,G
2018-06-01,0.0595411946990947,G
2018-07-01,0.06659222560369002,G
2018-08-01,0.08341573701813024,G
2018-09-01,0.11814637810015936,G
2018-10-01,0.09571970802139802,G
2018-11-01,0.13828894958050192,G
2018-12-01,0.0809332282040473,G
2019-01-01,0.06451895727298666,G
2019-02-01,0.02794935500359849,G
2019-03-01,0.028633433116194304,G
2019-04-01,0.008790139784742168,G
2019-05-01,,G
2019-06-01,,G
2019-07-01,,G
2019-08-01,,G
2019-09-01,,G
2019-10-01,,G
2019-11-01,,G
2019-12-01,,G
2020-01-01,,G
2020-02-01,,G
2020-03-01,,G
2020-04-01,,G
2020-05-01,,G
2020-06-01,,G
2020-07-01,,G
2020-08-01,,G
2020-09-01,,G
2020-10-01,,G
2020-11-01,,G
2020-12-01,,G
2021-01-01,,G
2021-02-01,,G
2021-03-01,,G
2021-04-01,,G
2021-05-01,,G
2021-06-01,,G
2021-07-01,,G
2021-08-01,,G
2021-09-01,,G
2021-10-01,,G
2021-11-01,,G
2021-12-01,,G
2022-01-01,,G
2022-02-01,,G
2022-03-01,,G
2022-04-01,,G
2022-05-01,,G
2022-06-01,,G
2022-07-01,,G
2022-08-01,,G
2022-09-01,,G
2022-10-01,,G
2022-11-01,,G
2022-12-01,,G
2023-01-01,,G
2023-02-01,,G
2023-03-01,,G
2023-04-01,,G
2023-05-01,,G
2023-06-01,,G
2023-07-01,,G
2023-08-01,,G
2023-09-01,,G
2023-10-01,,G
