term,vintage_year,mob,n_active,pct_active,pct_prepaid,pct_defaulted,total_loans
36,2007,0,251,1.0,0.0,0.0,251
36,2007,1,251,1.0,0.0,0.0,251
36,2007,2,251,1.0,0.0,0.0,251
36,2007,3,248,0.9880478087649402,0.01195219123505976,0.0,251
36,2007,4,247,0.9840637450199203,0.01593625498007968,0.0,251
36,2007,5,246,0.9800796812749004,0.0199203187250996,0.0,251
36,2007,6,242,0.9641434262948207,0.035856573705179286,0.0,251
36,2007,7,231,0.9203187250996016,0.06374501992031872,0.01593625498007968,251
36,2007,8,225,0.896414342629482,0.08366533864541832,0.0199203187250996,251
36,2007,9,218,0.8685258964143426,0.10756972111553785,0.02390438247011952,251
36,2007,10,213,0.848605577689243,0.11155378486055777,0.0398406374501992,251
36,2007,11,208,0.8286852589641435,0.12749003984063745,0.043824701195219126,251
36,2007,12,206,0.8207171314741036,0.13545816733067728,0.043824701195219126,251
36,2007,13,202,0.8047808764940239,0.14741035856573706,0.04780876494023904,251
36,2007,14,200,0.796812749003984,0.1553784860557769,0.04780876494023904,251
36,2007,15,192,0.7649402390438247,0.16733067729083664,0.06772908366533864,251
36,2007,16,189,0.7529880478087649,0.17131474103585656,0.07569721115537849,251
36,2007,17,189,0.7529880478087649,0.17131474103585656,0.07569721115537849,251
36,2007,18,186,0.7410358565737052,0.17131474103585656,0.08764940239043825,251
36,2007,19,180,0.7171314741035857,0.18725099601593626,0.09561752988047809,251
36,2007,20,173,0.6892430278884463,0.20318725099601595,0.10756972111553785,251
36,2007,21,171,0.6812749003984063,0.20318725099601595,0.11553784860557768,251
36,2007,22,169,0.6733067729083665,0.20717131474103587,0.11952191235059761,251
36,2007,23,167,0.6653386454183267,0.2151394422310757,0.11952191235059761,251
36,2007,24,163,0.649402390438247,0.22709163346613545,0.12350597609561753,251
36,2007,25,161,0.6414342629482072,0.2350597609561753,0.12350597609561753,251
36,2007,26,158,0.6294820717131474,0.2350597609561753,0.13545816733067728,251
36,2007,27,152,0.6055776892430279,0.250996015936255,0.14342629482071714,251
36,2007,28,148,0.5896414342629482,0.26294820717131473,0.14741035856573706,251
36,2007,29,142,0.5657370517928287,0.2749003984063745,0.1553784860557769,251
36,2007,30,138,0.549800796812749,0.2749003984063745,0.1593625498007968,251
36,2007,31,131,0.5219123505976095,0.2749003984063745,0.17131474103585656,251
36,2007,32,126,0.50199203187251,0.2749003984063745,0.17131474103585656,251
36,2007,33,123,0.4900398406374502,0.2749003984063745,0.17131474103585656,251
36,2007,34,121,0.4820717131474104,0.2749003984063745,0.17131474103585656,251
36,2007,35,114,0.4541832669322709,0.2749003984063745,0.17131474103585656,251
36,2007,36,0,0.0,0.2749003984063745,0.17928286852589642,251
36,2008,0,1561,1.0,0.0,0.0,1561
36,2008,1,1548,0.9916720051249199,0.0064061499039077515,0.0019218449711723255,1561
36,2008,2,1537,0.9846252402306214,0.011531069827033953,0.003843689942344651,1561
36,2008,3,1519,0.9730941704035875,0.019218449711723255,0.007687379884689302,1561
36,2008,4,1497,0.9590006406149904,0.028827674567584883,0.012171684817424727,1561
36,2008,5,1477,0.9461883408071748,0.037155669442664956,0.016655989750160152,1561
36,2008,6,1460,0.9352978859705318,0.042921204356181936,0.021780909673286355,1561
36,2008,7,1441,0.923126201153107,0.05060858424087124,0.02626521460602178,1561
36,2008,8,1415,0.9064702114029468,0.060858424087123636,0.03267136450992953,1561
36,2008,9,1399,0.8962203715566944,0.06598334401024984,0.03779628443305574,1561
36,2008,10,1385,0.8872517616912236,0.06982703395259449,0.042921204356181936,1561
36,2008,11,1363,0.8731582319026265,0.07687379884689302,0.049967969250480464,1561
36,2008,12,1329,0.8513773222293401,0.0903267136450993,0.05829596412556054,1561
36,2008,13,1306,0.8366431774503523,0.09993593850096093,0.06342088404868675,1561
36,2008,14,1280,0.8199871877001922,0.10954516335682254,0.07046764894298527,1561
36,2008,15,1256,0.8046124279308136,0.11787315823190263,0.07751441383728379,1561
36,2008,16,1234,0.7905188981422165,0.1262011531069827,0.08327994875080078,1561
36,2008,17,1204,0.7713004484304933,0.13837283792440744,0.0903267136450993,1561
36,2008,18,1181,0.7565663036515055,0.1473414477898783,0.09609224855861627,1561
36,2008,19,1158,0.7418321588725176,0.15631005765534914,0.10185778347213324,1561
36,2008,20,1140,0.7303010890454836,0.16399743754003843,0.1057014734144779,1561
36,2008,21,1108,0.7098014093529789,0.17680973734785393,0.1133888532991672,1561
36,2008,22,1077,0.6899423446508648,0.18834080717488788,0.12171684817424727,1561
36,2008,23,1058,0.6777706598334401,0.19666880204996798,0.12556053811659193,1561
36,2008,24,1026,0.6572709801409353,0.2114029468289558,0.1313260730301089,1561
36,2008,25,1001,0.6412556053811659,0.22229340166559897,0.1364509929532351,1561
36,2008,26,975,0.6245996156310057,0.23638693145419604,0.13901345291479822,1561
36,2008,27,946,0.6060217809096733,0.25432415118513774,0.13965406790518897,1561
36,2008,28,914,0.5855221012171685,0.2729019859064702,0.14157591287636132,1561
36,2008,29,892,0.5714285714285714,0.2729019859064702,0.1447789878283152,1561
36,2008,30,868,0.5560538116591929,0.2729019859064702,0.1467008327994875,1561
36,2008,31,836,0.535554131966688,0.2729019859064702,0.1473414477898783,1561
36,2008,32,816,0.5227418321588725,0.2729019859064702,0.1492632927610506,1561
36,2008,33,791,0.5067264573991032,0.2729019859064702,0.1518257527226137,1561
36,2008,34,753,0.4823830877642537,0.2729019859064702,0.15502882767456758,1561
36,2008,35,717,0.45932094811018576,0.2729019859064702,0.15631005765534914,1561
36,2008,36,0,0.0,0.2729019859064702,0.15759128763613067,1561
36,2009,0,4704,1.0,0.0,0.0,4704
36,2009,1,4657,0.9900085034013606,0.00744047619047619,0.002551020408163265,4704
36,2009,2,4581,0.9738520408163265,0.020620748299319726,0.0055272108843537416,4704
36,2009,3,4532,0.9634353741496599,0.02699829931972789,0.009566326530612245,4704
36,2009,4,4475,0.9513180272108843,0.03358843537414966,0.015093537414965986,4704
36,2009,5,4426,0.9409013605442177,0.03932823129251701,0.019770408163265307,4704
36,2009,6,4361,0.9270833333333334,0.04889455782312925,0.024022108843537414,4704
36,2009,7,4298,0.9136904761904762,0.05654761904761905,0.02976190476190476,4704
36,2009,8,4222,0.8975340136054422,0.06738945578231292,0.035076530612244895,4704
36,2009,9,4164,0.8852040816326531,0.07525510204081633,0.039540816326530615,4704
36,2009,10,4112,0.8741496598639455,0.0820578231292517,0.04379251700680272,4704
36,2009,11,4040,0.858843537414966,0.09141156462585034,0.04974489795918367,4704
36,2009,12,3976,0.8452380952380952,0.10140306122448979,0.05335884353741496,4704
36,2009,13,3910,0.8312074829931972,0.11203231292517007,0.056760204081632654,4704
36,2009,14,3843,0.8169642857142857,0.12223639455782313,0.060799319727891155,4704
36,2009,15,3761,0.79953231292517,0.13626700680272108,0.06420068027210885,4704
36,2009,16,3681,0.7825255102040817,0.14902210884353742,0.06845238095238096,4704
36,2009,17,3571,0.7591411564625851,0.1683673469387755,0.07249149659863946,4704
36,2009,18,3487,0.7412840136054422,0.1834608843537415,0.07525510204081633,4704
36,2009,19,3393,0.7213010204081632,0.1989795918367347,0.07971938775510204,4704
36,2009,20,3287,0.6987670068027211,0.21704931972789115,0.08418367346938775,4704
36,2009,21,3202,0.6806972789115646,0.23129251700680273,0.08801020408163265,4704
36,2009,22,3121,0.6634778911564626,0.2463860544217687,0.09013605442176871,4704
36,2009,23,3044,0.6471088435374149,0.25977891156462585,0.09311224489795919,4704
36,2009,24,2955,0.6281887755102041,0.27465986394557823,0.09715136054421769,4704
36,2009,25,2861,0.6082057823129252,0.2918792517006803,0.09991496598639456,4704
36,2009,26,2780,0.5909863945578231,0.30739795918367346,0.1016156462585034,4704
36,2009,27,2671,0.5678146258503401,0.32653061224489793,0.1056547619047619,4704
36,2009,28,2572,0.5467687074829932,0.3450255102040816,0.10820578231292517,4704
36,2009,29,2495,0.5303996598639455,0.3450255102040816,0.11075680272108844,4704
36,2009,30,2415,0.5133928571428571,0.3450255102040816,0.11203231292517007,4704
36,2009,31,2301,0.48915816326530615,0.3450255102040816,0.11394557823129252,4704
36,2009,32,2204,0.4685374149659864,0.3450255102040816,0.11628401360544217,4704
36,2009,33,2110,0.44855442176870747,0.3450255102040816,0.11798469387755102,4704
36,2009,34,2014,0.4281462585034014,0.3450255102040816,0.12074829931972789,4704
36,2009,35,1940,0.41241496598639454,0.3450255102040816,0.1209608843537415,4704
36,2009,36,0,0.0,0.3450255102040816,0.12372448979591837,4704
36,2010,0,8450,1.0,0.0,0.0,8450
36,2010,1,8400,0.9940828402366864,0.0053254437869822485,0.000591715976331361,8450
36,2010,2,8311,0.9835502958579881,0.013846153846153847,0.0026035502958579883,8450
36,2010,3,8247,0.9759763313609467,0.019171597633136094,0.0048520710059171595,8450
36,2010,4,8158,0.9654437869822485,0.02710059171597633,0.007455621301775148,8450
36,2010,5,8061,0.9539644970414202,0.03467455621301775,0.01136094674556213,8450
36,2010,6,7965,0.942603550295858,0.043076923076923075,0.014319526627218936,8450
36,2010,7,7847,0.9286390532544379,0.05301775147928994,0.018343195266272188,8450
36,2010,8,7730,0.914792899408284,0.06331360946745562,0.021893491124260357,8450
36,2010,9,7613,0.9009467455621302,0.07396449704142012,0.025088757396449703,8450
36,2010,10,7472,0.8842603550295858,0.08698224852071006,0.028757396449704143,8450
36,2010,11,7317,0.8659171597633136,0.10142011834319527,0.03266272189349113,8450
36,2010,12,7164,0.847810650887574,0.11538461538461539,0.03680473372781065,8450
36,2010,13,7027,0.8315976331360947,0.12863905325443786,0.03976331360946746,8450
36,2010,14,6918,0.818698224852071,0.13846153846153847,0.04284023668639053,8450
36,2010,15,6777,0.8020118343195266,0.1523076923076923,0.04568047337278106,8450
36,2010,16,6613,0.782603550295858,0.16745562130177516,0.04994082840236686,8450
36,2010,17,6486,0.7675739644970414,0.18,0.05242603550295858,8450
36,2010,18,6350,0.7514792899408284,0.19349112426035503,0.05502958579881657,8450
36,2010,19,6223,0.7364497041420118,0.20615384615384616,0.05739644970414201,8450
36,2010,20,6062,0.717396449704142,0.222603550295858,0.06,8450
36,2010,21,5915,0.7,0.23680473372781066,0.06319526627218935,8450
36,2010,22,5733,0.6784615384615384,0.25479289940828403,0.06674556213017752,8450
36,2010,23,5595,0.6621301775147929,0.2688757396449704,0.06899408284023668,8450
36,2010,24,5415,0.6408284023668639,0.2880473372781065,0.07112426035502958,8450
36,2010,25,5251,0.6214201183431952,0.30532544378698223,0.07325443786982248,8450
36,2010,26,5133,0.6074556213017751,0.3166863905325444,0.07585798816568047,8450
36,2010,27,4891,0.5788165680473373,0.34272189349112425,0.07846153846153846,8450
36,2010,28,4759,0.5631952662721893,0.3557396449704142,0.08106508875739644,8450
36,2010,29,4522,0.5351479289940828,0.36,0.08378698224852071,8450
36,2010,30,4401,0.5208284023668639,0.36,0.0855621301775148,8450
36,2010,31,4153,0.4914792899408284,0.36,0.08899408284023669,8450
36,2010,32,4013,0.4749112426035503,0.36,0.09017751479289941,8450
36,2010,33,3810,0.450887573964497,0.36,0.09171597633136094,8450
36,2010,34,3660,0.4331360946745562,0.36,0.09289940828402367,8450
36,2010,35,3465,0.4100591715976331,0.36,0.09514792899408284,8450
36,2010,36,0,0.0,0.36,0.09775147928994082,8450
36,2011,0,14077,1.0,0.0,0.0,14077
36,2011,1,13984,0.99339347872416,0.0058961426440292675,0.0007103786318107551,14077
36,2011,2,13838,0.983021950699723,0.014065496909852952,0.002912552390424096,14077
36,2011,3,13724,0.9749236342970804,0.01967748810115792,0.005398877601761739,14077
36,2011,4,13579,0.9646231441358244,0.026994388008808694,0.00838246785536691,14077
36,2011,5,13421,0.9533991617532145,0.03473751509554593,0.011863323151239611,14077
36,2011,6,13248,0.9411096114228884,0.043262058677274985,0.01562832989983661,14077
36,2011,7,13082,0.9293173261348299,0.0519286779853662,0.018753995879803937,14077
36,2011,8,12817,0.9104922923918448,0.06599417489521915,0.023513532712935995,14077
36,2011,9,12623,0.8967109469347162,0.07643674078283726,0.026852312282446545,14077
36,2011,10,12423,0.8825033742985011,0.08695034453363643,0.030546281167862472,14077
36,2011,11,12198,0.8665198550827591,0.0992398948639625,0.034240250053278395,14077
36,2011,12,11933,0.8476948213397741,0.11366058108972082,0.038644597570505076,14077
36,2011,13,11686,0.8301484691340485,0.12786815372593593,0.041983377140015626,14077
36,2011,14,11471,0.8148753285501172,0.140157704056262,0.0449669673936208,14077
36,2011,15,11191,0.7949847268594161,0.15507565532428785,0.049939617816296085,14077
36,2011,16,10994,0.7809902678127442,0.1667969027491653,0.052212829438090504,14077
36,2011,17,10666,0.7576898486893514,0.18590608794487462,0.05640406336577396,14077
36,2011,18,10471,0.7438374653690417,0.19713007032748456,0.05903246430347375,14077
36,2011,19,10203,0.7247993180365134,0.21361085458549406,0.06158982737799247,14077
36,2011,20,9861,0.7005043688285857,0.23392768345528167,0.0655679477161327,14077
36,2011,21,9582,0.6806848050010655,0.25019535412374794,0.06911984087518648,14077
36,2011,22,9284,0.659515521773105,0.268096895645379,0.07238758258151595,14077
36,2011,23,8990,0.6386303899978689,0.2856432478511046,0.0757263621510265,14077
36,2011,24,8694,0.6176031824962706,0.30276337287774385,0.07963344462598565,14077
36,2011,25,8433,0.5990623002060098,0.317965475598494,0.0829722241954962,14077
36,2011,26,8223,0.584144348937984,0.33061021524472545,0.08524543581729062,14077
36,2011,27,7883,0.5599914754564183,0.3507139305249698,0.08929459401861192,14077
36,2011,28,7675,0.5452155999147545,0.36357178376074445,0.09121261632450096,14077
36,2011,29,7292,0.5180080983164026,0.36946792640477377,0.09455139589401151,14077
36,2011,30,7096,0.5040846771329118,0.36946792640477377,0.09554592597854657,14077
36,2011,31,6766,0.4806421822831569,0.36946792640477377,0.09810328905306528,14077
36,2011,32,6506,0.4621723378560773,0.36946792640477377,0.09916885700078142,14077
36,2011,33,6158,0.437451161469063,0.36946792640477377,0.10115791716985154,14077
36,2011,34,5899,0.41905235490516446,0.36946792640477377,0.10243659870711089,14077
36,2011,35,5604,0.39809618526674717,0.36946792640477377,0.10350216665482702,14077
36,2011,36,0,0.0,0.36946792640477377,0.10478084819208638,14077
36,2012,0,43418,0.999976968608213,2.3031391787005687e-05,0.0,43419
36,2012,1,43029,0.9910177572030677,0.007669453465072894,0.0013127893318593243,43419
36,2012,2,42692,0.9832561781708469,0.012989704967871208,0.0037541168612819273,43419
36,2012,3,42316,0.9745963748589327,0.01890877265713167,0.006494852483935604,43419
36,2012,4,41860,0.9640940602040581,0.025288468182132245,0.010617471613809623,43419
36,2012,5,41369,0.9527856468366384,0.03270457633754808,0.014509776825813584,43419
36,2012,6,40848,0.9407862917156083,0.04065040650406504,0.018563301780326585,43419
36,2012,7,40285,0.9278196181395242,0.04921808424883116,0.022962297611644672,43419
36,2012,8,39558,0.911075796310371,0.06087196849305603,0.02805223519657293,43419
36,2012,9,38821,0.8941016605633478,0.07275616665515097,0.03314217278150119,43419
36,2012,10,38088,0.8772196503834727,0.0841797369815058,0.038600612635021535,43419
36,2012,11,37263,0.858218752159193,0.097192473341164,0.04458877449964301,43419
36,2012,12,36418,0.8387572260991731,0.11110343398051545,0.05013933992031139,43419
36,2012,13,35643,0.8209078974642438,0.12407010755659964,0.055021994979156594,43419
36,2012,14,34839,0.8023906584674911,0.137658628710933,0.05995071282157581,43419
36,2012,15,34072,0.7847255809668578,0.1509938045556093,0.06428061447753287,43419
36,2012,16,33321,0.7674290057348165,0.16409866648241553,0.06847232778276792,43419
36,2012,17,32455,0.7474838204472696,0.1793684792372003,0.07314770031553007,43419
36,2012,18,31542,0.7264561597457334,0.19523710817844722,0.07830673207581934,43419
36,2012,19,30773,0.708745019461526,0.2089868490752896,0.08226813146318432,43419
36,2012,20,29812,0.6866118519542136,0.22621433013196987,0.08717381791381654,43419
36,2012,21,28939,0.6665054469241576,0.24203689628964278,0.09145765678619959,43419
36,2012,22,27901,0.6425988622492457,0.26124507704000555,0.09615606071074875,43419
36,2012,23,27025,0.6224233630438287,0.2781270872198807,0.09944954973629057,43419
36,2012,24,26018,0.599230751514314,0.29735829936203045,0.10341094912365555,43419
36,2012,25,25065,0.5772818351412976,0.315599161657339,0.10711900320136346,43419
36,2012,26,24188,0.5570833045440936,0.3328036113222322,0.1101130841336742,43419
36,2012,27,23214,0.53465072894355,0.3516893525875769,0.11365991846887308,43419
36,2012,28,22311,0.513853382159884,0.36928533591284923,0.11686128192726686,43419
36,2012,29,21393,0.4927105644994127,0.36928533591284923,0.11985536285957761,43419
36,2012,30,20406,0.4699785808056381,0.36928533591284923,0.12303369492618439,43419
36,2012,31,19433,0.4475690365968816,0.36928533591284923,0.12545199106382,43419
36,2012,32,18466,0.42529768073884705,0.36928533591284923,0.1278933185932426,43419
36,2012,33,17575,0.40477671065662496,0.36928533591284923,0.13012736359658214,43419
36,2012,34,16716,0.3849927451115871,0.36928533591284923,0.13206200050669062,43419
36,2012,35,15938,0.36707432230129666,0.36928533591284923,0.133536009581059,43419
36,2012,36,0,0.0,0.36928533591284923,0.1347797047375573,43419
36,2013,0,100340,0.9999800681668694,1.993183313069303e-05,0.0,100342
36,2013,1,99402,0.9906320384285743,0.008152119750453449,0.0012158418209722748,100342
36,2013,2,98541,0.982051384265811,0.014829283849235615,0.003119331884953459,100342
36,2013,3,97588,0.9725538657790357,0.021835323194674214,0.0056108110262900876,100342
36,2013,4,96530,0.962009926052899,0.02970839728129796,0.008281676665802954,100342
36,2013,5,95414,0.9508879631659723,0.0378804488648821,0.011231587969145522,100342
36,2013,6,94009,0.9368858503916605,0.04821510434314644,0.014899045265193039,100342
36,2013,7,92633,0.9231727491977437,0.058181020908492954,0.01864622989376333,100342
36,2013,8,90645,0.9033605070658348,0.07336907775408104,0.023270415180084113,100342
36,2013,9,88831,0.8852823344162962,0.08732136094556617,0.02739630463813757,100342
36,2013,10,87007,0.8671045026011043,0.10131350780331268,0.03158198959558311,100342
36,2013,11,84818,0.8452891112395607,0.11819577046500966,0.03651511829542963,100342
36,2013,12,82664,0.8238225269578043,0.13468936238065815,0.04148811066153754,100342
36,2013,13,80550,0.8027545793386618,0.15081421538338882,0.04643120527794941,100342
36,2013,14,78396,0.7812879950569054,0.16772637579478183,0.05098562914831277,100342
36,2013,15,76281,0.7602100815211975,0.18420003587729963,0.05558988260150286,100342
36,2013,16,74025,0.7377269737497758,0.20224831077714217,0.06002471547308206,100342
36,2013,17,71703,0.7145861154850411,0.22073508600585995,0.06467879850909888,100342
36,2013,18,69417,0.691804030216659,0.2387634290725718,0.06943254071076917,100342
36,2013,19,67364,0.6713440035080026,0.2557553168164876,0.07290067967550976,100342
36,2013,20,64816,0.6459508480994998,0.2764246277730163,0.07762452412748401,100342
36,2013,21,62751,0.6253712303920591,0.29306770843714497,0.08156106117079588,100342
36,2013,22,60192,0.5998684499013375,0.3142253493053756,0.08590620079328695,100342
36,2013,23,57855,0.5765781028881226,0.3336987502740627,0.08972314683781467,100342
36,2013,24,55350,0.5516134818919296,0.3544577544796795,0.09392876362839091,100342
36,2013,25,53034,0.5285324191265871,0.37392118953180126,0.0975463913416117,100342
36,2013,26,50808,0.5063482888521257,0.3930059197544398,0.10064579139343445,100342
36,2013,27,48654,0.48488170457036933,0.4112933766518507,0.10382491877778,100342
36,2013,28,46498,0.4633951884554823,0.4299794702118754,0.10662534133264236,100342
36,2013,29,44415,0.44263618424986545,0.4299794702118754,0.10949552530346215,100342
36,2013,30,42343,0.42198680512646747,0.4299794702118754,0.1122261864423671,100342
36,2013,31,40239,0.4010185166729784,0.4299794702118754,0.11477746108309582,100342
36,2013,32,38269,0.38138566103924576,0.4299794702118754,0.11695003089434135,100342
36,2013,33,36400,0.36275936297861316,0.4299794702118754,0.11892328237427996,100342
36,2013,34,34525,0.3440732694185884,0.4299794702118754,0.12057762452412749,100342
36,2013,35,32357,0.3224671623049172,0.4299794702118754,0.12170377309601164,100342
36,2013,36,0,0.0,0.4299794702118754,0.12256084192063144,100342
36,2014,0,162451,0.9998399773506405,0.00016002264935960166,0.0,162477
36,2014,1,160828,0.9898508712002314,0.009078207992515864,0.0010709208072527188,162477
36,2014,2,159392,0.981012697181755,0.016180751737168955,0.0028065510810760907,162477
36,2014,3,157708,0.9706481532770792,0.02404648042492168,0.005305366297999102,162477
36,2014,4,155789,0.958837250810884,0.03270001292490629,0.008462736264209703,162477
36,2014,5,153640,0.9456107633695846,0.042492168122257305,0.011897068508158078,162477
36,2014,6,150871,0.928568351212787,0.05512164798709971,0.016310000800113248,162477
36,2014,7,148218,0.9122398862608246,0.06764034294084702,0.020119770798328378,162477
36,2014,8,144219,0.8876271718458613,0.0873908307021917,0.024981997451947045,162477
36,2014,9,140895,0.8671688915969645,0.10326384657520757,0.02956726182782794,162477
36,2014,10,137722,0.8476399736578101,0.11814595296565052,0.03421407337653945,162477
36,2014,11,133706,0.8229226290490347,0.13672088972593044,0.04035648122503493,162477
36,2014,12,129744,0.7985376391735446,0.15544353970100383,0.0460188211254516,162477
36,2014,13,125885,0.7747865851782099,0.17400001230943457,0.051213402512355594,162477
36,2014,14,122029,0.7510539953347243,0.19264265095982816,0.05630335370544754,162477
36,2014,15,118343,0.7283677074293592,0.21033746314863028,0.0612948294220105,162477
36,2014,16,114380,0.703976562836586,0.22949709805080104,0.06652633911261287,162477
36,2014,17,110593,0.6806686484856318,0.24793047631357054,0.07140087520079764,162477
36,2014,18,107044,0.6588255568480462,0.26496673375308505,0.07620770939886877,162477
36,2014,19,103816,0.6389581294583233,0.28040276469900355,0.08063910584267311,162477
36,2014,20,99707,0.6136683961422232,0.3006887128639746,0.0856428909938022,162477
36,2014,21,96477,0.5937886593179342,0.31622937400370515,0.08998196667836063,162477
36,2014,22,92592,0.56987758267324,0.33512435606270424,0.09499806126405584,162477
36,2014,23,89334,0.5498255137650252,0.35093582476288954,0.09923866147208528,162477
36,2014,24,85668,0.5272623202053214,0.3684521501504828,0.1042855296441958,162477
36,2014,25,82107,0.505345371960339,0.3862946755540784,0.10835995248558257,162477
36,2014,26,79467,0.48909691833305635,0.3993242120423198,0.1115788696246238,162477
36,2014,27,75727,0.46607827569440596,0.41823765825316817,0.11568406605242589,162477
36,2014,28,73608,0.4530364297715984,0.4290638059540735,0.11789976427432806,162477
36,2014,29,69011,0.42474319442136427,0.43579091194445985,0.12234347015269853,162477
36,2014,30,66901,0.41175674095410425,0.43579091194445985,0.12418373062033396,162477
36,2014,31,62849,0.3868178265231387,0.43579091194445985,0.1275257421050364,162477
36,2014,32,59730,0.3676212633172695,0.43579091194445985,0.12958757239486204,162477
36,2014,33,55917,0.3441533263169556,0.43579091194445985,0.1322402555438616,162477
36,2014,34,52657,0.3240889479741748,0.43579091194445985,0.13375431599549475,162477
36,2014,35,47934,0.29502021824627483,0.43579091194445985,0.13540378022735525,162477
36,2014,36,0,0.0,0.43579091194445985,0.13677012746419492,162477
36,2015,0,282130,0.9975391229943499,0.002457341262825907,3.535742824209938e-06,282826
36,2015,1,279058,0.9866773210383769,0.012177098286579027,0.00114558067504402,282826
36,2015,2,276189,0.9765332748757186,0.020351735696152406,0.0031149894281289558,282826
36,2015,3,272909,0.96493603841231,0.02919109275667725,0.005872868831012707,282826
36,2015,4,269298,0.952168471074088,0.0386704192683841,0.00916110965752795,282826
36,2015,5,265156,0.9375234242962104,0.0491680397134634,0.013308535990326208,282826
36,2015,6,260600,0.9214145799891099,0.06071224003450885,0.01787317997638124,282826
36,2015,7,256111,0.9055426304512315,0.07187811587336383,0.022579253675404667,282826
36,2015,8,250196,0.8846287116460297,0.08679541484870557,0.02857587350526472,282826
36,2015,9,245311,0.8673566079497642,0.09884169065078882,0.03380170139944701,282826
36,2015,10,240171,0.8491828898333251,0.11150672144710883,0.039310388719566096,282826
36,2015,11,233912,0.8270526754965951,0.12725491998613989,0.045692404517265035,282826
36,2015,12,227665,0.8049648900737556,0.1430172614964678,0.05201784842977661,282826
36,2015,13,221110,0.7817880958610595,0.1601726856795344,0.058039218459406135,282826
36,2015,14,215995,0.7637027713152256,0.1733998995849038,0.06289732909987059,282826
36,2015,15,208547,0.73736855876051,0.19263787629143006,0.06999356494805994,282826
36,2015,16,204090,0.7216097529930063,0.20417146938400288,0.07421877762299081,282826
36,2015,17,195693,0.6919201204981155,0.22656332868972442,0.08151655081216012,282826
36,2015,18,191374,0.6766492472403527,0.23796609929780146,0.0853846534618458,282826
36,2015,19,185264,0.65504585858443,0.2546159122570061,0.09033822915856392,282826
36,2015,20,177358,0.6270922758162263,0.2763925523113151,0.09651517187245869,282826
36,2015,21,171031,0.6047216309674499,0.29416673148861844,0.1011116375439316,282826
36,2015,22,164122,0.5802931837949835,0.31369817484955415,0.10600864135546237,282826
36,2015,23,157223,0.5559000940507591,0.3330987957259941,0.1110011102232468,282826
36,2015,24,150540,0.5322707247565641,0.3522908077758056,0.11543846746763027,282826
36,2015,25,144129,0.5096030775105542,0.37097720860175515,0.11941971388769067,282826
36,2015,26,139363,0.49275172721036964,0.3849221783004391,0.12232609448919124,282826
36,2015,27,132238,0.4675595595878738,0.4060482416750935,0.12639219873703267,282826
36,2015,28,127863,0.45209068473195535,0.41902795358276823,0.12888136168527645,282826
36,2015,29,120362,0.4255690778075566,0.4242997461336652,0.13287321533380947,282826
36,2015,30,116507,0.41193878922022725,0.4242997461336652,0.134902731714906,282826
36,2015,31,109432,0.386923408738942,0.4242997461336652,0.13809197174234336,282826
36,2015,32,104024,0.3678021115456146,0.4242997461336652,0.14024170337946298,282826
36,2015,33,97310,0.3440631342238691,0.4242997461336652,0.14281925989831204,282826
36,2015,34,91346,0.322975964020281,0.4242997461336652,0.14463309596713173,282826
36,2015,35,82761,0.2926216118744387,0.4242997461336652,0.14631964529427988,282826
36,2015,36,0,0.0,0.4242997461336652,0.14826076810477112,282826
36,2016,0,230044,0.9917613330171801,0.008238666982819944,0.0,231955
36,2016,1,225608,0.9726369338880386,0.02531525511413852,0.0020478109978228536,231955
36,2016,2,221732,0.9559267961458041,0.03830915479295553,0.0057640490612403264,231955
36,2016,3,217504,0.9376991226746567,0.0516307042314242,0.010670173093919079,231955
36,2016,4,212661,0.9168200728589597,0.0664784117609019,0.01670151538013839,231955
36,2016,5,207118,0.892923196309629,0.08317130477894419,0.023905498911426785,231955
36,2016,6,201283,0.8677674548942683,0.10022202582397448,0.03201051928175724,231955
36,2016,7,195335,0.8421245500204781,0.11791080166411588,0.039964648315406005,231955
36,2016,8,187982,0.8104244357741803,0.13998404863012223,0.04959151559569744,231955
36,2016,9,181600,0.7829104783255373,0.15903084650039878,0.058058675174063934,231955
36,2016,10,175808,0.7579401176952426,0.17658166454700266,0.06547821775775474,231955
36,2016,11,167723,0.7230842189217737,0.20089672565799402,0.07601905542023238,231955
36,2016,12,159391,0.6871634584294367,0.22660860942855296,0.0862279321420103,231955
36,2016,13,151643,0.65376042766916,0.2508848699101119,0.09535470242072816,231955
36,2016,14,143825,0.6200556142355198,0.27572158392791707,0.10422280183656313,231955
36,2016,15,136517,0.5885495031363842,0.298833825526503,0.1126166713371128,231955
36,2016,16,129093,0.556543295035675,0.32261861136858444,0.12083809359574055,231955
36,2016,17,121487,0.523752451984221,0.34722683279084304,0.12902071522493588,231955
36,2016,18,114306,0.4927938608781876,0.3708909055635791,0.13631523355823327,231955
36,2016,19,107736,0.46446940139251147,0.39287361772757645,0.14265698087991205,231955
36,2016,20,99896,0.43066974197581426,0.41953827250975406,0.14979198551443168,231955
36,2016,21,93333,0.4023754607574745,0.44205557112370936,0.15556896811881615,231955
36,2016,22,85823,0.3699984910866332,0.4681468388264965,0.1618546700868703,231955
36,2016,23,79979,0.34480394904184003,0.48887068612446377,0.1663253648336962,231955
36,2016,24,72222,0.3113621176521308,0.5167683386863832,0.17186954366148607,231955
36,2016,25,65675,0.2831368153305598,0.5403160095708219,0.17654717509861825,231955
36,2016,26,59402,0.256092776616154,0.5634110064452157,0.18049621693863033,231955
36,2016,27,53653,0.2313077967709254,0.5846220172016123,0.18407018602746222,231955
36,2016,28,48281,0.20814813218081094,0.6044146493932012,0.1874372184259878,231955
36,2016,29,43440,0.18727770472721003,0.6044146493932012,0.18999374878748032,231955
36,2016,30,38959,0.16795930245090643,0.6044146493932012,0.19219245112198488,231955
36,2016,31,34843,0.1502144812571404,0.6044146493932012,0.19397728007587678,231955
36,2016,32,31472,0.1356814899441702,0.6044146493932012,0.1951973443124744,231955
36,2016,33,28275,0.12189864413356039,0.6044146493932012,0.19600784634950744,231955
36,2016,34,25184,0.10857278351404367,0.6044146493932012,0.1964863874458408,231955
36,2016,35,23176,0.09991593196956307,0.6044146493932012,0.196684701774051,231955
36,2016,36,0,0.0,0.6044146493932012,0.19708133043047144,231955
36,2017,0,126266,0.9856599767374691,0.014332217044097328,7.80621843360421e-06,128103
36,2017,1,121215,0.9462307674293342,0.049631936800855564,0.004137295769810231,128103
36,2017,2,116910,0.9126249970726681,0.07646190955715323,0.010913093370178685,128103
36,2017,3,111948,0.873890541205124,0.10639095103159177,0.01971850776328423,128103
36,2017,4,106459,0.8310422082230705,0.13869308290984597,0.030264708867083517,128103
36,2017,5,100737,0.7863750263459872,0.17132307596231158,0.04230189769170121,128103
36,2017,6,94472,0.7374690678594569,0.20745806109146547,0.055072871049077696,128103
36,2017,7,88142,0.6880557051747422,0.24449076134048384,0.06745353348477397,128103
36,2017,8,80622,0.6293529425540385,0.28883008204335575,0.08181697540260571,128103
36,2017,9,73946,0.5772386282912968,0.3279002053035448,0.09486116640515835,128103
36,2017,10,67203,0.5246012973935037,0.36709522805867156,0.1083034745478248,128103
36,2017,11,59401,0.46369718117452363,0.4128396680795922,0.12346315074588417,128103
36,2017,12,51382,0.40109911555545147,0.4609259736305941,0.13797491081395438,128103
36,2017,13,43763,0.341623537309821,0.5084502314543765,0.14992623123580245,128103
36,2017,14,36116,0.28192938494804964,0.5574108334699421,0.16065978158200822,128103
36,2017,15,29659,0.23152463252226724,0.5989945590657518,0.169480808411981,128103
36,2017,16,23913,0.18667010140277746,0.6359726157857349,0.17735728281148763,128103
36,2017,17,18766,0.14649149512501658,0.6701872711802221,0.18332123369476125,128103
36,2017,18,14549,0.11357267199050763,0.6987970617393816,0.18763026627011076,128103
36,2017,19,11513,0.08987299282608525,0.7193430286566279,0.19078397851728687,128103
36,2017,20,7937,0.06195795570751661,0.7449083940266816,0.19313365026580173,128103
36,2017,21,5964,0.046556286738015505,0.7585380514117546,0.1949056618502299,128103
36,2017,22,3551,0.027719881657728547,0.7764142916247082,0.19586582671756322,128103
36,2017,23,2610,0.020374230111706984,0.7832915700647135,0.19633419982357947,128103
36,2017,24,894,0.006978759279642163,0.7960781558589572,0.19694308486140058,128103
36,2017,25,204,0.0015924685604552587,0.8011443916223664,0.19726313981717836,128103
36,2017,26,0,0.0,0.802611960687884,0.19738803931211604,128103
36,2017,27,0,0.0,0.802611960687884,0.19738803931211604,128103
36,2017,28,0,0.0,0.802611960687884,0.19738803931211604,128103
36,2017,29,0,0.0,0.802611960687884,0.19738803931211604,128103
36,2017,30,0,0.0,0.802611960687884,0.19738803931211604,128103
36,2017,31,0,0.0,0.802611960687884,0.19738803931211604,128103
36,2017,32,0,0.0,0.802611960687884,0.19738803931211604,128103
36,2017,33,0,0.0,0.802611960687884,0.19738803931211604,128103
36,2017,34,0,0.0,0.802611960687884,0.19738803931211604,128103
36,2017,35,0,0.0,0.802611960687884,0.19738803931211604,128103
36,2017,36,0,0.0,0.802611960687884,0.19738803931211604,128103
36,2018,0,39048,0.9544621251008286,0.04539121507662976,0.00014665982254161473,40911
36,2018,1,34451,0.8420962577301948,0.1477353279069199,0.010168414362885288,40911
36,2018,2,30724,0.7509960646280951,0.22319180660458068,0.02581212876732419,40911
36,2018,3,26620,0.6506807460096307,0.3055901835692112,0.043729070421158124,40911
36,2018,4,22377,0.5469678081689521,0.39011512796069514,0.06291706387035272,40911
36,2018,5,18356,0.4486812837623133,0.47043582410598617,0.08088289213170052,40911
36,2018,6,14599,0.35684779154750557,0.5470655813839799,0.09608662706851458,40911
36,2018,7,11601,0.28356676688421206,0.6088826965852705,0.10755053653051747,40911
36,2018,8,8119,0.19845518320256167,0.685952433330889,0.11559238346654933,40911
36,2018,9,6157,0.15049742123145365,0.7288504314243113,0.12065214734423504,40911
36,2018,10,4571,0.11173034147295348,0.7659798098310968,0.12228984869594975,40911
36,2018,11,2568,0.0627704040478111,0.8133509325120384,0.12387866344015057,40911
36,2018,12,978,0.0239055510742832,0.8516535894991567,0.1244408594265601,40911
36,2018,13,226,0.005524186649067488,0.8697171909755322,0.12475862237540027,40911
36,2018,14,0,0.0,0.8751680477133289,0.12483195228667107,40911
36,2018,15,0,0.0,0.8751680477133289,0.12483195228667107,40911
36,2018,16,0,0.0,0.8751680477133289,0.12483195228667107,40911
36,2018,17,0,0.0,0.8751680477133289,0.12483195228667107,40911
36,2018,18,0,0.0,0.8751680477133289,0.12483195228667107,40911
36,2018,19,0,0.0,0.8751680477133289,0.12483195228667107,40911
36,2018,20,0,0.0,0.8751680477133289,0.12483195228667107,40911
36,2018,21,0,0.0,0.8751680477133289,0.12483195228667107,40911
36,2018,22,0,0.0,0.8751680477133289,0.12483195228667107,40911
36,2018,23,0,0.0,0.8751680477133289,0.12483195228667107,40911
36,2018,24,0,0.0,0.8751680477133289,0.12483195228667107,40911
36,2018,25,0,0.0,0.8751680477133289,0.12483195228667107,40911
36,2018,26,0,0.0,0.8751680477133289,0.12483195228667107,40911
36,2018,27,0,0.0,0.8751680477133289,0.12483195228667107,40911
36,2018,28,0,0.0,0.8751680477133289,0.12483195228667107,40911
36,2018,29,0,0.0,0.8751680477133289,0.12483195228667107,40911
36,2018,30,0,0.0,0.8751680477133289,0.12483195228667107,40911
36,2018,31,0,0.0,0.8751680477133289,0.12483195228667107,40911
36,2018,32,0,0.0,0.8751680477133289,0.12483195228667107,40911
36,2018,33,0,0.0,0.8751680477133289,0.12483195228667107,40911
36,2018,34,0,0.0,0.8751680477133289,0.12483195228667107,40911
36,2018,35,0,0.0,0.8751680477133289,0.12483195228667107,40911
36,2018,36,0,0.0,0.8751680477133289,0.12483195228667107,40911
60,2010,0,3066,1.0,0.0,0.0,3066
60,2010,1,3050,0.994781474233529,0.0045662100456621,0.0006523157208088715,3066
60,2010,2,3018,0.9843444227005871,0.012720156555772993,0.0029354207436399216,3066
60,2010,3,2990,0.9752120026092629,0.0182648401826484,0.006523157208088715,3066
60,2010,4,2964,0.9667318982387475,0.02217873450750163,0.011089367253750815,3066
60,2010,5,2933,0.95662100456621,0.02837573385518591,0.015003261578604044,3066
60,2010,6,2899,0.9455316373124593,0.03457273320287019,0.01989562948467058,3066
60,2010,7,2863,0.9337899543378996,0.04174820613176777,0.02446183953033268,3066
60,2010,8,2818,0.9191128506196999,0.04892367906066536,0.0319634703196347,3066
60,2010,9,2780,0.9067188519243313,0.05675146771037182,0.0365296803652968,3066
60,2010,10,2725,0.8887801696020874,0.06653620352250489,0.044683626875407695,3066
60,2010,11,2680,0.8741030658838878,0.07436399217221135,0.051532941943900845,3066
60,2010,12,2643,0.8620352250489237,0.08023483365949119,0.057729941291585124,3066
60,2010,13,2605,0.8496412263535551,0.08708414872798434,0.06327462491846053,3066
60,2010,14,2556,0.8336594911937377,0.09719504240052185,0.06914546640574037,3066
60,2010,15,2526,0.8238747553816047,0.10176125244618395,0.07436399217221135,3066
60,2010,16,2488,0.8114807566862361,0.1086105675146771,0.07990867579908675,3066
60,2010,17,2450,0.7990867579908676,0.11806914546640573,0.08284409654272668,3066
60,2010,18,2413,0.7870189171559034,0.12752772341813437,0.08545335942596216,3066
60,2010,19,2382,0.776908023483366,0.13372472276581865,0.08936725375081539,3066
60,2010,20,2322,0.7573385518590998,0.1470971950424005,0.09556425309849967,3066
60,2010,21,2288,0.746249184605349,0.15492498369210697,0.09882583170254403,3066
60,2010,22,2246,0.7325505544683627,0.16275277234181343,0.10469667318982387,3066
60,2010,23,2212,0.7214611872146118,0.16862361382909327,0.10991519895629484,3066
60,2010,24,2171,0.70808871493803,0.17416829745596868,0.1177429876060013,3066
60,2010,25,2134,0.6960208741030659,0.182648401826484,0.12133072407045009,3066
60,2010,26,2115,0.6898238747553816,0.18460534898891062,0.12557077625570776,3066
60,2010,27,2075,0.6767775603392042,0.19373776908023482,0.12948467058056098,3066
60,2010,28,2048,0.6679712981082844,0.20058708414872797,0.1314416177429876,3066
60,2010,29,1993,0.6500326157860404,0.2146118721461187,0.13535551206784083,3066
60,2010,30,1964,0.6405740378343118,0.22211350293542073,0.13731245923026744,3066
60,2010,31,1917,0.6252446183953033,0.23255055446836267,0.14220482713633398,3066
60,2010,32,1880,0.6131767775603392,0.24135681669928244,0.14546640574037834,3066
60,2010,33,1837,0.5991519895629485,0.25146771037182,0.14938030006523156,3066
60,2010,34,1778,0.5799086757990868,0.26581865622961515,0.1542726679712981,3066
60,2010,35,1743,0.5684931506849316,0.2746249184605349,0.15688193085453359,3066
60,2010,36,1695,0.5528375733855186,0.28701891715590344,0.16014350945857794,3066
60,2010,37,1653,0.5391389432485323,0.29778212654924985,0.16307893020221786,3066
60,2010,38,1617,0.5273972602739726,0.3062622309197652,0.16634050880626222,3066
60,2010,39,1576,0.5140247879973907,0.3150684931506849,0.17090671885192432,3066
60,2010,40,1536,0.5009784735812133,0.3268101761252446,0.17221135029354206,3066
60,2010,41,1495,0.48760600130463144,0.33724722765818654,0.175146771037182,3066
60,2010,42,1452,0.4735812133072407,0.3476842791911285,0.17873450750163078,3066
60,2010,43,1414,0.4611872146118721,0.3587736464448793,0.18003913894324852,3066
60,2010,44,1379,0.4497716894977169,0.3675799086757991,0.182648401826484,3066
60,2010,45,1333,0.43476842791911285,0.38030006523157206,0.18493150684931506,3066
60,2010,46,1286,0.41943900848010435,0.3930202217873451,0.18754076973255054,3066
60,2010,47,1237,0.403457273320287,0.4063926940639269,0.19015003261578603,3066
60,2010,48,1193,0.38910632746249185,0.4063926940639269,0.19145466405740377,3066
60,2010,49,1156,0.3770384866275277,0.4063926940639269,0.19308545335942595,3066
60,2010,50,1112,0.36268754076973253,0.4063926940639269,0.19602087410306587,3066
60,2010,51,1072,0.3496412263535551,0.4063926940639269,0.1989562948467058,3066
60,2010,52,1033,0.33692106979778214,0.4063926940639269,0.1999347684279191,3066
60,2010,53,983,0.32061317677756035,0.4063926940639269,0.20189171559034572,3066
60,2010,54,939,0.3062622309197652,0.4063926940639269,0.20287018917155902,3066
60,2010,55,910,0.2968036529680365,0.4063926940639269,0.20482713633398564,3066
60,2010,56,863,0.28147423352902806,0.4063926940639269,0.20645792563600782,3066
60,2010,57,820,0.2674494455316373,0.4063926940639269,0.2071102413568167,3066
60,2010,58,782,0.25505544683626874,0.4063926940639269,0.20776255707762556,3066
60,2010,59,752,0.24527071102413567,0.4063926940639269,0.20808871493803,3066
60,2010,60,0,0.0,0.4063926940639269,0.2090671885192433,3066
60,2011,0,7606,1.0,0.0,0.0,7606
60,2011,1,7523,0.9890875624506968,0.009203260583749671,0.0017091769655535104,7606
60,2011,2,7440,0.9781751249013937,0.016039968445963712,0.00578490665264265,7606
60,2011,3,7354,0.9668682618985012,0.022482250854588482,0.010649487246910333,7606
60,2011,4,7251,0.9533263213252695,0.02984485932158822,0.016828819353142257,7606
60,2011,5,7169,0.9425453589271627,0.035366815671838026,0.02208782540099921,7606
60,2011,6,7068,0.929266368656324,0.042203523534052066,0.02853010780962398,7606
60,2011,7,6963,0.9154614777806994,0.049697607152248226,0.03484091506705233,7606
60,2011,8,6860,0.9019195372074678,0.05706021561924796,0.04102024717328425,7606
60,2011,9,6765,0.8894293978438075,0.0644228240862477,0.04614777806994478,7606
60,2011,10,6653,0.8747041809098081,0.07165395740205101,0.05364186168814094,7606
60,2011,11,6533,0.8589271627662372,0.08085721798580069,0.060215619247962135,7606
60,2011,12,6411,0.8428871943202735,0.08900867735997896,0.06810412831974756,7606
60,2011,13,6296,0.8277675519326847,0.09597686037338943,0.07625558769392585,7606
60,2011,14,6215,0.8171180646857744,0.10255061793321062,0.08033131738101498,7606
60,2011,15,6080,0.7993689192742571,0.11227977912174598,0.08835130160399685,7606
60,2011,16,5995,0.7881935314225611,0.1195109124375493,0.09229555613988956,7606
60,2011,17,5857,0.7700499605574547,0.13016039968445964,0.09978963975808572,7606
60,2011,18,5788,0.7609781751249014,0.13555088088351303,0.10347094399158559,7606
60,2011,19,5679,0.7466473836444912,0.14475414146726268,0.10859847488824612,7606
60,2011,20,5546,0.7291611885353668,0.15500920326058376,0.11582960820404943,7606
60,2011,21,5448,0.7162766237181173,0.16158296082040494,0.12214041546147777,7606
60,2011,22,5327,0.70036813042335,0.17144359716013674,0.1281882724165133,7606
60,2011,23,5214,0.6855114383381541,0.18077833289508283,0.13371022876676308,7606
60,2011,24,5092,0.6694714698921904,0.19155929529318957,0.13896923481462004,7606
60,2011,25,4974,0.6539574020510124,0.20194583223770707,0.14409676571128058,7606
60,2011,26,4889,0.6427820141993164,0.20865106494872468,0.14856692085195897,7606
60,2011,27,4767,0.6267420457533526,0.21995792795161714,0.15330002629503023,7606
60,2011,28,4701,0.6180646857743887,0.22613726005784907,0.1557980541677623,7606
60,2011,29,4561,0.5996581646068893,0.23928477517749144,0.16105706021561925,7606
60,2011,30,4489,0.5901919537207467,0.2461214830397055,0.16368656323954772,7606
60,2011,31,4364,0.5737575598211938,0.2595319484617407,0.16671049171706548,7606
60,2011,32,4257,0.5596897186431764,0.27018143570865105,0.1701288456481725,7606
60,2011,33,4149,0.5454904023139626,0.2813568235603471,0.17315277412569025,7606
60,2011,34,4032,0.5301078096239811,0.29266368656323954,0.17722850381277938,7606
60,2011,35,3905,0.5134104654220353,0.30370759926373914,0.1828819353142256,7606
60,2011,36,3792,0.4985537733368393,0.3156718380226137,0.18577438864054693,7606
60,2011,37,3675,0.48317118064685777,0.3271101761767026,0.18971864317643966,7606
60,2011,38,3567,0.468971864317644,0.3374967131212201,0.19353142256113595,7606
60,2011,39,3455,0.4542466473836445,0.34840915067052325,0.19734420194583224,7606
60,2011,40,3346,0.4399158559032343,0.3595845385222193,0.2004996055745464,7606
60,2011,41,3253,0.4276886668419669,0.36865632395477255,0.20365500920326057,7606
60,2011,42,3146,0.41362082566394953,0.38088351301603995,0.20549566132001051,7606
60,2011,43,3055,0.40165658690507494,0.3903497239021825,0.20799368919274258,7606
60,2011,44,2963,0.38956087299500397,0.40021036024191425,0.21022876676308178,7606
60,2011,45,2847,0.37430975545621875,0.4124375493031817,0.21325269524059953,7606
60,2011,46,2751,0.3616881409413621,0.42321851170128844,0.21509334735734947,7606
60,2011,47,2641,0.34722587430975543,0.4354457007625559,0.21732842492768867,7606
60,2011,48,2532,0.33289508282934527,0.4367604522745201,0.2196949776492243,7606
60,2011,49,2426,0.3189587168025243,0.4367604522745201,0.2214041546147778,7606
60,2011,50,2315,0.30436497501972126,0.4367604522745201,0.2231133315803313,7606
60,2011,51,2200,0.28924533263213253,0.4367604522745201,0.2252169339994741,7606
60,2011,52,2124,0.2792532211412043,0.4367604522745201,0.22705758611622404,7606
60,2011,53,2040,0.26820930844070473,0.4367604522745201,0.22837233762818826,7606
60,2011,54,1955,0.2570339205890087,0.4367604522745201,0.22955561398895608,7606
60,2011,55,1887,0.24809361030765184,0.4367604522745201,0.2307388903497239,7606
60,2011,56,1796,0.23612937154877728,0.4367604522745201,0.23139626610570602,7606
60,2011,57,1719,0.22600578490665263,0.4367604522745201,0.232316592164081,7606
60,2011,58,1620,0.2129897449382067,0.4367604522745201,0.23323691822245596,7606
60,2011,59,1525,0.2004996055745464,0.4367604522745201,0.2340257691296345,7606
60,2011,60,0,0.0,0.4367604522745201,0.23455166973442018,7606
60,2012,0,9888,1.0,0.0,0.0,9888
60,2012,1,9788,0.9898867313915858,0.008191747572815534,0.0019215210355987054,9888
60,2012,2,9688,0.9797734627831716,0.014866504854368932,0.005360032362459547,9888
60,2012,3,9557,0.9665250809061489,0.023867313915857606,0.009607605177993528,9888
60,2012,4,9426,0.9532766990291263,0.031957928802589,0.01476537216828479,9888
60,2012,5,9293,0.9398260517799353,0.03913834951456311,0.021035598705501618,9888
60,2012,6,9143,0.924656148867314,0.047431229773462785,0.027912621359223302,9888
60,2012,7,9014,0.9116100323624595,0.05542071197411003,0.03296925566343042,9888
60,2012,8,8842,0.8942152103559871,0.06452265372168285,0.0412621359223301,9888
60,2012,9,8684,0.8782362459546925,0.07342233009708737,0.048341423948220066,9888
60,2012,10,8521,0.8617516181229773,0.0825242718446602,0.05572411003236246,9888
60,2012,11,8322,0.841626213592233,0.09243527508090615,0.06593851132686084,9888
60,2012,12,8152,0.8244336569579288,0.10143608414239483,0.07413025889967638,9888
60,2012,13,7960,0.8050161812297735,0.11165048543689321,0.08333333333333333,9888
60,2012,14,7783,0.7871156957928802,0.12186488673139159,0.09101941747572816,9888
60,2012,15,7617,0.7703276699029126,0.13116909385113268,0.0985032362459547,9888
60,2012,16,7454,0.7538430420711975,0.14016990291262135,0.10598705501618123,9888
60,2012,17,7258,0.7340210355987055,0.15109223300970873,0.11488673139158576,9888
60,2012,18,7107,0.71875,0.1600930420711974,0.12115695792880259,9888
60,2012,19,6961,0.7039846278317152,0.16868932038834952,0.12732605177993528,9888
60,2012,20,6772,0.6848705501618123,0.1799150485436893,0.13521440129449838,9888
60,2012,21,6606,0.6680825242718447,0.1906351132686084,0.14128236245954692,9888
60,2012,22,6427,0.6499797734627831,0.2008495145631068,0.14917071197411003,9888
60,2012,23,6261,0.6331917475728155,0.21167071197411003,0.15513754045307443,9888
60,2012,24,6071,0.6139765372168284,0.22269417475728157,0.16332928802588997,9888
60,2012,25,5883,0.5949635922330098,0.23391990291262135,0.17111650485436894,9888
60,2012,26,5708,0.5772653721682848,0.24514563106796117,0.17758899676375406,9888
60,2012,27,5537,0.5599716828478964,0.25637135922330095,0.1836569579288026,9888
60,2012,28,5377,0.5437904530744336,0.26729368932038833,0.18891585760517798,9888
60,2012,29,5233,0.5292273462783171,0.27659789644012944,0.1941747572815534,9888
60,2012,30,5072,0.5129449838187702,0.28762135922330095,0.1994336569579288,9888
60,2012,31,4915,0.4970671521035599,0.29864482200647247,0.20428802588996764,9888
60,2012,32,4771,0.48250404530744334,0.30966828478964403,0.20782766990291263,9888
60,2012,33,4610,0.46622168284789645,0.32129854368932037,0.21247977346278318,9888
60,2012,34,4459,0.45095064724919093,0.3321197411003236,0.21692961165048544,9888
60,2012,35,4304,0.43527508090614886,0.3435477346278317,0.22117718446601942,9888
60,2012,36,4171,0.42182443365695793,0.352953074433657,0.22522249190938512,9888
60,2012,37,4030,0.40756472491909385,0.3645833333333333,0.2278519417475728,9888
60,2012,38,3872,0.39158576051779936,0.37601132686084143,0.23240291262135923,9888
60,2012,39,3740,0.3782362459546926,0.38612459546925565,0.23563915857605178,9888
60,2012,40,3604,0.3644822006472492,0.3962378640776699,0.2392799352750809,9888
60,2012,41,3474,0.35133495145631066,0.40736245954692557,0.24130258899676377,9888
60,2012,42,3344,0.33818770226537215,0.41707119741100324,0.2447411003236246,9888
60,2012,43,3237,0.3273665048543689,0.4258697411003236,0.24676375404530745,9888
60,2012,44,3129,0.31644417475728154,0.4341626213592233,0.24939320388349515,9888
60,2012,45,3007,0.3041059870550162,0.44356796116504854,0.2523260517799353,9888
60,2012,46,2896,0.2928802588996764,0.45196197411003236,0.25515776699029125,9888
60,2012,47,2794,0.28256472491909385,0.45974919093851135,0.2576860841423948,9888
60,2012,48,2688,0.27184466019417475,0.45974919093851135,0.25940533980582525,9888
60,2012,49,2561,0.25900080906148865,0.45974919093851135,0.2619336569579288,9888
60,2012,50,2440,0.24676375404530745,0.45974919093851135,0.2643608414239482,9888
60,2012,51,2315,0.23412216828478966,0.45974919093851135,0.2660800970873786,9888
60,2012,52,2215,0.2240088996763754,0.45974919093851135,0.26729368932038833,9888
60,2012,53,2114,0.21379449838187703,0.45974919093851135,0.2691140776699029,9888
60,2012,54,2007,0.2029733009708738,0.45974919093851135,0.27093446601941745,9888
60,2012,55,1922,0.19437702265372167,0.45974919093851135,0.272046925566343,9888
60,2012,56,1806,0.18264563106796117,0.45974919093851135,0.27346278317152106,9888
60,2012,57,1732,0.17516181229773461,0.45974919093851135,0.2740695792880259,9888
60,2012,58,1625,0.16434061488673138,0.45974919093851135,0.2750809061488673,9888
60,2012,59,1503,0.15200242718446602,0.45974919093851135,0.27538430420711973,9888
60,2012,60,0,0.0,0.45974919093851135,0.27629449838187703,9888
60,2013,0,34370,0.999941813103689,5.8186896310950775e-05,0.0,34372
60,2013,1,34055,0.9907773769347143,0.007855231001978354,0.0013673920633073431,34372
60,2013,2,33726,0.9812056324915629,0.01507040614453625,0.0037239613639008496,34372
60,2013,3,33360,0.9705574304666589,0.022605609216804375,0.006836960316536716,34372
60,2013,4,32944,0.9584545560339811,0.030548120563249157,0.010997323402769696,34372
60,2013,5,32478,0.9448970091935296,0.03889794018387059,0.01620505062259979,34372
60,2013,6,31989,0.9306703130455022,0.04812056324915629,0.021209123705341556,34372
60,2013,7,31510,0.9167345513790295,0.056994064936576286,0.026271383684394273,34372
60,2013,8,30905,0.8991330152449668,0.06740951937623647,0.033457465378796694,34372
60,2013,9,30351,0.8830152449668335,0.07666123588967765,0.04032351914348889,34372
60,2013,10,29798,0.8669265681368555,0.0858256720586524,0.04724775980449203,34372
60,2013,11,29110,0.8469102758058885,0.09679390201326661,0.056295822180844876,34372
60,2013,12,28501,0.829192365879204,0.10694751541952752,0.06386011870126848,34372
60,2013,13,27797,0.8087105783777493,0.12047596881182358,0.07081345281042709,34372
60,2013,14,27110,0.7887233794949378,0.1339462353078087,0.07733038519725358,34372
60,2013,15,26420,0.7686489002676598,0.14730012801117187,0.08405097172116839,34372
60,2013,16,25811,0.7509309903409752,0.1586174793436518,0.09045153031537298,34372
60,2013,17,25207,0.733358547655068,0.17016757826137555,0.09647387408355639,34372
60,2013,18,24596,0.7155824508320726,0.1814558361457,0.1029617130222274,34372
60,2013,19,24008,0.6984755033166531,0.19224950541138136,0.10927499127196555,34372
60,2013,20,23336,0.6789247061561736,0.20441056674037006,0.1166647271034563,34372
60,2013,21,22785,0.6628942162225067,0.21485511462818574,0.12225066914930757,34372
60,2013,22,22074,0.6422087745839636,0.22873268939834748,0.12905853601768882,34372
60,2013,23,21495,0.6253636681019434,0.2394681717677179,0.13516816013033864,34372
60,2013,24,20860,0.6068893285232165,0.25194926102641685,0.14116141045036656,34372
60,2013,25,20268,0.5896660072151751,0.2632375189107413,0.14709647387408356,34372
60,2013,26,19717,0.5736355172815082,0.2743221226579774,0.15204236006051436,34372
60,2013,27,19101,0.5557139532177353,0.2866286512277435,0.15765739555452113,34372
60,2013,28,18544,0.5395089025951356,0.29820784359362273,0.1622832538112417,34372
60,2013,29,17977,0.523012917490981,0.3096997556150355,0.16728732689398348,34372
60,2013,30,17415,0.5066623996276038,0.32052251832887235,0.1728150820435238,34372
60,2013,31,16898,0.4916210869312231,0.33105434656115446,0.1773245665076225,34372
60,2013,32,16377,0.4764634004422204,0.34187710927499126,0.18165949028278833,34372
60,2013,33,15913,0.4629640404980798,0.3515361340626091,0.18549982543931107,34372
60,2013,34,15463,0.4498719888281159,0.3602932619574072,0.1898347492144769,34372
60,2013,35,15025,0.4371290585360177,0.3691085767485162,0.19376236471546607,34372
60,2013,36,14499,0.42182590480623766,0.37969859187710925,0.1984755033166531,34372
60,2013,37,14001,0.4073373676248109,0.38929942976841614,0.20336320260677296,34372
60,2013,38,13547,0.39412894216222505,0.3986966135226347,0.20717444431514023,34372
60,2013,39,13067,0.38016408704759685,0.40861747934365183,0.2112184336087513,34372
60,2013,40,12605,0.36672291399976725,0.418480158268358,0.21479692773187478,34372
60,2013,41,12168,0.3540090771558245,0.42808099615966483,0.21790992668451065,34372
60,2013,42,11747,0.34176073548236935,0.4379727685325265,0.22026649598510414,34372
60,2013,43,11311,0.3290759920865821,0.44757360642383337,0.22335040148958454,34372
60,2013,44,10930,0.317991388339346,0.45621436052600955,0.2257942511346445,34372
60,2013,45,10423,0.30324101012452,0.46753171185848946,0.22922727801699058,34372
60,2013,46,10025,0.29166181775864075,0.4768707087163971,0.2314674735249622,34372
60,2013,47,9565,0.2782788316071221,0.48751891074130105,0.23420225765157687,34372
60,2013,48,9122,0.2653904340742465,0.4882171534970325,0.23632607936692657,34372
60,2013,49,8735,0.25413126963807753,0.4882171534970325,0.2384208076341208,34372
60,2013,50,8383,0.24389037588735016,0.4882171534970325,0.23981729314558362,34372
60,2013,51,7998,0.23268939834749214,0.4882171534970325,0.24179564762015593,34372
60,2013,52,7648,0.22250669149307575,0.4882171534970325,0.24316303968346328,34372
60,2013,53,7331,0.21328406842779007,0.4882171534970325,0.24461771209123706,34372
60,2013,54,6983,0.20315954846968462,0.4882171534970325,0.24575235656930058,34372
60,2013,55,6653,0.19355871057837776,0.4882171534970325,0.24674153380658675,34372
60,2013,56,6255,0.18197951821249855,0.4882171534970325,0.2477598044920284,34372
60,2013,57,5931,0.1725532410101245,0.4882171534970325,0.24880716862562552,34372
60,2013,58,5568,0.16199231932968697,0.4882171534970325,0.2496508786221343,34372
60,2013,59,5154,0.14994763179332016,0.4882171534970325,0.25026184103339927,34372
60,2013,60,0,0.0,0.4882171534970325,0.25125101827068547,34372
60,2014,0,60477,0.9999007985714994,9.920142850057041e-05,0.0,60483
60,2014,1,59821,0.9890547757221038,0.009374534993303903,0.0015706892845923648,60483
60,2014,2,59181,0.9784732900153762,0.016979977845014302,0.004546732139609477,60483
60,2014,3,58406,0.9656597721673859,0.0259246399814824,0.008415587851131723,60483
60,2014,4,57505,0.9507630243208836,0.035993584974290296,0.01324339070482615,60483
60,2014,5,56493,0.9340310500471207,0.04655853710960105,0.019410412843278275,60483
60,2014,6,55445,0.9167038672023544,0.05687548567366037,0.02642064712398525,60483
60,2014,7,54457,0.9003686986425938,0.0663657556668816,0.03326554569052461,60483
60,2014,8,53133,0.8784782500868012,0.07891473637220375,0.04260701354099499,60483
60,2014,9,51938,0.8587206322437709,0.09043863564968668,0.05084073210654234,60483
60,2014,10,50774,0.8394755551146603,0.10126812492766563,0.05925631995767406,60483
60,2014,11,49412,0.8169568308450308,0.11418084420415654,0.06886232495081263,60483
60,2014,12,47843,0.7910156572921316,0.12987120347866343,0.0791131392292049,60483
60,2014,13,46256,0.7647768794537309,0.14696691632359507,0.08825620422267413,60483
60,2014,14,44693,0.7389349073293322,0.1635831555974406,0.09748193707322719,60483
60,2014,15,43299,0.7158871087743663,0.1778020270158557,0.10631086420977795,60483
60,2014,16,41961,0.6937651902187392,0.19137608914901708,0.11485872063224377,60483
60,2014,17,40583,0.6709819288064415,0.20495015128217847,0.12406791991138005,60483
60,2014,18,39311,0.6499512259643205,0.21784633698725261,0.13220243704842682,60483
60,2014,19,38121,0.6302762759783741,0.23001504554998925,0.13970867847163665,60483
60,2014,20,36609,0.6052775159962304,0.24496139411074186,0.1497610898930278,60483
60,2014,21,35388,0.5850900252963642,0.2574111733875635,0.15749880131607227,60483
60,2014,22,34007,0.5622571631698163,0.27116710480630923,0.1665757320238745,60483
60,2014,23,32825,0.542714481755204,0.2827240712266257,0.1745614470181704,60483
60,2014,24,31487,0.5205925631995767,0.29624853264553674,0.1831589041548865,60483
60,2014,25,30174,0.49888398392936856,0.30952499049319643,0.191591025577435,60483
60,2014,26,29185,0.48253228179819124,0.31977580477158873,0.19769191343022005,60483
60,2014,27,27815,0.45988128895722763,0.33346560190466745,0.20665310913810492,60483
60,2014,28,27010,0.4465717639667345,0.3418811897557992,0.2115470462774664,60483
60,2014,29,25482,0.4213084668419225,0.35821635831555976,0.22047517484251775,60483
60,2014,30,24739,0.40902402327926857,0.366317808309773,0.22465816841095845,60483
60,2014,31,23352,0.38609195972422,0.38167749615594465,0.23223054411983532,60483
60,2014,32,22289,0.3685167733082023,0.39348246614751253,0.23800076054428518,60483
60,2014,33,20963,0.34659325760957627,0.40861068399384953,0.24479605839657426,60483
60,2014,34,19921,0.3293652761933105,0.4205479225567515,0.250086801249938,60483
60,2014,35,18772,0.3103682026354513,0.4336590446902435,0.2559727526743052,60483
60,2014,36,17659,0.2919663376485955,0.44700163682357025,0.2610320255278343,60483
60,2014,37,16634,0.2750194269464147,0.45936874824330803,0.2656118248102773,60483
60,2014,38,15630,0.25841972124398593,0.47180199394871286,0.2697782848073012,60483
60,2014,39,14693,0.24292776482648018,0.4831770910834449,0.27389514409007487,60483
60,2014,40,13750,0.22733660698047387,0.4950316617892631,0.277631731230263,60483
60,2014,41,12822,0.21199345270571895,0.5067704974951639,0.2812360497991171,60483
60,2014,42,11921,0.19709670485921663,0.5183605310583139,0.2845427640824695,60483
60,2014,43,11180,0.1848453284393962,0.5278012003372848,0.28735347122331895,60483
60,2014,44,10343,0.17100672916356663,0.5389944281864325,0.2899988426500008,60483
60,2014,45,9358,0.15472116131805633,0.5518575467486732,0.2934212919332705,60483
60,2014,46,8579,0.14184150918439892,0.562207562455566,0.29595092836003506,60483
60,2014,47,7702,0.1273415670518989,0.573797596018716,0.29886083692938514,60483
60,2014,48,6867,0.11353603491890284,0.5744424053039697,0.30144007407039997,60483
60,2014,49,6125,0.10126812492766563,0.5744424053039697,0.30360597192599575,60483
60,2014,50,5455,0.09019063207843526,0.5744424053039697,0.3053419969247557,60483
60,2014,51,4715,0.07795578923003157,0.5744424053039697,0.30701188763784865,60483
60,2014,52,4031,0.06664682638096656,0.5744424053039697,0.3084007076368566,60483
60,2014,53,3542,0.058561909958170066,0.5744424053039697,0.3090785840649439,60483
60,2014,54,3112,0.051452474248962515,0.5744424053039697,0.30959112477886347,60483
60,2014,55,2834,0.04685614139510275,0.5744424053039697,0.30982259477869817,60483
60,2014,56,2412,0.039878974257229305,0.5744424053039697,0.3101532662070334,60483
60,2014,57,2197,0.03632425640262553,0.5744424053039697,0.3103682026354513,60483
60,2014,58,1893,0.031298050691929966,0.5744424053039697,0.3105831390638692,60483
60,2014,59,1729,0.02858654497958104,0.5744424053039697,0.31064927334953624,60483
60,2014,60,0,0.0,0.5744424053039697,0.3107815419208703,60483
60,2015,0,92029,0.9957046718455845,0.004295328154415424,0.0,92426
60,2015,1,90739,0.9817475602103304,0.016196741176725163,0.0020556986129444095,92426
60,2015,2,89300,0.9661783480838725,0.027524722480687252,0.006296929435440244,92426
60,2015,3,87627,0.9480773808235777,0.039090732045095535,0.012831887131326682,92426
60,2015,4,85792,0.9282236600090884,0.05138164585722632,0.020394694133685328,92426
60,2015,5,83706,0.9056542531322355,0.06447320018176704,0.029872546685997446,92426
60,2015,6,81641,0.883312055049445,0.07695886438880835,0.0397290805617467,92426
60,2015,7,79544,0.8606236340423691,0.08889273581026984,0.05048363014736113,92426
60,2015,8,76902,0.8320386038560578,0.10413736394521023,0.06382403219873196,92426
60,2015,9,74619,0.8073377621015732,0.11715318200506351,0.07550905589336333,92426
60,2015,10,72227,0.7814575985112414,0.1303421115270595,0.08820028996169908,92426
60,2015,11,69461,0.7515309544933244,0.14600869885097267,0.10246034665570294,92426
60,2015,12,66674,0.7213771016813451,0.1624759266872958,0.11614697163135915,92426
60,2015,13,63866,0.6909960400753035,0.17911626598576158,0.12988769393893493,92426
60,2015,14,61707,0.6676368121524247,0.19187241685240083,0.1404907709951745,92426
60,2015,15,58679,0.6348754679419211,0.20942159132711574,0.15570294073096314,92426
60,2015,16,56806,0.6146106074048427,0.22046826650509596,0.16492112609006124,92426
60,2015,17,53649,0.5804535520308138,0.23986756973146084,0.17967887823772533,92426
60,2015,18,52009,0.5627096271611884,0.2503732715902452,0.18691710124856642,92426
60,2015,19,49742,0.5381818968688464,0.2640815354986692,0.19773656763248437,92426
60,2015,20,46867,0.5070759310150823,0.2826477398134724,0.21027632917144526,92426
60,2015,21,44517,0.48165018501287515,0.29752450609135955,0.22082530889576527,92426
60,2015,22,41891,0.4532382662887066,0.31421894272174494,0.2325427909895484,92426
60,2015,23,39292,0.4251184731569039,0.3317248393309242,0.2431566875121719,92426
60,2015,24,36797,0.3981239045290286,0.34871140155367536,0.253164693917296,92426
60,2015,25,34376,0.3719299764135633,0.3654815744487482,0.26258844913768853,92426
60,2015,26,32491,0.35153528227987796,0.3787246013026638,0.26974011641745826,92426
60,2015,27,29816,0.32259320970289745,0.3977668621383593,0.2796399281587432,92426
60,2015,28,28162,0.3046978123038972,0.40972237249258864,0.28557981520351416,92426
60,2015,29,25467,0.2755393503992383,0.42900266158873046,0.29545798801203127,92426
60,2015,30,24104,0.26079241771795814,0.43893493172916714,0.3002726505528747,92426
60,2015,31,21545,0.23310540324151213,0.4579230952329431,0.30897150152554476,92426
60,2015,32,19709,0.2132408629606388,0.4718477484690455,0.3149113885703157,92426
60,2015,33,17491,0.18924328652110878,0.48803367017938676,0.32272304329950446,92426
60,2015,34,15702,0.16988726116027958,0.5013307943652219,0.32878194447449854,92426
60,2015,35,13647,0.1476532577413282,0.5173544240798044,0.33499231817886743,92426
60,2015,36,11694,0.12652283989353644,0.5332049423322441,0.3402722177742194,92426
60,2015,37,9980,0.10797827451150109,0.5475623742237032,0.3444593512647956,92426
60,2015,38,8265,0.08942288966308182,0.5618873477160107,0.34868976262090756,92426
60,2015,39,6773,0.07328024581827625,0.5740700668643023,0.3526496873174215,92426
60,2015,40,5529,0.05982082963668232,0.5849328111137558,0.3552463592495618,92426
60,2015,41,4387,0.047464999026248025,0.5950814705818709,0.35745353039188105,92426
60,2015,42,3389,0.03666717157509792,0.6041049055460584,0.35922792287884364,92426
60,2015,43,2704,0.029255837102114123,0.6103044597840435,0.36043970311384244,92426
60,2015,44,2181,0.02359725618332504,0.6151624001904226,0.36124034362625235,92426
60,2015,45,1438,0.015558392660074005,0.622238331205505,0.36220327613442105,92426
60,2015,46,1067,0.011544370631640448,0.6259169497760371,0.3625386795923225,92426
60,2015,47,615,0.0066539718261095365,0.6304178477917469,0.36292818038214353,92426
60,2015,48,278,0.003007811654729189,0.6313699608335317,0.3631445697098219,92426
60,2015,49,73,0.00078982104602601,0.6313699608335317,0.36323112544089325,92426
60,2015,50,0,0.0,0.6313699608335317,0.36329604223919676,92426
60,2015,51,0,0.0,0.6313699608335317,0.36329604223919676,92426
60,2015,52,0,0.0,0.6313699608335317,0.36329604223919676,92426
60,2015,53,0,0.0,0.6313699608335317,0.36329604223919676,92426
60,2015,54,0,0.0,0.6313699608335317,0.36329604223919676,92426
60,2015,55,0,0.0,0.6313699608335317,0.36329604223919676,92426
60,2015,56,0,0.0,0.6313699608335317,0.36329604223919676,92426
60,2015,57,0,0.0,0.6313699608335317,0.36329604223919676,92426
60,2015,58,0,0.0,0.6313699608335317,0.36329604223919676,92426
60,2015,59,0,0.0,0.6313699608335317,0.36329604223919676,92426
60,2015,60,0,0.0,0.6313699608335317,0.36329604223919676,92426
60,2016,0,59991,0.9894117064964624,0.0105388154965118,4.9478007025877e-05,60633
60,2016,1,58663,0.9675094420530075,0.029538370194448566,0.0029521877525439943,60633
60,2016,2,57303,0.9450794122012766,0.04612999521712599,0.00879059258159748,60633
60,2016,3,55759,0.9196147312519585,0.06291953226790692,0.01746573648013458,60633
60,2016,4,53930,0.8894496396351822,0.08218296966998169,0.028367390694836146,60633
60,2016,5,51899,0.8559530288786634,0.10293074728283277,0.04111622383850379,60633
60,2016,6,49778,0.8209720779113684,0.12295284745930433,0.056075074629327266,60633
60,2016,7,47731,0.7872115844507117,0.14195240215724111,0.07083601339204723,60633
60,2016,8,45337,0.7477281348440619,0.16429996866392887,0.0879718964920093,60633
60,2016,9,43231,0.7129945739118961,0.1836458694110468,0.10335955667705705,60633
60,2016,10,41240,0.6801576699157225,0.2017713126515264,0.11807101743275114,60633
60,2016,11,38681,0.6379529299226494,0.225537248692956,0.13650982138439463,60633
60,2016,12,36049,0.5945442250919466,0.25019378886085136,0.155261986047202,60633
60,2016,13,33673,0.5553576435274521,0.27285471607870304,0.17178764039384495,60633
60,2016,14,31439,0.5185130209621823,0.29401481041676975,0.18747216862104796,60633
60,2016,15,29392,0.4847525275015256,0.3133936965019049,0.20185377599656953,60633
60,2016,16,27293,0.4501344152524203,0.33326736265729884,0.21659822209028087,60633
60,2016,17,25114,0.41419688948262495,0.35480678838256396,0.23099632213481108,60633
60,2016,18,23157,0.38192073623274453,0.3739217917635611,0.24415747200369436,60633
60,2016,19,21317,0.3515742252568733,0.3920472350040407,0.256378539739086,60633
60,2016,20,19293,0.31819306318341495,0.4132403146801247,0.2685666221364603,60633
60,2016,21,17536,0.2892154437352597,0.4307060511602593,0.28007850510448107,60633
60,2016,22,15641,0.25796183596391403,0.4503818052875497,0.2916563587485363,60633
60,2016,23,14061,0.2319034189302855,0.46654462091600285,0.30155196015371166,60633
60,2016,24,12109,0.1997097290254482,0.4883809146834232,0.3119093562911286,60633
60,2016,25,10409,0.17167219171078454,0.5073804693813599,0.3209473389078555,60633
60,2016,26,8825,0.1455478040011215,0.5258192733330035,0.328632922665875,60633
60,2016,27,7297,0.12034700575594148,0.5436643412003365,0.33598865304372205,60633
60,2016,28,5897,0.09725726914386555,0.5602724588920225,0.34247027196411195,60633
60,2016,29,4745,0.07825771444592879,0.5742747348803456,0.34746755067372553,60633
60,2016,30,3708,0.06115481668398397,0.5870235680240133,0.35182161529200273,60633
60,2016,31,2824,0.046575297280358884,0.5979252222387149,0.3554994804809262,60633
60,2016,32,2108,0.034766546270182906,0.606996190193459,0.3582372635363581,60633
60,2016,33,1468,0.024211238104662476,0.6156878267610048,0.3601009351343328,60633
60,2016,34,921,0.015189748156944238,0.6232744545049725,0.3615357973380832,60633
60,2016,35,676,0.01114904424983095,0.6268038856728184,0.3620470700773506,60633
60,2016,36,198,0.003265548463707882,0.6338792406775189,0.36285521085877326,60633
60,2016,37,43,0.0007091847673709037,0.636204707007735,0.363086108224894,60633
60,2016,38,0,0.0,0.6368149357610542,0.3631850642389458,60633
60,2016,39,0,0.0,0.6368149357610542,0.3631850642389458,60633
60,2016,40,0,0.0,0.6368149357610542,0.3631850642389458,60633
60,2016,41,0,0.0,0.6368149357610542,0.3631850642389458,60633
60,2016,42,0,0.0,0.6368149357610542,0.3631850642389458,60633
60,2016,43,0,0.0,0.6368149357610542,0.3631850642389458,60633
60,2016,44,0,0.0,0.6368149357610542,0.3631850642389458,60633
60,2016,45,0,0.0,0.6368149357610542,0.3631850642389458,60633
60,2016,46,0,0.0,0.6368149357610542,0.3631850642389458,60633
60,2016,47,0,0.0,0.6368149357610542,0.3631850642389458,60633
60,2016,48,0,0.0,0.6368149357610542,0.3631850642389458,60633
60,2016,49,0,0.0,0.6368149357610542,0.3631850642389458,60633
60,2016,50,0,0.0,0.6368149357610542,0.3631850642389458,60633
60,2016,51,0,0.0,0.6368149357610542,0.3631850642389458,60633
60,2016,52,0,0.0,0.6368149357610542,0.3631850642389458,60633
60,2016,53,0,0.0,0.6368149357610542,0.3631850642389458,60633
60,2016,54,0,0.0,0.6368149357610542,0.3631850642389458,60633
60,2016,55,0,0.0,0.6368149357610542,0.3631850642389458,60633
60,2016,56,0,0.0,0.6368149357610542,0.3631850642389458,60633
60,2016,57,0,0.0,0.6368149357610542,0.3631850642389458,60633
60,2016,58,0,0.0,0.6368149357610542,0.3631850642389458,60633
60,2016,59,0,0.0,0.6368149357610542,0.3631850642389458,60633
60,2016,60,0,0.0,0.6368149357610542,0.3631850642389458,60633
60,2017,0,39920,0.9828155005170122,0.01715987985622138,2.461962676645822e-05,40618
60,2017,1,38243,0.9415283864296617,0.05219360874489143,0.0062780048254468465,40618
60,2017,2,36757,0.9049436210547048,0.07750258506081048,0.017553793884484713,40618
60,2017,3,34893,0.8590526367620267,0.1091880447092422,0.0317593185287311,40618
60,2017,4,32787,0.8072037027918657,0.14249839972426018,0.05029789748387414,40618
60,2017,5,30603,0.753434437933921,0.1756610369786794,0.07090452508739968,40618
60,2017,6,28332,0.6975232655472943,0.20983307893052341,0.09264365552218229,40618
60,2017,7,26186,0.6446895465064749,0.24297109655817617,0.11233935693534886,40618
60,2017,8,23522,0.5791028608006302,0.2823132601309764,0.1385838790683933,40618
60,2017,9,21210,0.5221822837165788,0.31582057216012605,0.16199714412329508,40618
60,2017,10,19017,0.46819144221773595,0.3479245654635876,0.18388399231867644,40618
60,2017,11,16473,0.4055591117238663,0.38364764390171846,0.2107932443744153,40618
60,2017,12,13864,0.3413265054901768,0.42264513269978826,0.23602836181003495,40618
60,2017,13,11539,0.2840858732581614,0.4614949037372593,0.25441922300457925,40618
60,2017,14,9325,0.2295780195972229,0.49938450933083856,0.27103747107193854,40618
60,2017,15,7386,0.18184056329706041,0.5330887783741198,0.2850706583288197,40618
60,2017,16,5772,0.14210448569599685,0.5607858584863853,0.2971096558176178,40618
60,2017,17,4354,0.10719385494115909,0.5859471170417057,0.30685902801713527,40618
60,2017,18,3238,0.07971835146979171,0.6064306465113989,0.3138510020188094,40618
60,2017,19,2421,0.05960411640159535,0.6214486188389384,0.3189472647594662,40618
60,2017,20,1581,0.038923629917770444,0.6384361613077946,0.322640208774435,40618
60,2017,21,1160,0.028558767049091535,0.6468806932886897,0.3245605396622187,40618
60,2017,22,649,0.015978137771431384,0.6585503963759909,0.3254714658525777,40618
60,2017,23,460,0.011325028312570781,0.6626618740459894,0.32601309764143976,40618
60,2017,24,147,0.0036190851346693583,0.6696538480476636,0.32672706681766706,40618
60,2017,25,34,0.0008370673100595795,0.6721650499778423,0.32699788271209806,40618
60,2017,26,0,0.0,0.6729774976611355,0.32702250233886454,40618
60,2017,27,0,0.0,0.6729774976611355,0.32702250233886454,40618
60,2017,28,0,0.0,0.6729774976611355,0.32702250233886454,40618
60,2017,29,0,0.0,0.6729774976611355,0.32702250233886454,40618
60,2017,30,0,0.0,0.6729774976611355,0.32702250233886454,40618
60,2017,31,0,0.0,0.6729774976611355,0.32702250233886454,40618
60,2017,32,0,0.0,0.6729774976611355,0.32702250233886454,40618
60,2017,33,0,0.0,0.6729774976611355,0.32702250233886454,40618
60,2017,34,0,0.0,0.6729774976611355,0.32702250233886454,40618
60,2017,35,0,0.0,0.6729774976611355,0.32702250233886454,40618
60,2017,36,0,0.0,0.6729774976611355,0.32702250233886454,40618
60,2017,37,0,0.0,0.6729774976611355,0.32702250233886454,40618
60,2017,38,0,0.0,0.6729774976611355,0.32702250233886454,40618
60,2017,39,0,0.0,0.6729774976611355,0.32702250233886454,40618
60,2017,40,0,0.0,0.6729774976611355,0.32702250233886454,40618
60,2017,41,0,0.0,0.6729774976611355,0.32702250233886454,40618
60,2017,42,0,0.0,0.6729774976611355,0.32702250233886454,40618
60,2017,43,0,0.0,0.6729774976611355,0.32702250233886454,40618
60,2017,44,0,0.0,0.6729774976611355,0.32702250233886454,40618
60,2017,45,0,0.0,0.6729774976611355,0.32702250233886454,40618
60,2017,46,0,0.0,0.6729774976611355,0.32702250233886454,40618
60,2017,47,0,0.0,0.6729774976611355,0.32702250233886454,40618
60,2017,48,0,0.0,0.6729774976611355,0.32702250233886454,40618
60,2017,49,0,0.0,0.6729774976611355,0.32702250233886454,40618
60,2017,50,0,0.0,0.6729774976611355,0.32702250233886454,40618
60,2017,51,0,0.0,0.6729774976611355,0.32702250233886454,40618
60,2017,52,0,0.0,0.6729774976611355,0.32702250233886454,40618
60,2017,53,0,0.0,0.6729774976611355,0.32702250233886454,40618
60,2017,54,0,0.0,0.6729774976611355,0.32702250233886454,40618
60,2017,55,0,0.0,0.6729774976611355,0.32702250233886454,40618
60,2017,56,0,0.0,0.6729774976611355,0.32702250233886454,40618
60,2017,57,0,0.0,0.6729774976611355,0.32702250233886454,40618
60,2017,58,0,0.0,0.6729774976611355,0.32702250233886454,40618
60,2017,59,0,0.0,0.6729774976611355,0.32702250233886454,40618
60,2017,60,0,0.0,0.6729774976611355,0.32702250233886454,40618
60,2018,0,13985,0.9405474477100007,0.05925079023471652,0.00020176205528280315,14869
60,2018,1,12353,0.8307888896361557,0.155087766494048,0.014123343869796221,14869
60,2018,2,10764,0.7239222543546977,0.23296791983321002,0.04310982581209227,14869
60,2018,3,9065,0.6096576770462035,0.31676642679400097,0.07357589615979555,14869
60,2018,4,7388,0.4968726881431165,0.39599166050171497,0.10713565135516848,14869
60,2018,5,5847,0.3932342457461833,0.46768444414553767,0.13908131010827898,14869
60,2018,6,4438,0.29847333378169344,0.5346021924810007,0.16692447373730582,14869
60,2018,7,3371,0.22671329611944313,0.5841684040621428,0.18911829981841416,14869
60,2018,8,2274,0.1529356379043648,0.6441589884995629,0.20290537359607236,14869
60,2018,9,1624,0.1092205259264241,0.679198332100343,0.2115811419732329,14869
60,2018,10,1179,0.07929248772614164,0.7067724796556595,0.21393503261819893,14869
60,2018,11,631,0.04243728562781626,0.7415428071827291,0.21601990718945457,14869
60,2018,12,251,0.016880758625327865,0.7663595399825139,0.2167597013921582,14869
60,2018,13,53,0.0035644629766628556,0.7795413275943237,0.21689420942901338,14869
60,2018,14,0,0.0,0.7828367744972762,0.2171632255027238,14869
60,2018,15,0,0.0,0.7828367744972762,0.2171632255027238,14869
60,2018,16,0,0.0,0.7828367744972762,0.2171632255027238,14869
60,2018,17,0,0.0,0.7828367744972762,0.2171632255027238,14869
60,2018,18,0,0.0,0.7828367744972762,0.2171632255027238,14869
60,2018,19,0,0.0,0.7828367744972762,0.2171632255027238,14869
60,2018,20,0,0.0,0.7828367744972762,0.2171632255027238,14869
60,2018,21,0,0.0,0.7828367744972762,0.2171632255027238,14869
60,2018,22,0,0.0,0.7828367744972762,0.2171632255027238,14869
60,2018,23,0,0.0,0.7828367744972762,0.2171632255027238,14869
60,2018,24,0,0.0,0.7828367744972762,0.2171632255027238,14869
60,2018,25,0,0.0,0.7828367744972762,0.2171632255027238,14869
60,2018,26,0,0.0,0.7828367744972762,0.2171632255027238,14869
60,2018,27,0,0.0,0.7828367744972762,0.2171632255027238,14869
60,2018,28,0,0.0,0.7828367744972762,0.2171632255027238,14869
60,2018,29,0,0.0,0.7828367744972762,0.2171632255027238,14869
60,2018,30,0,0.0,0.7828367744972762,0.2171632255027238,14869
60,2018,31,0,0.0,0.7828367744972762,0.2171632255027238,14869
60,2018,32,0,0.0,0.7828367744972762,0.2171632255027238,14869
60,2018,33,0,0.0,0.7828367744972762,0.2171632255027238,14869
60,2018,34,0,0.0,0.7828367744972762,0.2171632255027238,14869
60,2018,35,0,0.0,0.7828367744972762,0.2171632255027238,14869
60,2018,36,0,0.0,0.7828367744972762,0.2171632255027238,14869
60,2018,37,0,0.0,0.7828367744972762,0.2171632255027238,14869
60,2018,38,0,0.0,0.7828367744972762,0.2171632255027238,14869
60,2018,39,0,0.0,0.7828367744972762,0.2171632255027238,14869
60,2018,40,0,0.0,0.7828367744972762,0.2171632255027238,14869
60,2018,41,0,0.0,0.7828367744972762,0.2171632255027238,14869
60,2018,42,0,0.0,0.7828367744972762,0.2171632255027238,14869
60,2018,43,0,0.0,0.7828367744972762,0.2171632255027238,14869
60,2018,44,0,0.0,0.7828367744972762,0.2171632255027238,14869
60,2018,45,0,0.0,0.7828367744972762,0.2171632255027238,14869
60,2018,46,0,0.0,0.7828367744972762,0.2171632255027238,14869
60,2018,47,0,0.0,0.7828367744972762,0.2171632255027238,14869
60,2018,48,0,0.0,0.7828367744972762,0.2171632255027238,14869
60,2018,49,0,0.0,0.7828367744972762,0.2171632255027238,14869
60,2018,50,0,0.0,0.7828367744972762,0.2171632255027238,14869
60,2018,51,0,0.0,0.7828367744972762,0.2171632255027238,14869
60,2018,52,0,0.0,0.7828367744972762,0.2171632255027238,14869
60,2018,53,0,0.0,0.7828367744972762,0.2171632255027238,14869
60,2018,54,0,0.0,0.7828367744972762,0.2171632255027238,14869
60,2018,55,0,0.0,0.7828367744972762,0.2171632255027238,14869
60,2018,56,0,0.0,0.7828367744972762,0.2171632255027238,14869
60,2018,57,0,0.0,0.7828367744972762,0.2171632255027238,14869
60,2018,58,0,0.0,0.7828367744972762,0.2171632255027238,14869
60,2018,59,0,0.0,0.7828367744972762,0.2171632255027238,14869
60,2018,60,0,0.0,0.7828367744972762,0.2171632255027238,14869
