month_date,grade,total_ecl_dcf,total_balance,ecl_rate_dcf
2007-06-01,E,-46.26599150447572,7500.0,-0.006168798867263429
2007-07-01,A,-456.7944459230503,64050.0,-0.007131841466402035
2007-07-01,B,-195.7945912633588,31500.0,-0.006215701309947899
2007-07-01,C,-429.01321648816895,73450.0,-0.005840887903174526
2007-07-01,E,-40.75981257480876,7330.515004215594,-0.0055602931787696805
2007-07-01,F,-24.351607759572445,2700.0,-0.009019113985026831
2007-08-01,A,-742.566151096371,107463.59086694736,-0.00690993242553895
2007-08-01,B,-410.3406138688856,67937.30292330327,-0.006039989758382564
2007-08-01,C,-521.1008909025976,95332.64631000526,-0.005466132653110957
2007-08-01,D,-192.48320995778252,34900.0,-0.005515278222286032
2007-08-01,E,-226.7785002806933,37159.08799285449,-0.006102908131768511
2007-08-01,F,-366.28927769175135,40391.03932202063,-0.009068577680595992
2007-09-01,A,-908.9095381391542,136251.66867238647,-0.006670813994393001
2007-09-01,B,-730.0874362911657,122897.1640211452,-0.005940636971619212
2007-09-01,C,-676.7650864265253,130944.59387961391,-0.0051683316307714125
2007-09-01,D,-266.372065797285,51942.193178803645,-0.0051282406362845884
2007-09-01,E,-197.73845568274072,36305.52125828738,-0.005446511958221875
2007-09-01,F,-343.7656876697294,41623.112512485226,-0.008259009644380002
2007-10-01,A,-1174.3236050267137,180443.53182778385,-0.006507983927888829
2007-10-01,B,-848.7041122575264,149624.33247427695,-0.0056722332405622165
2007-10-01,C,-1171.0248441064307,228715.44111051006,-0.005120007807171263
2007-10-01,D,-482.06195592994766,95638.36269814275,-0.005040466422992299
2007-10-01,E,-365.1576054529696,66267.29519034295,-0.005510374377045399
2007-10-01,F,-487.13242080361783,60671.69158947748,-0.008028990259571121
2007-11-01,A,-1553.2316859095786,242685.25595020942,-0.00640018974299884
2007-11-01,B,-1729.8246619850127,296535.09940283466,-0.005833456698611904
2007-11-01,C,-1786.4552423929074,351545.60760266514,-0.0050817168633551825
2007-11-01,D,-609.4828939729496,126364.08991543857,-0.00482322861171088
2007-11-01,E,-322.52634416909467,66203.49404945553,-0.004871742025098555
2007-11-01,F,-420.55616469294,59269.27963175854,-0.007095685442878091
2007-12-01,A,-1831.5585451406587,294141.5052797676,-0.006226793948710514
2007-12-01,B,-3164.415554434082,543096.460382717,-0.005826617894368408
2007-12-01,C,-3317.617022463991,639618.1772119576,-0.005186871075061074
2007-12-01,D,-1760.9630442142586,346881.93137787544,-0.0050765487761769736
2007-12-01,E,-1052.9094093543038,183963.18551275827,-0.005723478892907527
2007-12-01,F,-468.0048621078982,69848.85472343475,-0.006700251048652906
2008-01-01,A,-3619.104168592432,556800.2464246269,-0.006499825012348201
2008-01-01,B,-6284.039951503703,1068961.7350418293,-0.005878638818870166
2008-01-01,C,-5183.285173287245,1009604.9501033262,-0.0051339736129035135
2008-01-01,D,-3197.0794558242005,640753.4109448307,-0.004989562913305304
2008-01-01,E,-1896.0438377052367,336104.8318228372,-0.005641227552196133
2008-01-01,F,-1089.0985446562654,142148.13798843208,-0.007661715166081848
2008-01-01,G,-190.20173308945084,13875.0,-0.013708233015455916
2008-02-01,A,-4650.397036777129,723486.9004500625,-0.006427755684151624
2008-02-01,B,-10041.197252890002,1747970.258466952,-0.005744489761339865
2008-02-01,C,-6578.461811734452,1318288.4233907058,-0.004990153668204344
2008-02-01,D,-4459.262364901345,937564.8269166517,-0.0047562176362422005
2008-02-01,E,-2095.0272695868825,406691.81660694384,-0.005151387817600636
2008-02-01,F,-1361.8804701233971,185808.94402469406,-0.007329466712551807
2008-02-01,G,-163.0651888117385,13583.163719057306,-0.012004949081409989
2008-03-01,A,-5649.425514654619,904548.8004785633,-0.006245572943843071
2008-03-01,B,-14647.176850470096,2618712.576013238,-0.005593273956307624
2008-03-01,C,-10009.103693536172,2013117.9712157159,-0.004971940957584172
2008-03-01,D,-6851.667583628051,1458634.4226136312,-0.004697316529354215
2008-03-01,E,-3210.1532033203675,629459.5396416528,-0.0050998563071232295
2008-03-01,F,-1550.5092133026506,224409.35751770207,-0.006909289480855725
2008-03-01,G,-469.3817902668883,38286.86234301619,-0.01225960451033165
2008-04-01,A,-6035.862318385688,993815.6172840053,-0.006073422688688544
2008-04-01,B,-15488.114326666066,2944613.2633867855,-0.0052598127296527245
2008-04-01,C,-10384.85237246934,2247440.864061237,-0.004620745550431703
2008-04-01,D,-6638.380747258922,1571010.2085870018,-0.004225549083624107
2008-04-01,E,-2979.663229646247,661446.7312150192,-0.004504766731816588
2008-04-01,F,-1858.5127048625086,279841.1454584418,-0.006641313241545852
2008-04-01,G,-404.5015681985748,37451.723314355164,-0.010800612959872268
2008-05-01,A,-6094.901528460521,1022577.4051892208,-0.005960332682426816
2008-05-01,B,-14369.18786449833,2974656.167426421,-0.004830537398522297
2008-05-01,C,-9448.832624717812,2268226.4195936914,-0.004165736076035296
2008-05-01,D,-5924.026887105665,1597470.5127253546,-0.0037083794911488012
2008-05-01,E,-2587.1764559469293,668703.6173886488,-0.0038689434133018443
2008-05-01,F,-1546.9291206721762,248328.25885945896,-0.006229372072985293
2008-05-01,G,-343.03956186965866,36604.26081716096,-0.009371574625783276
2008-06-01,A,-5956.887246154452,1041386.8193201903,-0.005720148493950658
2008-06-01,B,-13319.500143770863,2957445.5907865437,-0.004503717730350026
2008-06-01,C,-8763.604370495996,2333997.6651150305,-0.0037547614127814836
2008-06-01,D,-5101.687412379195,1607664.6737109595,-0.0031733529359720338
2008-06-01,E,-2080.4530581418267,656741.7431382169,-0.0031678404485155098
2008-06-01,F,-1249.18266171199,242218.75906326697,-0.005157249861831331
2008-06-01,G,-284.84195364136417,35744.29286495688,-0.007968879247870604
2008-07-01,A,-6093.277898400046,1116578.410454371,-0.005457098078692475
2008-07-01,B,-12371.96388637099,3012739.931699808,-0.0041065489112399566
2008-07-01,C,-8151.787137483494,2409298.5210021497,-0.0033834691161860474
2008-07-01,D,-4387.029866617222,1629260.134322323,-0.0026926515749076314
2008-07-01,E,-1658.3695876510862,654966.4234736321,-0.0025319917605178574
2008-07-01,F,-964.7636995644941,236027.50436233077,-0.004087505403961163
2008-07-01,G,-229.76151851801325,34871.63478170253,-0.0065887796759838526
2008-08-01,A,-5643.904520036082,1120338.142759013,-0.005037679522485112
2008-08-01,B,-11001.477762666009,2958484.4718556814,-0.003718619403726475
2008-08-01,C,-7162.876203744682,2406002.471314228,-0.0029770859710846896
2008-08-01,D,-3654.986146783585,1654086.422885494,-0.0022096706050023633
2008-08-01,E,-1331.8927035114855,667543.2413018459,-0.0019952156221580827
2008-08-01,F,-817.0259808443884,243353.3999377277,-0.0033573641504637255
2008-08-01,G,-177.65734622708214,33986.09916201391,-0.0052273532593481295
2008-09-01,A,-5191.047048596002,1119545.3062819596,-0.004636745846253967
2008-09-01,B,-9293.666659796896,2894904.513564583,-0.003210353438688492
2008-09-01,C,-6014.935400844719,2397156.8940279554,-0.0025091955457023887
2008-09-01,D,-2616.3781567119586,1596021.7497007449,-0.001639312344711174
2008-09-01,E,-857.7270632480439,655830.841366433,-0.0013078480137667166
2008-09-01,F,-578.100255957844,240499.71905203105,-0.00240374607603086
2008-09-01,G,-128.3945749612227,33087.49583079443,-0.003880456097911352
2008-10-01,A,-5353.720864712045,1204754.0207272721,-0.00444382900791663
2008-10-01,B,-8705.032005720212,2973870.7740630847,-0.00292717225026791
2008-10-01,C,-5994.050137263756,2585236.187003815,-0.0023185696407145764
2008-10-01,D,-2251.5951893088704,1679105.9719109398,-0.0013409488304936454
2008-10-01,E,-730.8200078477639,687321.3839271773,-0.0010632871680378206
2008-10-01,F,-312.86497737216916,233675.25170951005,-0.0013388879442017363
2008-10-01,G,-81.84413629269,32175.631802268537,-0.0025436683511190473
2008-11-01,A,-5950.225525961299,1338544.4347094838,-0.004445295480424398
2008-11-01,B,-10656.980701278115,3462985.0229221587,-0.003077397283192831
2008-11-01,C,-6508.966653618043,2834581.757366658,-0.0022962705650321083
2008-11-01,D,-2648.1881617437693,1903688.886144254,-0.0013910824300221818
2008-11-01,E,-1271.273833052021,787761.8155701003,-0.0016137794545575998
2008-11-01,F,-59.82662829903246,226759.34761951523,-0.0002638331293818015
2008-11-01,G,-518.7127903842477,67750.31123840883,-0.007656242176643764
2008-12-01,A,-7538.031967870241,1640440.5571626762,-0.0045951265560686344
2008-12-01,B,-12261.075621225184,3933503.507210041,-0.00311708775618246
2008-12-01,C,-8988.756118452282,3472222.271233259,-0.002588761725573423
2008-12-01,D,-2897.1350414982444,2104824.3248782353,-0.001376426054780531
2008-12-01,E,-1498.265414962267,902005.0238667243,-0.001661038880403889
2008-12-01,F,-389.01972903702483,280750.78077038005,-0.0013856407735342883
2008-12-01,G,-421.0862001357588,66049.2650752607,-0.006375335132888256
2009-01-01,A,-9594.738949005116,2012185.0950328081,-0.004768318268876093
2009-01-01,B,-13631.120097008867,4412637.081742174,-0.003089109719312584
2009-01-01,C,-9827.613133253037,3886021.865251247,-0.002528964960576114
2009-01-01,D,-3994.6138666432607,2483236.5653703045,-0.001608632025780265
2009-01-01,E,-1471.067443470153,984723.277748775,-0.0014938891734470152
2009-01-01,F,-392.1393239801328,305745.0839931936,-0.0012825695146380916
2009-01-01,G,-328.5482884429992,64322.404312151964,-0.005107835939225439
2009-02-01,A,-11297.235902241113,2358169.8618634264,-0.004790679452291038
2009-02-01,B,-12546.958832102757,4508152.112934725,-0.002783171134821117
2009-02-01,C,-12268.749471277923,4560785.836637724,-0.00269005165134494
2009-02-01,D,-4920.58764037465,2836179.931312094,-0.0017349349334469947
2009-02-01,E,-2626.757170884534,1261128.1000645615,-0.0020828630896021277
2009-02-01,F,-279.36465782887205,319518.8248840274,-0.0008743292603503731
2009-02-01,G,-240.8782459426901,62569.33665853346,-0.003849781039828847
2009-03-01,A,-13548.172727836072,2787859.3327331995,-0.004859704565708317
2009-03-01,B,-11413.973608025863,4599083.90226935,-0.0024817928636600445
2009-03-01,C,-15014.463606359193,5381803.114781706,-0.0027898574671229317
2009-03-01,D,-5960.37108387688,3246277.2637221725,-0.001836063465830622
2009-03-01,E,-3484.4572980127873,1509508.04780531,-0.0023083396627655464
2009-03-01,F,-286.58792213119125,346878.67921443685,-0.0008261906519599769
2009-03-01,G,-157.86431036065903,60789.66385441827,-0.0025968939512269608
2009-04-01,A,-16322.305065782675,3302487.8794524097,-0.0049424269404098765
2009-04-01,B,-11319.804847818308,4812772.766760974,-0.002352033930626774
2009-04-01,C,-15993.007869366134,5928605.871327376,-0.002697600113158712
2009-04-01,D,-6693.621549901256,3663117.3500762493,-0.0018273019699360507
2009-04-01,E,-3804.7436897266816,1689236.7176933638,-0.002252344890372749
2009-04-01,F,-563.4154319873176,404510.38798970485,-0.001392833036469899
2009-04-01,G,-79.30340312402791,58982.9815794258,-0.0013445132985900154
2009-05-01,A,-17826.314741787388,3682024.8648391906,-0.004841443335164967
2009-05-01,B,-15331.741743099823,5765005.802130829,-0.0026594494904815173
2009-05-01,C,-16735.196477716418,6416298.786133811,-0.0026082321031998474
2009-05-01,D,-6429.297889407978,3909421.713059199,-0.001644564941134715
2009-05-01,E,-3435.608886005035,1769478.0598024847,-0.0019415945097327341
2009-05-01,F,-906.1327318478824,473306.97899440245,-0.0019144715207307322
2009-05-01,G,-5.000780489547083,57148.879360438164,-8.750443657883726e-05
2009-06-01,A,-20272.11210959909,4224498.586147596,-0.004798702543320208
2009-06-01,B,-19429.667067214585,6787114.192633408,-0.0028627287703959863
2009-06-01,C,-17372.68301792737,6991646.443296601,-0.00248477710634007
2009-06-01,D,-5697.087530728074,4051011.3669637465,-0.001406337088359757
2009-06-01,E,-2616.677057972517,1746518.7785850053,-0.0014982244050605036
2009-06-01,F,-602.3546571753296,459695.8425829403,-0.001310333053679184
2009-06-01,G,-307.96534319797263,83486.9404778477,-0.0036887846342828633
2009-07-01,A,-22336.48594268867,4750527.565758681,-0.004701895870195089
2009-07-01,B,-22489.184003984323,7694636.34374557,-0.0029227091443072813
2009-07-01,C,-17933.07691719244,7630185.763942588,-0.0023502805137376173
2009-07-01,D,-5208.610430046837,4300976.399431295,-0.0012110297630871809
2009-07-01,E,-2416.565900501115,1871470.9426861573,-0.001291265520282443
2009-07-01,F,-1105.479781396166,549441.5320687079,-0.0020120062224526654
2009-07-01,G,-1306.5202450061543,164509.76092286102,-0.007941901062142959
2009-08-01,A,-24998.3816733347,5370821.390756921,-0.004654480172503302
2009-08-01,B,-26688.287713535585,8841563.078041531,-0.0030185033435792927
2009-08-01,C,-18063.8440194913,8178847.007850854,-0.002208605198526377
2009-08-01,D,-4808.345854265834,4575938.2211617585,-0.0010507890670440631
2009-08-01,E,-3003.3073332729023,2121659.322143222,-0.0014155464555162757
2009-08-01,F,-1122.1600385650208,593553.6910271896,-0.0018905788229924708
2009-08-01,G,-1165.879330359051,168015.37379093707,-0.006939122915083737
2009-09-01,A,-28287.957969340172,6095336.568088652,-0.004640918127054399
2009-09-01,B,-31587.543804571276,10218014.379594767,-0.0030913583237513506
2009-09-01,C,-19126.67681730813,8954087.768372135,-0.0021360832406476828
2009-09-01,D,-4237.013268656577,4840938.902259869,-0.0008752461772815672
2009-09-01,E,-3753.779498533875,2398969.867222924,-0.0015647464146264143
2009-09-01,F,-1209.879830969112,630867.6016036596,-0.0019178030824433029
2009-09-01,G,-1070.4680886681663,150797.10794391175,-0.007098730892546836
2009-10-01,A,-30853.709423528246,6791158.385361761,-0.0045432174708269135
2009-10-01,B,-37244.75789830963,11785384.577515699,-0.0031602496849670596
2009-10-01,C,-20923.022287047574,9904907.531807225,-0.0021123894614723383
2009-10-01,D,-6752.298010587859,5665296.460670154,-0.00119187019734341
2009-10-01,E,-4357.742052113432,2691243.0925073302,-0.0016192301855769882
2009-10-01,F,-1603.9631581970198,704089.1519161131,-0.0022780682727918523
2009-10-01,G,-1017.683285644418,143538.43791838764,-0.00708997046646869
2009-11-01,A,-33740.685827900554,7546766.799189815,-0.004470879613177234
2009-11-01,B,-41939.685206725844,13218169.666423641,-0.003172881440102834
2009-11-01,C,-23239.71795614351,10982430.952427644,-0.0021160814082793224
2009-11-01,D,-10111.047288907592,6704602.281441515,-0.00150807562693095
2009-11-01,E,-4495.373455331942,2930742.004588166,-0.001533868709116769
2009-11-01,F,-1471.0825715498545,746253.1062527143,-0.0019712917229073226
2009-11-01,G,-1892.2595666641382,226277.04382278136,-0.00836257861025506
2009-12-01,A,-36525.42476725585,8310305.910674205,-0.004395196176874863
2009-12-01,B,-50143.88846550907,15352293.138198022,-0.003266214891425316
2009-12-01,C,-24657.581932589186,11942798.205918549,-0.002064640254942055
2009-12-01,D,-11163.501756224701,7439448.809759827,-0.0015005818363289605
2009-12-01,E,-3622.007408147924,3024429.4795046044,-0.00119758368733438
2009-12-01,F,-1815.6526733905014,842783.1904128256,-0.0021543532121246147
2009-12-01,G,-2553.769033355726,298544.6803206795,-0.008554059749490812
2010-01-01,A,-39021.196276969815,9041671.73447009,-0.004315705925067711
2010-01-01,B,-54988.57400580325,17035894.120681506,-0.0032278067482849255
2010-01-01,C,-26041.70849698218,12997800.550230656,-0.0020035473229753514
2010-01-01,D,-12290.141821183419,8228426.136245819,-0.0014936199970302874
2010-01-01,E,-4266.229479346919,3308865.150862886,-0.0012893331353302118
2010-01-01,F,-2225.223209451861,946249.0001744903,-0.0023516254273891176
2010-01-01,G,-2495.0652293032576,323031.5686887371,-0.0077239052499770465
2010-02-01,A,-40595.479045095366,9697922.156850977,-0.00418599761768733
2010-02-01,B,-60958.9761449932,19009004.966372143,-0.003206847294365623
2010-02-01,C,-27505.698684882376,14148919.195378654,-0.001944014119033653
2010-02-01,D,-13085.937509858191,9024138.035157334,-0.0014501038724004892
2010-02-01,E,-3473.1322040260843,3462264.106143707,-0.0010031390146878433
2010-02-01,F,-2067.7589827573806,988550.2329047219,-0.0020917085585843717
2010-02-01,G,-2575.5640480124525,359246.96550397965,-0.007169341136672513
2010-03-01,A,-43437.02440021706,10477598.217359968,-0.004145704339783498
2010-03-01,B,-66778.58946292904,20692871.00445218,-0.003227130225117688
2010-03-01,C,-28867.364173462272,15309095.042292874,-0.0018856349179173133
2010-03-01,D,-14096.08940663076,9830325.211469349,-0.0014339392749880145
2010-03-01,E,-3530.145499727746,3743274.700863172,-0.0009430634355832128
2010-03-01,F,-2308.8898702272218,1093685.1851934893,-0.002111110127014059
2010-03-01,G,-3018.1625691681697,424920.5953290714,-0.007102886050582728
2010-04-01,A,-45570.801474727385,11224348.994126448,-0.0040599950606109965
2010-04-01,B,-76272.49110671118,23456069.958443582,-0.003251716559587385
2010-04-01,C,-31449.392583862053,16715682.633314317,-0.0018814303474022345
2010-04-01,D,-15198.463198811958,10731856.589710837,-0.0014162007357965889
2010-04-01,E,-2841.628395396644,3888513.40674371,-0.0007307750027217366
2010-04-01,F,-1902.5016160008777,1094516.4958247556,-0.001738211916639299
2010-04-01,G,-2721.4030049664707,434336.58526060265,-0.006265654557590686
2010-05-01,A,-51032.2914298004,12400061.585615365,-0.0041154869334681515
2010-05-01,B,-81779.01183278528,25672732.636225387,-0.0031854424299730135
2010-05-01,C,-33691.5828257844,18124148.331406575,-0.001858933297704349
2010-05-01,D,-18107.603057929777,11893532.979771893,-0.0015224747002195694
2010-05-01,E,-5291.103859953082,4447443.990393453,-0.0011896954456046994
2010-05-01,F,-3445.8020133555765,1316434.076011271,-0.002617527209411187
2010-05-01,G,-2096.0596957000666,418987.62939904054,-0.00500267680624956
2010-06-01,A,-56653.78953940975,13704034.829397082,-0.004134095559789399
2010-06-01,B,-86048.120445218,27394487.896416403,-0.0031410742471471545
2010-06-01,C,-36481.783215934076,19361728.39690109,-0.0018842214118535568
2010-06-01,D,-21300.713924755142,12986119.298633646,-0.001640267845606218
2010-06-01,E,-9158.03259354124,5183020.3410756895,-0.0017669297033166905
2010-06-01,F,-5462.435264675374,1597116.7855458115,-0.0034201852451313367
2010-06-01,G,-4440.045230722546,543831.0672539152,-0.008164383202935856
2010-07-01,A,-63341.066456572415,15231291.61956968,-0.004158614255352426
2010-07-01,B,-93890.44742419594,29699700.95557465,-0.003161326356943424
2010-07-01,C,-41918.25987124955,21035527.977896444,-0.0019927362847890536
2010-07-01,D,-24457.32039240033,14248462.943896636,-0.0017164883320187657
2010-07-01,E,-11854.798970005571,5840395.9717247635,-0.0020297937036116162
2010-07-01,F,-7610.947804928747,1918418.5546170368,-0.003967303061478197
2010-07-01,G,-4429.8072451708185,567914.9527938458,-0.007800124337946156
2010-08-01,A,-64810.65234848547,16064806.816479312,-0.004034325036638633
2010-08-01,B,-101206.27939151137,31981513.72500493,-0.0031645243643481035
2010-08-01,C,-45916.439613099894,22501903.173688877,-0.0020405580478538928
2010-08-01,D,-27836.118214203256,15432689.9700792,-0.001803711359987905
2010-08-01,E,-17837.304260351248,6888613.019389264,-0.0025893897959059224
2010-08-01,F,-10741.677357130255,2315088.4360291595,-0.004639856167030225
2010-08-01,G,-9948.905344127525,849166.5632094365,-0.011716082303718487
2010-09-01,A,-68587.05728318472,17330161.84778347,-0.0039576697485925105
2010-09-01,B,-106744.06033195242,34170742.15699505,-0.003123843779614865
2010-09-01,C,-48149.45228860824,23846485.7149192,-0.002019142479282985
2010-09-01,D,-30606.5598490356,16672515.747005042,-0.0018357493442184088
2010-09-01,E,-23177.179314386518,7896246.771364035,-0.0029352146640653663
2010-09-01,F,-11560.375776531238,2509475.8806064217,-0.004606689335359399
2010-09-01,G,-13290.775080667836,1068314.344460178,-0.012440884229991032
2010-10-01,A,-79713.93466757133,19355629.67912602,-0.004118384986128269
2010-10-01,B,-112070.79515363566,36356483.97572213,-0.0030825531761672414
2010-10-01,C,-48372.20700618511,25016953.317612212,-0.0019335770584074498
2010-10-01,D,-31130.055517018864,17656005.693436015,-0.0017631425848821573
2010-10-01,E,-27754.372971523975,8874722.282819835,-0.0031273511538780635
2010-10-01,F,-14403.899977789504,2916835.6490566544,-0.004938193889137335
2010-10-01,G,-15552.381066653374,1224714.4014210135,-0.012698781894463095
2010-11-01,A,-88669.74706355027,21223433.16086438,-0.004177917229105782
2010-11-01,B,-113684.80636982637,37921136.63657964,-0.0029979271839695666
2010-11-01,C,-47449.80523833586,25930613.382342383,-0.0018298759284517006
2010-11-01,D,-30846.15905396019,18545638.18264044,-0.0016632568127439042
2010-11-01,E,-28442.22392113214,9418879.233215792,-0.0030197036416849143
2010-11-01,F,-15557.714128947908,3157829.247912804,-0.004926711645105865
2010-11-01,G,-20282.039381299535,1546573.8312222364,-0.013114174682026601
2010-12-01,A,-101993.2882465563,24076729.759200808,-0.004236176975304549
2010-12-01,B,-115264.88662378084,39663477.619570196,-0.0029060711148260095
2010-12-01,C,-50724.667503957,27168081.002754778,-0.0018670684726982975
2010-12-01,D,-33404.07843484088,19605546.89032244,-0.0017038075306804923
2010-12-01,E,-33299.215645561664,10379243.97025957,-0.003208250595224124
2010-12-01,F,-17878.873037422276,3552607.5676360186,-0.0050326056838637155
2010-12-01,G,-22881.307726192706,1781154.443338615,-0.012846335595302865
2011-01-01,A,-114080.87388467167,26568657.43869176,-0.00429381402308031
2011-01-01,B,-123968.93463672126,42159310.702115975,-0.0029404877018185988
2011-01-01,C,-55638.54762042914,28699700.645425472,-0.0019386455736184667
2011-01-01,D,-41097.962186243545,21187871.313817464,-0.0019396928354686537
2011-01-01,E,-39625.84861847312,11679727.577647494,-0.0033927031563911253
2011-01-01,F,-20828.67358228506,4108436.4358594324,-0.005069732465734977
2011-01-01,G,-22138.164783314067,1904176.1905307546,-0.011626111540205455
2011-02-01,A,-118175.46713035722,28228792.557995606,-0.00418634509030337
2011-02-01,B,-130826.5094295176,44315130.95851884,-0.002952186005091076
2011-02-01,C,-58072.33964194658,29970558.30815899,-0.0019376462408488848
2011-02-01,D,-46891.574665681765,22571500.965574693,-0.0020774681638230106
2011-02-01,E,-46697.65983403016,13275397.475631716,-0.0035176091653563108
2011-02-01,F,-26750.271937006928,5093664.3109709015,-0.005251675474449958
2011-02-01,G,-23710.40953317922,2341382.431625641,-0.010126670984165918
2011-03-01,A,-122308.46035863658,29885373.249171674,-0.0040925860065015775
2011-03-01,B,-138015.6634758626,46308279.51730962,-0.002980366900140904
2011-03-01,C,-65266.29036734679,31549694.70155529,-0.002068682153178788
2011-03-01,D,-56063.725052881266,24242151.495422028,-0.00231265467767861
2011-03-01,E,-58066.90212322811,15392363.497664407,-0.003772448729659939
2011-03-01,F,-35287.72377162162,6468308.857671376,-0.005455479097874336
2011-03-01,G,-25198.053492299838,2755834.5644352417,-0.0091435290846146
2011-04-01,A,-123416.34046437922,31232164.34212846,-0.003951578222771622
2011-04-01,B,-150874.26349272975,49653353.670373514,-0.003038551323125458
2011-04-01,C,-71277.57424890439,33448198.48983666,-0.0021309839533080474
2011-04-01,D,-62301.0624216621,26024069.612460814,-0.0023939784725995035
2011-04-01,E,-64488.08987317133,17055034.882662535,-0.003781176075970817
2011-04-01,F,-38035.1061110592,7145300.611848574,-0.005323093901464149
2011-04-01,G,-26233.45398759973,3125994.3716758415,-0.008392034939441049
2011-05-01,A,-126706.7602218418,33065968.32030309,-0.0038319385960350542
2011-05-01,B,-154804.80289595557,52448177.882720426,-0.0029515763777745565
2011-05-01,C,-78082.80803470833,35826610.65015446,-0.0021794639966695173
2011-05-01,D,-70192.39485725749,28097554.32940758,-0.00249816742177423
2011-05-01,E,-71623.28300718298,18981014.638819043,-0.0037734169837634786
2011-05-01,F,-41653.81638938983,8110070.835146603,-0.005136060736840268
2011-05-01,G,-24606.607574334117,3260369.252687862,-0.0075471842810590625
2011-06-01,A,-131719.4106567786,35259857.56475046,-0.0037356761982061852
2011-06-01,B,-163842.29754092864,55950157.02405545,-0.002928361710772064
2011-06-01,C,-86475.5156184497,38401692.62316527,-0.002251867293117298
2011-06-01,D,-75250.69559052508,30021898.05393315,-0.0025065269176299306
2011-06-01,E,-75075.45592691052,20461160.93792887,-0.0036691689271522755
2011-06-01,F,-45191.757329647655,9142303.097538428,-0.004943148006306591
2011-06-01,G,-25595.58712101214,3649655.9383102925,-0.007013150706162815
2011-07-01,A,-136140.8625192931,37510922.777175725,-0.0036293658603922894
2011-07-01,B,-172907.20437627472,59518895.498565994,-0.002905080864285202
2011-07-01,C,-93652.04595088908,41104183.5307841,-0.0022784066707163854
2011-07-01,D,-77426.32982116647,31674832.98434562,-0.002444411620400089
2011-07-01,E,-82917.71190338353,22656959.15017662,-0.003659701699322575
2011-07-01,F,-47567.50222167251,9975791.828070115,-0.004768293388784033
2011-07-01,G,-24077.01024160634,3825192.313503964,-0.006294326734007066
2011-08-01,A,-147449.244548526,40840802.818189375,-0.0036103414814082978
2011-08-01,B,-180442.06358302193,63169050.69940221,-0.0028564947800415416
2011-08-01,C,-99462.02776110749,43744198.484392755,-0.002273719286377918
2011-08-01,D,-85132.51793491651,34278744.27762971,-0.0024835366559933744
2011-08-01,E,-88004.95470067447,24618000.466382813,-0.0035748213922105455
2011-08-01,F,-50288.469936181966,10958645.820366606,-0.004588931037694549
2011-08-01,G,-23199.451169123942,4047760.7721690163,-0.005731428430413979
2011-09-01,A,-165416.99839247542,45304687.967758074,-0.0036512115150246155
2011-09-01,B,-198182.4697976697,68660945.02230644,-0.002886392981239692
2011-09-01,C,-103871.5954672569,46338040.57912474,-0.002241605259287787
2011-09-01,D,-86834.92093440893,36126855.06536827,-0.0024036114070070313
2011-09-01,E,-89041.93434450678,26116319.95142274,-0.003409436494503355
2011-09-01,F,-50107.919939134925,11614921.167053135,-0.004314099012679566
2011-09-01,G,-22484.726117662747,4258945.164304783,-0.005279411978842204
2011-10-01,A,-185970.20321828086,50221324.77819556,-0.0037030126950976607
2011-10-01,B,-215414.3996214516,74362335.69520254,-0.002896821322347853
2011-10-01,C,-109376.05105947524,49094801.584236525,-0.0022278540197745492
2011-10-01,D,-90667.50330252347,38272691.162918665,-0.002368986881966865
2011-10-01,E,-94621.73735368656,28120346.564190432,-0.0033648851779864495
2011-10-01,F,-51978.9920295218,12537205.032581424,-0.0041459792588890345
2011-10-01,G,-22854.957693324293,4615422.850597163,-0.004951866477492355
2011-11-01,A,-198539.26340927716,54210350.97104648,-0.00366238660796194
2011-11-01,B,-235896.70849272434,80207750.85397284,-0.0029410712304126395
2011-11-01,C,-119948.24261485181,52602481.34985912,-0.0022802772708967094
2011-11-01,D,-95383.86989171192,40525428.427658364,-0.0023536794943940184
2011-11-01,E,-100939.056352012,30314943.29282115,-0.00332967986702173
2011-11-01,F,-55938.265203233714,13734883.151626542,-0.00407271504138055
2011-11-01,G,-22447.16251682487,4885505.351362578,-0.004594644955319578
2011-12-01,A,-200001.87625667767,56779406.885114476,-0.0035224368697854606
2011-12-01,B,-254686.9431344917,86156286.37119871,-0.002956104004264874
2011-12-01,C,-139424.8540926983,57146301.423695445,-0.0024397878886154205
2011-12-01,D,-106019.85365139548,43802015.8619551,-0.00242043320530096
2011-12-01,E,-114700.01691929746,33806222.051294185,-0.0033928670510790324
2011-12-01,F,-62843.303152582834,15297881.722387562,-0.00410797418185129
2011-12-01,G,-21866.84354101177,5167700.845690138,-0.004231445316585754
2012-01-01,A,-219077.4919450418,61856431.90413766,-0.003541709167521307
2012-01-01,B,-280154.65984045854,93415172.98726003,-0.0029990273622751418
2012-01-01,C,-157618.6009208272,61731940.304805845,-0.00255327469285064
2012-01-01,D,-116939.36396168401,47032273.40238552,-0.002486364266536874
2012-01-01,E,-120083.4667080533,36153881.260096855,-0.0033214543645854635
2012-01-01,F,-64290.5778244389,16310817.964565758,-0.003941591277893371
2012-01-01,G,-20890.111517306497,5364936.391741217,-0.0038938227766250376
2012-02-01,A,-243629.345634506,68004005.19636211,-0.003582573481238705
2012-02-01,B,-299674.8351354028,100600599.32524154,-0.0029788573541848855
2012-02-01,C,-172457.63338448125,65876782.79971782,-0.0026178818402349175
2012-02-01,D,-127660.47893344474,50397063.33856896,-0.0025330936065821505
2012-02-01,E,-128050.52285733902,38759694.041779496,-0.0033037031386086786
2012-02-01,F,-67234.1287326719,17569500.53268966,-0.0038267524229033526
2012-02-01,G,-21831.216346794416,5750709.672102577,-0.003796264738020147
2012-03-01,A,-271651.278172304,74565759.74648787,-0.0036431101767872625
2012-03-01,B,-330130.3936889349,109369798.64875071,-0.0030184785723998027
2012-03-01,C,-190586.71601151477,70532003.95575409,-0.0027021310231178605
2012-03-01,D,-135923.64980128317,53607362.51892542,-0.0025355407058740673
2012-03-01,E,-133686.0569546184,41208700.167061865,-0.003244122149270647
2012-03-01,F,-67490.17337831375,18351040.207988475,-0.0036777301239269418
2012-03-01,G,-21006.28237389566,5921419.61149891,-0.003547507819426137
2012-04-01,A,-288667.76404298353,79953234.66268861,-0.00361045760388347
2012-04-01,B,-368187.79699937534,119393304.19989161,-0.003083822827978234
2012-04-01,C,-212811.5594786234,75972834.13821712,-0.0028011533582050665
2012-04-01,D,-146003.4585811317,57024201.83459524,-0.0025603770659452674
2012-04-01,E,-135885.29854092552,43294811.05582267,-0.003138604724841511
2012-04-01,F,-70645.96420054336,19621616.204904366,-0.003600415147396757
2012-04-01,G,-19540.396880371783,6011198.731507159,-0.003250665591532109
2012-05-01,A,-306806.23710982763,85945883.37767981,-0.003569760703506893
2012-05-01,B,-396817.81926972594,128313889.32455307,-0.0030925554619112786
2012-05-01,C,-235782.60842416072,82072578.9172371,-0.0028728548747313826
2012-05-01,D,-159974.09335938926,61442097.45318779,-0.002603656124878747
2012-05-01,E,-144880.04284485584,46417715.84567554,-0.0031212230116306645
2012-05-01,F,-76606.10217117688,21133671.056354318,-0.0036248364974973677
2012-05-01,G,-16903.0432773998,6037582.031205821,-0.002799637866621903
2012-06-01,A,-308797.82631621824,89867746.12832825,-0.0034361363183100743
2012-06-01,B,-423519.76736958895,137302790.650144,-0.0030845678034960226
2012-06-01,C,-268151.6213727143,89840614.40593404,-0.0029847483028233018
2012-06-01,D,-185480.63402112885,67607719.24521415,-0.0027434830828767937
2012-06-01,E,-160672.91429280888,50789118.26734686,-0.0031635302949550924
2012-06-01,F,-87887.28935944724,23577421.49515744,-0.003727603944201379
2012-06-01,G,-20760.100744261155,6582560.369171828,-0.003153803319675904
2012-07-01,A,-315559.3329849707,94662266.37379551,-0.0033335281847036375
2012-07-01,B,-473368.66196328506,150418611.2708427,-0.003147008591316807
2012-07-01,C,-310177.723620631,99456312.29380764,-0.0031187334063254154
2012-07-01,D,-223095.02687367925,76351246.88731088,-0.002921956562188853
2012-07-01,E,-178660.9036793048,56027609.98156127,-0.003188801088215297
2012-07-01,F,-96931.34572710324,25975354.06130105,-0.003731666005335219
2012-07-01,G,-22693.776244889283,7061128.972920127,-0.0032139019598595832
2012-08-01,A,-340978.4718209939,102256735.5655534,-0.0033345331232719033
2012-08-01,B,-540850.7065619122,166273486.12643594,-0.003252777812998064
2012-08-01,C,-361374.27424886724,111027852.25621189,-0.0032548073920672343
2012-08-01,D,-256474.3160177478,85056555.00599483,-0.003015338629687875
2012-08-01,E,-199436.4531746615,61536380.58621882,-0.0032409519584147535
2012-08-01,F,-105056.59863141182,28417491.281370223,-0.0036968991242476153
2012-08-01,G,-25575.280960194614,7692155.759200995,-0.0033248521949913283
2012-09-01,A,-361456.11532624735,109404185.38122454,-0.0033038600311929094
2012-09-01,B,-624521.5024257448,185064820.29543212,-0.003374609509407443
2012-09-01,C,-416560.88122896064,123704707.60659519,-0.003367380993726646
2012-09-01,D,-295059.188881298,94886386.14663671,-0.003109605085236524
2012-09-01,E,-214162.11664253386,66607712.14240733,-0.003215275074823995
2012-09-01,F,-117577.96058821348,31429777.715702504,-0.003740973342279504
2012-09-01,G,-27441.539148238986,8281730.884454699,-0.0033135028813539914
2012-10-01,A,-374803.13881919073,115965591.34341735,-0.003232020243912342
2012-10-01,B,-698612.5653352161,203382416.75807714,-0.0034349703207933358
2012-10-01,C,-469610.1839942373,136645996.51226372,-0.003436691860577786
2012-10-01,D,-348208.9663107738,106929173.79119256,-0.0032564449342023694
2012-10-01,E,-241218.852246486,73540051.23606418,-0.0032801017702880227
2012-10-01,F,-130307.39724563721,34539865.89672262,-0.0037726665655063146
2012-10-01,G,-26932.05308070396,8585922.393712405,-0.0031367687530493744
2012-11-01,A,-376676.11588306364,121088124.85185778,-0.0031107601702801044
2012-11-01,B,-761021.9267670228,221151625.03346753,-0.003441177186248824
2012-11-01,C,-523201.579959586,150308709.761943,-0.003480846723973786
2012-11-01,D,-408111.09765704477,120590295.08663763,-0.003384278124237435
2012-11-01,E,-277031.5524602441,82113352.96187536,-0.003373769825096143
2012-11-01,F,-151150.1995464751,39069018.54992392,-0.0038687995029445
2012-11-01,G,-31028.57388137508,9422754.644127287,-0.0032929408706098037
2012-12-01,A,-415635.735019614,131867552.89941779,-0.0031519181624356137
2012-12-01,B,-844715.3475895007,242772385.72174618,-0.003479453995882679
2012-12-01,C,-619046.8440712154,171247644.48005962,-0.0036149218049145093
2012-12-01,D,-421454.398893836,128915748.6132645,-0.003269223531084327
2012-12-01,E,-282974.4167322325,87382617.10466619,-0.0032383376248995613
2012-12-01,F,-152941.56589092978,41272557.0203229,-0.0037056479397586215
2012-12-01,G,-29916.468438175016,9746436.066681826,-0.003069477728422639
2013-01-01,A,-445242.2928247277,141815845.19459954,-0.0031395807162011183
2013-01-01,B,-964908.8243867923,270808014.53887093,-0.003563073367787246
2013-01-01,C,-740826.9599185076,196467695.82526165,-0.003770731655434077
2013-01-01,D,-430988.9796128636,136985189.135255,-0.0031462450965214802
2013-01-01,E,-285294.924710991,92062777.40544224,-0.0030989172035790213
2013-01-01,F,-149973.72710947646,42869351.7456685,-0.003498390365201399
2013-01-01,G,-25522.05688777386,9785583.063169876,-0.0026081283785563633
2013-02-01,A,-489294.56172248896,153961831.2531357,-0.0031780250841393107
2013-02-01,B,-1111255.4628560115,303328743.36248726,-0.0036635349836531207
2013-02-01,C,-882793.4842245304,226043498.84205562,-0.0039054141735850967
2013-02-01,D,-440815.53172917716,145243304.34586173,-0.0030350144794246887
2013-02-01,E,-285024.00927745365,96397088.99981098,-0.002956769880032503
2013-02-01,F,-147727.7370300211,44665413.33258969,-0.003307430201753735
2013-02-01,G,-23091.483810221896,10045034.950768327,-0.002298795765609125
2013-03-01,A,-554684.1277136322,169653342.36404634,-0.003269514882432303
2013-03-01,B,-1215783.4908185117,331755128.6491112,-0.0036647014192941517
2013-03-01,C,-1017459.1046207946,256538121.17274103,-0.003966112716385275
2013-03-01,D,-465606.2554204043,156252171.54763484,-0.0029798386211769235
2013-03-01,E,-289215.47602559597,101603626.41219017,-0.0028465074155157965
2013-03-01,F,-155661.64959058308,47865060.15163864,-0.00325209347063265
2013-03-01,G,-20330.355233934715,10103040.620136373,-0.0020123006526781926
2013-04-01,A,-606934.940778706,183635922.72811577,-0.0033050991971614965
2013-04-01,B,-1318737.4233754117,360208590.13499415,-0.0036610382414289256
2013-04-01,C,-1158397.549446588,288446498.714175,-0.0040159875561341365
2013-04-01,D,-511695.4897516,170436059.0555367,-0.003002272480290475
2013-04-01,E,-312168.19417815795,109275447.46675153,-0.00285670936532325
2013-04-01,F,-167448.38280514086,51589528.9694402,-0.0032457823544838203
2013-04-01,G,-21536.610226154124,10659644.50730939,-0.0020203872850906354
2013-05-01,A,-611788.2678088256,192255770.21450672,-0.0031821581590307083
2013-05-01,B,-1406616.5503054284,388329535.33734673,-0.0036222239678047746
2013-05-01,C,-1280291.2207120883,320490466.23629326,-0.003994787226426096
2013-05-01,D,-562117.2499149765,186617520.30463147,-0.0030121354575786095
2013-05-01,E,-360259.37962414837,121305603.78796287,-0.002969849441200315
2013-05-01,F,-213852.56597116237,59414609.62673064,-0.0035993262821161424
2013-05-01,G,-33075.33570831193,12530971.408078559,-0.002639486966428531
2013-06-01,A,-620684.4277938856,201109802.2639609,-0.0030862962461631984
2013-06-01,B,-1502237.3362022545,420476077.9338168,-0.0035727058328362442
2013-06-01,C,-1397505.9545536921,354402061.98605597,-0.003943278283207837
2013-06-01,D,-606212.5998212561,202754945.45671907,-0.002989878241715494
2013-06-01,E,-394256.62401898694,132090650.18333787,-0.00298474285251659
2013-06-01,F,-257713.673538648,67956256.25796434,-0.0037923465436406297
2013-06-01,G,-44088.262408054,14289905.271250386,-0.0030852732450756277
2013-07-01,A,-643376.8464581511,212410554.53652507,-0.003028930685021677
2013-07-01,B,-1616048.0017824667,456533912.3496608,-0.0035398202807434167
2013-07-01,C,-1535651.2714717991,392973995.18155926,-0.003907768173724339
2013-07-01,D,-646912.3744024477,219914317.57842433,-0.0029416564665997714
2013-07-01,E,-425492.9752711876,143257121.23532835,-0.0029701348987198387
2013-07-01,F,-287859.0891652144,75217351.22220814,-0.0038270303924265703
2013-07-01,G,-50066.61472085202,15582019.774527986,-0.0032131017316956684
2013-08-01,A,-656060.4244598245,222867628.2645317,-0.0029437223771283487
2013-08-01,B,-1718917.874054189,492756518.65384537,-0.003488371658177302
2013-08-01,C,-1678296.321749349,433730043.4601019,-0.0038694490894858485
2013-08-01,D,-678388.867901603,236232204.11670023,-0.0028717035868931506
2013-08-01,E,-463998.640729258,156065359.50868413,-0.0029731046158480746
2013-08-01,F,-314101.9726519236,82364881.60081905,-0.0038135424533749357
2013-08-01,G,-65113.763345953805,18073775.060996003,-0.003602665360512987
2013-09-01,A,-659998.6982015822,232479214.5615449,-0.0028389578803693816
2013-09-01,B,-1809613.4297984545,529099664.36843455,-0.0034201749720603565
2013-09-01,C,-1820484.5930184543,476804930.1756798,-0.0038180909588071852
2013-09-01,D,-709823.5588108156,253655099.8694864,-0.002798380790199142
2013-09-01,E,-503348.4224815071,169005153.91821784,-0.0029783022044705164
2013-09-01,F,-344099.0418693438,90289946.66103072,-0.0038110449124659574
2013-09-01,G,-75526.80748716622,20153390.924061067,-0.0037475979983594234
2013-10-01,A,-692921.169746803,246835856.21492696,-0.0028072143989625923
2013-10-01,B,-1925202.2424995948,571543178.6381994,-0.003368428343571036
2013-10-01,C,-1962914.1513726183,522113040.2854004,-0.0037595577967170462
2013-10-01,D,-755235.1044400327,274122971.2803396,-0.002755096010059187
2013-10-01,E,-526077.5832615545,181124094.67404905,-0.0029045146324031806
2013-10-01,F,-365986.8682742942,98083924.12784925,-0.003731364456801729
2013-10-01,G,-81059.19432326905,21891893.92035207,-0.0037027035951380785
2013-11-01,A,-813800.1138959798,273703956.0806151,-0.002973285901853344
2013-11-01,B,-2019337.6410318143,612406205.5474256,-0.0032973827220231094
2013-11-01,C,-2046775.1673936213,561354268.8914983,-0.0036461380643552804
2013-11-01,D,-835253.60954941,300771318.6394625,-0.0027770387593061578
2013-11-01,E,-537236.8018136674,192254095.72959793,-0.0027944101777123216
2013-11-01,F,-357647.5671908357,101750739.84639992,-0.003514938247434176
2013-11-01,G,-83762.09996660457,23048754.488321364,-0.003634126955061551
2013-12-01,A,-915182.8418258288,297997370.56435835,-0.003071110460111181
2013-12-01,B,-2088318.509360325,652126077.0344502,-0.0032023232667783724
2013-12-01,C,-2138082.981406967,603382710.2116061,-0.0035434939470790306
2013-12-01,D,-930552.0833314509,331224638.459796,-0.0028094289351738586
2013-12-01,E,-556650.1623084826,204986397.2663888,-0.0027155468349692067
2013-12-01,F,-342889.2967152159,104981583.89075385,-0.0032661852108464475
2013-12-01,G,-85894.0907258204,24131321.236407362,-0.0035594441715122676
2014-01-01,A,-1040282.8742176775,320657757.1006869,-0.003244215526309652
2014-01-01,B,-2284141.616170808,689650803.793684,-0.00331202632347563
2014-01-01,C,-2577798.1061356138,651654755.2008349,-0.0039557727240725135
2014-01-01,D,-1286139.0120840068,364313417.9355594,-0.0035303092029168744
2014-01-01,E,-675485.974919113,215309183.36133918,-0.0031372836233626387
2014-01-01,F,-352376.79929711757,107335396.57173224,-0.0032829505508150257
2014-01-01,G,-95003.27360529044,25300596.308353227,-0.003754981599936608
2014-02-01,A,-1122881.0683693031,339780064.26118636,-0.003304729107079552
2014-02-01,B,-2408951.7785978564,720781259.6658095,-0.0033421398604547067
2014-02-01,C,-2948013.9630181757,695925752.1497506,-0.004236104144603944
2014-02-01,D,-1605751.92943035,397118603.48701006,-0.004043507192386858
2014-02-01,E,-830118.3849862008,228326735.0978376,-0.0036356600317982764
2014-02-01,F,-369458.91688210226,109929694.96018653,-0.003360865478758128
2014-02-01,G,-100131.52453800745,26116834.344240658,-0.0038339839820628442
2014-03-01,A,-1171588.6146090305,355676582.4159114,-0.003293971749984457
2014-03-01,B,-2506101.411772707,751118739.2593956,-0.0033364916634136
2014-03-01,C,-3324028.8898844672,744371690.6956099,-0.0044655498475206475
2014-03-01,D,-1910078.667735001,430061882.5759973,-0.004441404237673787
2014-03-01,E,-1012254.3545330167,244509026.96928754,-0.004139946762211624
2014-03-01,F,-405151.8873698328,114408084.8599631,-0.003541287207680678
2014-03-01,G,-111230.96074272615,27366363.578819253,-0.004064513738639926
2014-04-01,A,-1269728.4667371814,378095406.60192406,-0.0033582224078009203
2014-04-01,B,-2653250.0856196126,786217549.7165952,-0.003374702188441379
2014-04-01,C,-3669185.4786681975,790049144.4176235,-0.0046442496705352415
2014-04-01,D,-2241642.886244721,465576557.5312186,-0.004814767517787685
2014-04-01,E,-1210380.885966295,262374065.01919797,-0.004613187991266328
2014-04-01,F,-434512.83808101347,117938223.69764486,-0.003684240990393095
2014-04-01,G,-121319.32455823914,28582695.96026277,-0.0042445025034343825
2014-05-01,A,-1345222.4304834222,399243464.559564,-0.003369428806974812
2014-05-01,B,-2724092.687849969,815689063.5722291,-0.0033396214433966736
2014-05-01,C,-3969128.952724719,835520127.4189272,-0.004750488734467806
2014-05-01,D,-2557421.998410569,502365202.8221173,-0.005090762624568421
2014-05-01,E,-1386698.7943004218,279567436.7303219,-0.0049601584881220195
2014-05-01,F,-451984.26949480653,121205714.28511167,-0.0037290673311953424
2014-05-01,G,-129308.20476214752,29843474.514285173,-0.004332880365530213
2014-06-01,A,-1359770.631836489,413142561.2357292,-0.0032912867359135064
2014-06-01,B,-2703897.3667119103,836263561.4083713,-0.0032333076454487777
2014-06-01,C,-4116103.2312572463,870232575.5311412,-0.00472988870675751
2014-06-01,D,-2807595.5002839416,535122857.2200249,-0.00524663722059914
2014-06-01,E,-1539635.6053281182,295889705.9336121,-0.005203410508892667
2014-06-01,F,-455450.4103856825,123560447.21599501,-0.003686053430913157
2014-06-01,G,-138144.71967575478,31208181.139848087,-0.004426554660674058
2014-07-01,A,-1535039.5489939088,446800773.56392586,-0.0034356241972223972
2014-07-01,B,-3033523.250782918,892600310.2576457,-0.0033985236347355775
2014-07-01,C,-4746836.405019095,947021520.1223433,-0.005012384939685281
2014-07-01,D,-3435841.203086178,601132863.999935,-0.005715610323188966
2014-07-01,E,-1903807.9799492822,327868466.21055996,-0.005806621179380637
2014-07-01,F,-534127.4611010131,131053750.0763768,-0.004075636605512845
2014-07-01,G,-172607.85379247126,33995806.76668292,-0.005077327770954181
2014-08-01,A,-1613388.8742765766,469642718.9022607,-0.003435353747307526
2014-08-01,B,-2992973.071343461,913939040.7625239,-0.0032748060186227994
2014-08-01,C,-4735159.947257695,974874093.7983906,-0.004857201537491007
2014-08-01,D,-3541665.1768261637,630430949.1517365,-0.005617847888958464
2014-08-01,E,-1997261.5301423213,343699875.1000426,-0.005811062717322686
2014-08-01,F,-556280.2873111427,136326245.83567208,-0.004080507637404495
2014-08-01,G,-212977.45457536704,37455199.56464447,-0.005686191958683498
2014-09-01,A,-1582165.6235210611,478074726.40573496,-0.003309452552357475
2014-09-01,B,-2694884.9084542147,906981031.801294,-0.002971269314311993
2014-09-01,C,-4388907.392517578,974118484.7068135,-0.004505516999647671
2014-09-01,D,-3299693.092541374,633429509.0614482,-0.0052092506669456015
2014-09-01,E,-1867186.4795322916,345463588.21143126,-0.005404872013283012
2014-09-01,F,-518672.3616657722,136586033.47949874,-0.0037974040862942533
2014-09-01,G,-216747.04009802119,38956605.535743766,-0.005563807141747752
2014-10-01,A,-2219070.183195446,554876569.4082681,-0.003999214069467573
2014-10-01,B,-3450984.3709027027,988077278.2614214,-0.0034926259785822695
2014-10-01,C,-5233320.731437741,1076643893.7076106,-0.004860772221923713
2014-10-01,D,-3824301.94090847,702115075.2617676,-0.005446830691511169
2014-10-01,E,-2259580.7541342634,382983481.2643107,-0.005899943116802067
2014-10-01,F,-633718.5738087522,146973687.0757156,-0.004311782513030942
2014-10-01,G,-235459.33392453747,41417217.81804319,-0.0056850591693283865
2014-11-01,A,-2350051.3002636237,585209945.6892805,-0.004015740534784746
2014-11-01,B,-3705124.562551196,1027713679.5683603,-0.0036052109028142433
2014-11-01,C,-5427692.984328005,1124607326.1631408,-0.004826300574482154
2014-11-01,D,-3892003.0902145836,733859769.4766375,-0.005303469752797896
2014-11-01,E,-2341596.204035206,400653533.4453482,-0.00584444166484461
2014-11-01,F,-650216.604169413,151250394.3903666,-0.004298941545178717
2014-11-01,G,-231986.63035858388,42403590.89142904,-0.005470919454735965
2014-12-01,A,-2196037.928196749,588226195.1669062,-0.003733322225770028
2014-12-01,B,-3332994.035002311,1018599111.3319496,-0.003272135227610784
2014-12-01,C,-4905753.867901776,1118483872.6615438,-0.004386074746190167
2014-12-01,D,-3488596.2696588133,730452890.4457934,-0.004775936018994644
2014-12-01,E,-2124912.4819885427,400050826.8429288,-0.005311606274526819
2014-12-01,F,-582269.2152132008,150323775.48837876,-0.0038734339482992485
2014-12-01,G,-204131.38895279245,41999531.511455685,-0.004860325379989395
2015-01-01,A,-2582200.839826785,648321036.8643254,-0.0039829045997271315
2015-01-01,B,-3898251.4265980013,1090123078.8369462,-0.003575973669649349
2015-01-01,C,-5470614.138242587,1200948606.2209957,-0.004555244171069797
2015-01-01,D,-3802357.3628063463,785057026.8472294,-0.004843415488014322
2015-01-01,E,-2394168.639205075,431804440.3436262,-0.00554456697411406
2015-01-01,F,-683532.5795164157,160075654.59144577,-0.004270059561905066
2015-01-01,G,-230506.5217988826,45100609.30250524,-0.005110940303551031
2015-02-01,A,-2716055.504366219,680987404.4353057,-0.003988407842313104
2015-02-01,B,-3971379.1226968598,1120366625.5750792,-0.003544713874941043
2015-02-01,C,-5453473.559791275,1238540029.9564211,-0.0044031467921009865
2015-02-01,D,-3716297.2595891114,806326115.3672491,-0.004608925828845922
2015-02-01,E,-2414983.720035268,447581578.61610645,-0.005395628049532876
2015-02-01,F,-666676.6262122199,162393117.97923028,-0.0041053256105193225
2015-02-01,G,-228438.19927875712,46564696.678982526,-0.004905823844480558
2015-03-01,A,-2800712.532760377,710268178.6346499,-0.003943176136856072
2015-03-01,B,-4049564.0354960565,1155024669.2453117,-0.0035060411637285846
2015-03-01,C,-5478170.750915818,1279865336.2854774,-0.0042802712094812895
2015-03-01,D,-3649506.9270388093,830933254.8451551,-0.004392057852731983
2015-03-01,E,-2439393.489927421,464193067.13225794,-0.005255126934570069
2015-03-01,F,-667963.3611167468,166257933.31008482,-0.004017633010455746
2015-03-01,G,-222266.28723768564,47780372.22310877,-0.004651832476311005
2015-04-01,A,-3088724.532522354,762334574.0750026,-0.004051665289181111
2015-04-01,B,-4475838.497763003,1213269710.0441406,-0.0036890713257814417
2015-04-01,C,-5819192.786026895,1347097978.7649713,-0.004319799211162035
2015-04-01,D,-3774492.3233341496,870905608.5430399,-0.004333985550567981
2015-04-01,E,-2671268.2536340645,494240837.2170933,-0.005404790645538504
2015-04-01,F,-723758.6165738243,172917243.75184327,-0.004185578030682143
2015-04-01,G,-230603.53180235656,49581179.48982644,-0.004651029567573601
2015-05-01,A,-3307796.748742981,809087034.4168538,-0.004088307695014619
2015-05-01,B,-4606548.464970931,1254842572.4250038,-0.003671017039267883
2015-05-01,C,-5911350.874296346,1397296174.4928076,-0.0042305639865091995
2015-05-01,D,-3733436.9477676135,899485677.445822,-0.00415063523676005
2015-05-01,E,-2788700.262251305,517625331.8680451,-0.005387487996747057
2015-05-01,F,-784394.4757133961,180428341.19572914,-0.004347401691525185
2015-05-01,G,-232658.16210460715,51220023.77213535,-0.004542328272623285
2015-06-01,A,-3357843.9251172915,841526844.3908792,-0.003990180405412728
2015-06-01,B,-4573469.007627642,1285290328.065171,-0.0035583158977881475
2015-06-01,C,-5790349.2171999365,1433024124.246117,-0.004040650202065589
2015-06-01,D,-3582773.655597141,917996195.4939585,-0.003902819721022166
2015-06-01,E,-2842674.381396454,537094287.2752514,-0.005292691523154543
2015-06-01,F,-816170.3235353238,186403155.60555744,-0.0043785220313673195
2015-06-01,G,-220350.44780639885,51891468.13669289,-0.004246371430963373
2015-07-01,A,-3757644.305756009,911865329.2106308,-0.004120832523601777
2015-07-01,B,-5199191.100164766,1376277730.1116264,-0.0037777194140481175
2015-07-01,C,-6401818.588147542,1531220105.9349139,-0.004180861107645133
2015-07-01,D,-3827937.2486826396,970785992.6776503,-0.00394313193387176
2015-07-01,E,-3170429.9279343192,575899214.0107415,-0.005505181897808921
2015-07-01,F,-939714.8778796333,199130782.99521127,-0.004719083929390424
2015-07-01,G,-230228.2259860883,53911208.46404709,-0.004270507609556285
2015-08-01,A,-3883964.03410715,953669296.65184,-0.00407265290781935
2015-08-01,B,-5420193.635910099,1434507519.0021794,-0.0037784351522118895
2015-08-01,C,-6508431.351079335,1586818986.6897717,-0.004101558782490013
2015-08-01,D,-3763171.5809015427,997378442.2482402,-0.0037730628831507437
2015-08-01,E,-3255575.9657756086,598557364.0330129,-0.005439037528232716
2015-08-01,F,-954245.7905869652,205563120.89150813,-0.004642105969438925
2015-08-01,G,-226076.32191250674,54767705.35004718,-0.004127912982067487
2015-09-01,A,-3832744.7352788746,979563633.7477182,-0.003912706232891838
2015-09-01,B,-5319785.259915658,1466455964.826196,-0.003627647462667696
2015-09-01,C,-6249297.335787502,1616993749.1606584,-0.003864762828570833
2015-09-01,D,-3536757.8176776096,1012720120.7575015,-0.003492334896073913
2015-09-01,E,-3208472.634863592,614964865.3664211,-0.00521732673776713
2015-09-01,F,-922368.7418541011,209785028.3234332,-0.004396732928109873
2015-09-01,G,-204188.72124064114,55083170.847025804,-0.003706916615379745
2015-10-01,A,-4252238.987793973,1059228885.8110293,-0.004014466603729488
2015-10-01,B,-6011328.133354043,1576568937.1772325,-0.0038129180346005193
2015-10-01,C,-6734798.82164436,1712999240.154377,-0.003931583075913924
2015-10-01,D,-3650040.066661521,1054324451.7387903,-0.003461970421573625
2015-10-01,E,-3324549.4161537276,642841817.9470754,-0.005171644599554404
2015-10-01,F,-934839.8071311923,217013760.59078288,-0.004307744377988984
2015-10-01,G,-201636.8539602136,56482132.53964657,-0.003569922821498965
2015-11-01,A,-4314075.391631034,1101883132.0416744,-0.003915184166253188
2015-11-01,B,-6129210.954838767,1638505704.4963343,-0.003740732142719543
2015-11-01,C,-6767301.072231752,1766839315.6072216,-0.0038301734699094513
2015-11-01,D,-3448919.400812103,1070915961.5623658,-0.003220532258927632
2015-11-01,E,-3227648.379258092,655962470.2016382,-0.004920477200876959
2015-11-01,F,-867283.9538160949,218064502.56365266,-0.003977189976451743
2015-11-01,G,-172304.63343783095,56043587.04057365,-0.0030744754669805177
2015-12-01,A,-4481313.293687177,1158213373.208258,-0.0038691603786907697
2015-12-01,B,-6392621.7881979495,1719886523.364077,-0.0037168857952872723
2015-12-01,C,-6950277.152737793,1844283498.734592,-0.0037685513954370613
2015-12-01,D,-3424600.0873298193,1105248535.630823,-0.003098488690034972
2015-12-01,E,-3212823.225906373,675199812.2556959,-0.004758329560508953
2015-12-01,F,-854138.7620680414,223937618.5902351,-0.003814181679010167
2015-12-01,G,-157841.4040423491,56787982.06309729,-0.002779486051590477
2016-01-01,A,-6076772.628451855,1195653434.5606549,-0.0050823862942231054
2016-01-01,B,-9392922.365797918,1765023206.8331277,-0.005321699074229772
2016-01-01,C,-10503506.297084058,1873319635.4802725,-0.0056068948929749625
2016-01-01,D,-5162689.931247708,1110991083.3765132,-0.0046469229217909755
2016-01-01,E,-4506621.339502918,681151517.5853895,-0.006616180428516721
2016-01-01,F,-1511014.419272056,227107438.12507778,-0.006653302206860683
2016-01-01,G,-306649.28314216464,57012003.0347424,-0.005378679345037157
2016-02-01,A,-7716102.346011278,1240310723.784253,-0.006221104274958655
2016-02-01,B,-12994280.363747086,1838634028.357329,-0.007067355527710116
2016-02-01,C,-14432566.502186313,1930654209.9717927,-0.007475479776566088
2016-02-01,D,-6859021.370954506,1124140348.8256898,-0.006101570304917568
2016-02-01,E,-5677361.91487699,691184254.045162,-0.008213963037569475
2016-02-01,F,-2162940.375781722,232169816.34253952,-0.009316199710433312
2016-02-01,G,-490417.34042485955,58310767.639956474,-0.008410407893323793
2016-03-01,A,-11215774.260673113,1341545193.370602,-0.0083603402375836
2016-03-01,B,-17488872.552074023,1935851962.3512948,-0.009034199356252406
2016-03-01,C,-20172993.782864217,2031512181.6869204,-0.009930038305806778
2016-03-01,D,-9748728.366768427,1167481649.274641,-0.008350219785317683
2016-03-01,E,-7635134.2591755,720086346.1018734,-0.010603081561687227
2016-03-01,F,-3231688.1979105524,245382443.12739763,-0.013170005794720713
2016-03-01,G,-734910.5646162383,61376144.87860383,-0.011973879527132593
2016-04-01,A,-11772517.039925309,1347094585.0788279,-0.008739191123121036
2016-04-01,B,-17451593.91862686,1920114312.3808858,-0.00908883070455706
2016-04-01,C,-20741076.578851644,2034188452.0192637,-0.010196241433905863
2016-04-01,D,-10092549.565791223,1163372094.189297,-0.008675254990385753
2016-04-01,E,-7477774.541241314,715211838.3788424,-0.010455328253781494
2016-04-01,F,-3143221.6910331775,244151916.8131149,-0.012874040605788664
2016-04-01,G,-830862.8155620889,62500830.42564152,-0.013293628419074893
2016-05-01,A,-11523118.79419029,1330705055.5578945,-0.008659408594009778
2016-05-01,B,-17290115.5017679,1899516388.211469,-0.00910237764152579
2016-05-01,C,-19590493.65616115,2010726423.6472573,-0.009742993092330258
2016-05-01,D,-9249813.169406971,1147995530.3443038,-0.008057359915532764
2016-05-01,E,-6970772.86239907,706024504.2961241,-0.00987327326457122
2016-05-01,F,-3016270.703802168,242429417.44183403,-0.0124418510576418
2016-05-01,G,-823455.8881725641,62328385.5651159,-0.013211570951284802
2016-06-01,A,-11139473.085024554,1318535564.2426429,-0.008448367558005905
2016-06-01,B,-16934719.65150986,1896398322.1920526,-0.00892993811127979
2016-06-01,C,-19602361.785627082,2001515853.5289705,-0.009793757941544754
2016-06-01,D,-9133604.06236257,1132918939.9664612,-0.00806201021110386
2016-06-01,E,-6601014.648469778,694188273.4098991,-0.00950896882202454
2016-06-01,F,-3049047.85043173,241925961.44928437,-0.012603227169858372
2016-06-01,G,-832634.932013161,62067745.17689629,-0.013414937656267492
2016-07-01,A,-9958233.92942225,1279996973.2373238,-0.00777988865413973
2016-07-01,B,-16342929.906658642,1880046300.9471388,-0.008692833734161399
2016-07-01,C,-20360089.904929426,2008409173.1683037,-0.010137421286923817
2016-07-01,D,-9381070.137262875,1132152521.4875271,-0.008286048000791585
2016-07-01,E,-6306739.002424731,686327243.2673159,-0.00918911359601725
2016-07-01,F,-3060702.964739099,242056838.04679576,-0.012644563109377588
2016-07-01,G,-867574.371844095,62621123.47206364,-0.013854340576165722
2016-08-01,A,-8742907.772013657,1238404636.5034919,-0.007059815115597724
2016-08-01,B,-16287595.641090851,1878000337.9449866,-0.00867283956876901
2016-08-01,C,-20280503.717372783,2004948051.827555,-0.010115226526136998
2016-08-01,D,-9509047.13404334,1129335485.3422759,-0.00842003749768065
2016-08-01,E,-5987375.277875085,676761211.4493616,-0.008847101720047513
2016-08-01,F,-3127304.6550569604,242554182.39995354,-0.012893220904763749
2016-08-01,G,-874935.2767193982,62722155.83808197,-0.013949381443106876
2016-09-01,A,-7395268.750979149,1190258719.5917177,-0.006213160743334754
2016-09-01,B,-14735461.204709703,1837696991.416778,-0.008018438988328188
2016-09-01,C,-18976574.70529016,1982853766.820341,-0.009570334949974935
2016-09-01,D,-9050104.747623317,1116644510.1677744,-0.008104732226967695
2016-09-01,E,-5506596.630503763,663847843.8351002,-0.008294968013591383
2016-09-01,F,-2931500.4916687543,239939837.17215964,-0.012217648083029116
2016-09-01,G,-820193.9972802346,62247437.94861218,-0.013176349490196504
2016-10-01,A,-6276322.225802385,1149537206.5848823,-0.0054598687105121895
2016-10-01,B,-13689860.00761599,1811075486.9887993,-0.007558967092187612
2016-10-01,C,-18218021.450938635,1966216587.3579888,-0.009265521188293017
2016-10-01,D,-8749521.65042419,1107566048.9002233,-0.007899774157136883
2016-10-01,E,-4949176.671555464,650554842.0105764,-0.007607624064805597
2016-10-01,F,-2667026.8060335475,236372115.13775772,-0.011283170201693223
2016-10-01,G,-755555.1865939352,61657623.3713437,-0.012254043300428131
2016-11-01,A,-5256988.864241851,1106635592.702808,-0.004750424529001788
2016-11-01,B,-12634376.122246036,1781065325.7341244,-0.007093718540075651
2016-11-01,C,-17628674.239001725,1949183864.4486647,-0.009044131013257732
2016-11-01,D,-8436701.533663277,1096251364.0004058,-0.007695955335349671
2016-11-01,E,-4410541.509199119,634965699.6696308,-0.006946109863090085
2016-11-01,F,-2228923.764911903,229129800.848973,-0.009727777690432595
2016-11-01,G,-627494.6986869146,59614532.340913326,-0.010525868006453627
2016-12-01,A,-4306396.971062402,1065723514.7365837,-0.004040820073419155
2016-12-01,B,-11307952.81718191,1745135410.9392402,-0.006479699366764849
2016-12-01,C,-16587756.45409349,1928828142.0533633,-0.008599914161577267
2016-12-01,D,-8165643.160852788,1090330313.4408898,-0.007489146234120063
2016-12-01,E,-4007026.5410843096,623206681.673295,-0.006429691238748499
2016-12-01,F,-2007312.0443132194,224898454.7180907,-0.00892541501376422
2016-12-01,G,-591744.886900778,58933475.14806232,-0.010040895864601565
2017-01-01,A,-3426859.812337075,1024571747.2683699,-0.003344675296262551
2017-01-01,B,-9926664.063653592,1699869982.805545,-0.0058396607764495964
2017-01-01,C,-15404151.040271021,1897456954.2738705,-0.008118313833457144
2017-01-01,D,-7112035.411044137,1070124985.8309556,-0.006645985754198252
2017-01-01,E,-3371443.19939014,606275828.2107079,-0.005560906509072324
2017-01-01,F,-1695603.4777538178,218703803.23154655,-0.007752967496219738
2017-01-01,G,-552950.9459103958,57785085.08415051,-0.009569094604691707
2017-02-01,A,-2467329.4995261854,979542741.0831734,-0.0025188584387832074
2017-02-01,B,-8159175.743440904,1642180439.581903,-0.004968501357572022
2017-02-01,C,-14084978.683884762,1852710566.3078427,-0.007602363229327225
2017-02-01,D,-5461855.003757916,1032487418.8904092,-0.005289996666136279
2017-02-01,E,-2539408.315038126,583483158.9774991,-0.004352153572843828
2017-02-01,F,-1399508.1113613737,211791489.94120264,-0.006607952527978834
2017-02-01,G,-478263.00921067083,56418950.017886735,-0.008476992376835179
2017-03-01,A,-1767721.9038334189,946131155.0264411,-0.0018683687715409997
2017-03-01,B,-6995140.536107306,1600395165.508361,-0.004370883321111083
2017-03-01,C,-13588718.738219999,1825379920.180334,-0.00744432355587517
2017-03-01,D,-4233088.020035811,1005180513.1934904,-0.004211271472610582
2017-03-01,E,-1873611.0886165842,564211699.5090178,-0.003320759016955901
2017-03-01,F,-1206264.3328250712,206128722.3661534,-0.005851995388989717
2017-03-01,G,-427680.6342007342,55632541.380028844,-0.007687598365841767
2017-04-01,A,-913606.7810509892,897893157.9119431,-0.0010175005489245382
2017-04-01,B,-5421744.853359076,1529284703.7335093,-0.0035452815555682567
2017-04-01,C,-11876912.047580544,1762800569.3476284,-0.006737524513040017
2017-04-01,D,-2858335.97617446,961495902.7288888,-0.002972800994847733
2017-04-01,E,-1137299.5484842733,536091170.7473518,-0.0021214666656397107
2017-04-01,F,-870589.6252842708,197222201.23019883,-0.004414257724809155
2017-04-01,G,-341247.7513620557,53442346.182588205,-0.006385343753363059
2017-05-01,A,-200823.2709705402,863598594.1431125,-0.00023254237829069518
2017-05-01,B,-4388938.655721143,1481777591.8518422,-0.0029619415760202546
2017-05-01,C,-11077898.472577974,1727751720.9532309,-0.006411742114466599
2017-05-01,D,-1782128.6336309235,929439159.8092945,-0.0019174236579364557
2017-05-01,E,-435650.8299379003,515359313.5350483,-0.0008453341552122212
2017-05-01,F,-640394.2750938,190599872.1956834,-0.00335988827125931
2017-05-01,G,-317775.8947641014,52707263.43533361,-0.006029072162966301
2017-06-01,A,540280.9280051426,827510733.0004052,0.0006528989975104989
2017-06-01,B,-3194940.4807367492,1428614653.2810163,-0.0022363906693796784
2017-06-01,C,-9700097.406025121,1680014615.533261,-0.005773817272980193
2017-06-01,D,-766755.9841980543,891834040.7234777,-0.0008597518699510988
2017-06-01,E,307831.9347813653,492245347.0369525,0.0006253628127403235
2017-06-01,F,-412375.725984689,183292651.57645914,-0.0022498213782054955
2017-06-01,G,-405145.98573102185,54085496.02845171,-0.007490843488204204
2017-07-01,A,1223667.6660147633,786961188.2609637,0.0015549275927048433
2017-07-01,B,-2096925.6933108424,1369849138.648225,-0.0015307712609726504
2017-07-01,C,-8584109.739366444,1633440751.5799296,-0.005255231774439047
2017-07-01,D,21118.04212197718,858397069.8001444,2.460171739273757e-05
2017-07-01,E,923639.0845089712,470472067.702286,0.0019632176869072886
2017-07-01,F,-116684.04853423702,175457288.8388916,-0.0006650282202945621
2017-07-01,G,-631807.9264764173,57443978.514696315,-0.010998679806183293
2017-08-01,A,1891797.699259632,750573784.6683574,0.002520468657315985
2017-08-01,B,-963320.2271891583,1316040387.4383354,-0.0007319837874157155
2017-08-01,C,-7224084.750459031,1589147170.763822,-0.004545887809111337
2017-08-01,D,840499.2325302747,826185433.4544178,0.0010173251651460478
2017-08-01,E,1512275.5059613949,449673477.1666705,0.003363052487529464
2017-08-01,F,273454.62183079805,166505279.5568011,0.0016423180247417473
2017-08-01,G,-639374.1512771854,57643969.73972146,-0.011091778622536535
2017-09-01,A,2745476.201494673,708876412.8664936,0.0038729969733267778
2017-09-01,B,490318.3605068358,1253319255.4908876,0.00039121585211326926
2017-09-01,C,-5509814.991962324,1531064554.853911,-0.0035986823511096515
2017-09-01,D,1631070.3829208252,791611713.7648965,0.002060442455005463
2017-09-01,E,2072372.9370097711,428614762.0285454,0.0048350479745533186
2017-09-01,F,485892.10018563224,159657290.1897872,0.0030433442757799812
2017-09-01,G,-950080.3781793924,62635226.61241593,-0.015168467163988224
2017-10-01,A,2998446.138355405,675200160.7883307,0.0044408255691979785
2017-10-01,B,1306349.6192576252,1200205053.0624454,0.0010884386929752889
2017-10-01,C,-3241642.9015341145,1464989561.506805,-0.0022127412963952762
2017-10-01,D,2116855.5487276837,762995718.3374237,0.0027744002985237402
2017-10-01,E,2612097.1935600983,408872363.8511091,0.006388539369492074
2017-10-01,F,684789.9676758678,153920662.09077242,0.004448980132842875
2017-10-01,G,-833573.2458836725,62602993.06981143,-0.013315229911677181
2017-11-01,A,3389651.610275388,645195663.1969489,0.005253680090593978
2017-11-01,B,2088142.9297703677,1144326379.093604,0.001824779160840756
2017-11-01,C,-916564.6447156102,1393370991.7478898,-0.0006578037365094286
2017-11-01,D,2651147.0152255474,729960332.6776456,0.003631905593418469
2017-11-01,E,3214802.6250398965,385086170.9250864,0.008348268174151846
2017-11-01,F,952354.2601375252,144950408.24651062,0.006570207505162036
2017-11-01,G,-599725.6625756233,59432812.89654729,-0.010090817401147506
2017-12-01,A,4148535.646445786,610071101.5529591,0.006800085491487027
2017-12-01,B,3479901.5086290725,1084986346.7843368,0.0032073228561287823
2017-12-01,C,1531637.1058865981,1323326301.026042,0.0011574145429581822
2017-12-01,D,3428241.6757592135,698881463.8521072,0.004905326372319808
2017-12-01,E,3842016.7646801285,362533522.86316866,0.010597686896199733
2017-12-01,F,1315105.0503355893,135904874.03451842,0.00967665846922875
2017-12-01,G,-324498.08842907334,56234180.328448355,-0.005770477786530708
2018-01-01,A,4429445.10369439,578611753.8231926,0.007655297484758498
2018-01-01,B,4698614.856565538,1021684061.5138873,0.00459889219530677
2018-01-01,C,3849036.8243694324,1250815505.952786,0.003077221865296192
2018-01-01,D,4215308.030389621,664297475.469817,0.006345512644630165
2018-01-01,E,4413972.892458782,339925939.62685204,0.012985101688044596
2018-01-01,F,1656394.7643287175,126634692.59876977,0.013080102540121845
2018-01-01,G,-68633.92188194318,52271019.495130435,-0.0013130396641362068
2018-02-01,A,5021107.711243981,536920760.6565474,0.009351673615868687
2018-02-01,B,6346550.251854125,948512672.8932649,0.006691054777892563
2018-02-01,C,6467078.944318706,1165757430.6528344,0.005547533967419864
2018-02-01,D,5398521.463994758,621919765.8054068,0.008680414678577539
2018-02-01,E,5063767.736141677,313807668.69603974,0.016136532791512313
2018-02-01,F,1957259.881903598,116972862.6557583,0.0167325979502071
2018-02-01,G,151740.48811439206,48741158.26217919,0.0031131900333221142
2018-03-01,A,5553777.583423636,500345400.91039205,0.01109988734445922
2018-03-01,B,7681063.397446008,884950144.1204575,0.008679656643346993
2018-03-01,C,8778732.541405048,1087141046.661875,0.008075063091730937
2018-03-01,D,6306893.561431366,584684470.7177411,0.01078683268890178
2018-03-01,E,5616927.534410241,291013252.358436,0.01930127748097179
2018-03-01,F,2241697.0996394693,107478603.26455912,0.020857147669862443
2018-03-01,G,347481.3675653379,45053144.029236585,0.007712699636230602
2018-04-01,A,5939729.438632198,457007322.3526292,0.012997011531576888
2018-04-01,B,8859588.797074972,810067018.9945649,0.01093685903676374
2018-04-01,C,10733773.528046168,995662465.4743708,0.010780534468508057
2018-04-01,D,7129988.342690944,538981407.08109,0.013228635067959281
2018-04-01,E,6060438.301455431,264545761.0051814,0.022908846765973056
2018-04-01,F,2482745.7272440703,96704182.00666955,0.025673612823412732
2018-04-01,G,499109.60816676886,41021405.84937516,0.012167052733380939
2018-05-01,A,6294271.9580097785,422092538.7681508,0.014912066383308257
2018-05-01,B,10094754.71670049,746937364.9735321,0.01351486107146106
2018-05-01,C,12603818.513679266,919700834.1404743,0.013704259087095891
2018-05-01,D,7880638.221976324,501973301.110332,0.015699317482712465
2018-05-01,E,6477018.709260972,241567185.0084614,0.026812494043982428
2018-05-01,F,2683066.4486742024,87388555.47534105,0.030702721129556826
2018-05-01,G,627375.9969256573,37603609.2837501,0.016683930316145727
2018-06-01,A,6810556.127539836,384258435.8455464,0.017723894890045704
2018-06-01,B,11704453.854724418,674134351.4402637,0.017362197653506713
2018-06-01,C,14738365.88504279,833695413.7000682,0.017678357878486654
2018-06-01,D,8866917.986575969,458723190.68254906,0.019329561196552096
2018-06-01,E,6954183.490721169,218246344.42130384,0.031863917396466344
2018-06-01,F,2844198.252023835,78567237.38127528,0.036200817883176396
2018-06-01,G,753388.7545248654,34013676.873403355,0.022149582867178056
2018-07-01,A,7032144.43475072,345146309.3719486,0.02037438687247412
2018-07-01,B,12904386.555473179,600012667.1524972,0.02150685687472902
2018-07-01,C,16401049.309735622,747855983.845896,0.021930758948256593
2018-07-01,D,9679244.37496453,416689950.0057858,0.02322888846930465
2018-07-01,E,7336619.691909265,195372295.91839692,0.037551996087375784
2018-07-01,F,2997767.891810014,70847832.70159175,0.04231276776576205
2018-07-01,G,851417.7262038602,30145077.897964235,0.028244004845028394
2018-08-01,A,7425381.409158588,304242448.0219933,0.02440613220618649
2018-08-01,B,14176315.080284845,526431916.9073781,0.02692905696821393
2018-08-01,C,18217586.29980896,662118235.6764024,0.02751409841657413
2018-08-01,D,10597459.104230395,374151001.4032325,0.028324016411783514
2018-08-01,E,7741536.777635403,173095929.11663967,0.04472396790116776
2018-08-01,F,3128865.581499071,63307182.463264845,0.04942354816240089
2018-08-01,G,930653.9344007331,26543107.824756924,0.03506198070493864
2018-09-01,A,7954779.919550906,261459682.10812446,0.030424499316346883
2018-09-01,B,15663928.868085194,446644571.25920486,0.03507023229662142
2018-09-01,C,20171609.27618378,567565722.8953637,0.035540569950702636
2018-09-01,D,11633959.190392692,326488294.05959964,0.035633618117619066
2018-09-01,E,8118027.863236905,149005966.56089693,0.05448122683006231
2018-09-01,F,3254757.3855159534,54802085.72298672,0.0593911224833318
2018-09-01,G,1015470.5197817263,22954196.820019078,0.04423899157717871
2018-10-01,A,8078642.125761325,225251275.78350854,0.035865022729219945
2018-10-01,B,16436229.613672774,382971233.6607887,0.04291766109052183
2018-10-01,C,21515579.196636025,490842395.7628531,0.04383398700350065
2018-10-01,D,12468041.677313711,287268459.4524634,0.04340205569757963
2018-10-01,E,8421086.211712558,130621927.91988122,0.06446916184607035
2018-10-01,F,3372628.448853545,47543757.69488143,0.0709373556566111
2018-10-01,G,1084459.8517889048,20306780.976536665,0.05340382865417895
2018-11-01,A,8449752.47847238,184358223.6549992,0.04583333637605946
2018-11-01,B,17351960.019403983,314009898.5827303,0.055259277168399096
2018-11-01,C,22986992.013574652,407489554.51673037,0.05641124234665719
2018-11-01,D,13268974.084250147,242129256.02600622,0.05480120123453803
2018-11-01,E,8726014.848935539,110364887.30479746,0.07906513622250785
2018-11-01,F,3515998.0273243994,39819480.99302171,0.08829843934783006
2018-11-01,G,1150565.1469862126,16860338.920344345,0.06824092637888172
2018-12-01,A,8662406.160764283,146098959.95473993,0.059291360892971545
2018-12-01,B,18000550.222795364,251686605.01323083,0.07151969895993908
2018-12-01,C,24120834.369765606,332320144.07884103,0.07258312443450035
2018-12-01,D,13910222.392070593,201471373.93771055,0.06904317035318007
2018-12-01,E,8980830.660317676,92151935.53341545,0.0974567773138212
2018-12-01,F,3631499.598894034,33140052.576490883,0.10958038133802395
2018-12-01,G,1203896.7851205405,14057655.785309905,0.08563993908419634
2019-01-01,A,8303648.006413884,107985559.00774881,0.07689591166368859
2019-01-01,B,18189346.619310725,189552805.64221412,0.09595925820081816
2019-01-01,C,24909434.753459405,258344756.42285323,0.09641935488982083
2019-01-01,D,14435938.649051918,159418426.72266355,0.090553764366059
2019-01-01,E,9192012.807214426,73749050.18108383,0.12463906700688764
2019-01-01,F,3710928.931924261,26822618.528569706,0.1383507329074386
2019-01-01,G,1245794.5896472377,11619374.482905762,0.10721700995867124
2019-02-01,A,7722951.9505541315,67925991.21578795,0.11369656610559842
2019-02-01,B,17759094.737662364,123945604.21389398,0.14328135999898264
2019-02-01,C,25039743.479701567,181327363.02299225,0.1380913672501074
2019-02-01,D,14708364.384376597,116362430.17429258,0.12640131666505922
2019-02-01,E,9282980.714779697,54393411.41856148,0.1706636975450289
2019-02-01,F,3755486.7888938882,20377501.30065021,0.18429574526755435
2019-02-01,G,1275093.1822813211,8994758.209813781,0.14175958403085517
2019-03-01,A,6200691.4502254035,26912596.85935635,0.23040108253506164
2019-03-01,B,16822146.036600456,61620635.22268141,0.27299533631565903
2019-03-01,C,24504919.833904486,107078202.51879816,0.22885068349557433
2019-03-01,D,14552960.63356033,74679681.82304679,0.19487175464999318
2019-03-01,E,9185221.19069049,35916110.48603329,0.25574097713788774
2019-03-01,F,3728215.5866696974,14542494.911108317,0.2563669858204242
2019-03-01,G,1277516.8921508037,6520739.738297721,0.19591594564764936
2019-04-01,A,5896386.821010431,8342826.425251635,0.7067612965269843
2019-04-01,B,17078244.101368424,29797744.273100242,0.5731388236922926
2019-04-01,C,24685434.831184365,60554750.29439447,0.4076548034823535
2019-04-01,D,14626429.374283206,46553982.24900194,0.3141821315317612
2019-04-01,E,9139949.213233018,23188366.354763467,0.39416098026911867
2019-04-01,F,3712586.621005636,9545674.772523073,0.38892867287833865
2019-04-01,G,1286546.8003558428,4263072.075214692,0.3017886579576657
2019-05-01,A,5898283.163304459,6088143.1921444675,0.9688147891979636
2019-05-01,B,17408827.38941798,20362989.917943586,0.8549249132651959
2019-05-01,C,24957932.41348788,40140844.32791696,0.6217590295212166
2019-05-01,D,14621644.890729291,31313542.970809683,0.4669431659125737
2019-05-01,E,9084424.347628605,16497174.05630747,0.5506654846837419
2019-05-01,F,3700220.6301317904,6859993.048348439,0.5393913090076131
2019-05-01,G,1292326.0282236629,3104325.781698316,0.4162984554786826
2019-06-01,A,5747894.186088176,3077497.061686669,1.8677171970841642
2019-06-01,B,17241153.500534795,10150735.204581665,1.6985127828723952
2019-06-01,C,25063583.93629536,18707285.880406804,1.3397766034326692
2019-06-01,D,14655197.140279597,14688432.903493155,0.9977372832464889
2019-06-01,E,9064443.70970667,8993310.136577543,1.007909609704197
2019-06-01,F,3686161.3752287948,3451135.3715389622,1.0681010677321034
2019-06-01,G,1293943.7698422526,1812354.9504674475,0.7139571470304507
2019-07-01,A,5879534.4631331535,2030040.9561524077,2.8962639622191646
2019-07-01,B,17106017.401146423,6165066.633054132,2.7746686969175904
2019-07-01,C,24734588.394484326,10888455.35638979,2.271634275468564
2019-07-01,D,14308300.739944713,8841760.908361483,1.6182637020204458
2019-07-01,E,8881014.325032419,5547816.834647912,1.6008124618620445
2019-07-01,F,3628910.713546634,2232311.2269641142,1.625629378965163
2019-07-01,G,1279529.6765500999,1262904.4256425556,1.0131642985565479
2019-08-01,A,6005312.284748282,1534984.3491701493,3.9122954497841644
2019-08-01,B,16654623.300375748,4289468.268277893,3.882677818960096
2019-08-01,C,24417477.09960966,7983226.484942085,3.0585975664934177
2019-08-01,D,14062539.167340687,6316361.419349477,2.226367086003288
2019-08-01,E,8759800.7737292,4235085.807421112,2.068388026136202
2019-08-01,F,3578505.9732696502,1706929.9815539266,2.0964573895479353
2019-08-01,G,1255232.3670739585,920905.883976499,1.363040880631393
2019-09-01,A,6171022.8342291955,1051945.337671722,5.866296102312277
2019-09-01,B,16560493.48186074,2953192.868014063,5.607657278746306
2019-09-01,C,24211791.403267004,5298419.051353413,4.569625612583892
2019-09-01,D,13958970.62877636,4288065.88383996,3.2553069395184084
2019-09-01,E,8726779.274228143,3138641.8958995836,2.780431652820626
2019-09-01,F,3539652.572455117,1394820.0373033239,2.5377127355429354
2019-09-01,G,1240404.320838518,790090.1873429955,1.56995282400594
2019-10-01,A,6153654.677832346,853353.2349437831,7.2111458957998025
2019-10-01,B,16000116.20605182,2346609.4424071615,6.818397606735459
2019-10-01,C,23558441.798178364,3763118.338621797,6.260351038231341
2019-10-01,D,13542248.836399727,3076722.8916645576,4.40151723546125
2019-10-01,E,8467572.518559989,2405589.1614223225,3.5199578774097375
2019-10-01,F,3437534.585147908,1049531.6135044768,3.2753035172229663
2019-10-01,G,1216161.0743669898,695699.2539947989,1.7481132362635563
2019-11-01,A,6147642.1747548245,709026.2310609679,8.670542647703819
2019-11-01,B,15426869.770599721,2009998.2029471532,7.675066449303349
2019-11-01,C,22903257.17555149,2905113.639910465,7.883773240711286
2019-11-01,D,13169574.63536083,2439220.063690681,5.399092452295797
2019-11-01,E,8276703.695163427,1917716.5464044765,4.31591608816298
2019-11-01,F,3365015.4580796543,895705.1408480845,3.7568339229286343
2019-11-01,G,1195013.7221601952,656511.2617871724,1.8202486259064272
2019-12-01,A,6100782.658644783,667935.029958119,9.133796529622522
2019-12-01,B,14957333.300085202,1914852.313120892,7.811220321063417
2019-12-01,C,22348537.12730967,2769344.911361419,8.069972445694045
2019-12-01,D,12817579.13854174,2325493.660069283,5.51176696743171
2019-12-01,E,8162461.39239851,1837489.0038279647,4.442182443211356
2019-12-01,F,3309283.6650871886,850317.2747541126,3.891822221351599
2019-12-01,G,1178606.3321444371,628891.9551926537,1.8740998710714702
2020-01-01,A,5994135.809163835,627416.3549588252,9.553681158912738
2020-01-01,B,14360186.123355096,1822559.4758808964,7.879131690017632
2020-01-01,C,21574018.12919061,2634722.466748539,8.18834560431509
2020-01-01,D,12279869.087074943,2212798.1866229866,5.549475393332456
2020-01-01,E,7854369.247363636,1759067.346695769,4.465075917711324
2020-01-01,F,3183056.1387430886,805641.1546616756,3.950960201480515
2020-01-01,G,1139840.9158771203,601862.1667259143,1.8938570637821788
2020-02-01,A,5914325.719907348,587596.5976675824,10.065282446126798
2020-02-01,B,13920785.068394754,1731540.7681436562,8.039536420109183
2020-02-01,C,21044059.57926487,2502625.4202313772,8.408793185405775
2020-02-01,D,11947872.569608262,2102321.5169337424,5.683180461870721
2020-02-01,E,7619629.14068416,1682926.012020927,4.52760791993119
2020-02-01,F,3093148.0219052485,761963.59250503,4.059443328172966
2020-02-01,G,1109369.1361339246,574160.7421706482,1.9321577646355441
2020-03-01,A,5672715.187811968,547540.6139048665,10.360355092850856
2020-03-01,B,13280147.371163862,1641745.023537781,8.089043780103317
2020-03-01,C,20317424.19037426,2373409.0241728476,8.560439428452517
2020-03-01,D,11471112.588211922,1993828.6570107124,5.753309116045216
2020-03-01,E,7341511.541388015,1608253.561444591,4.56489680320907
2020-03-01,F,2987611.149937175,718544.5204925064,4.157865051826434
2020-03-01,G,1077106.801582649,545770.9419067447,1.9735510245737724
2020-04-01,A,5522453.439931915,508811.1495605954,10.853640775562907
2020-04-01,B,12708684.399227511,1555116.2011478858,8.17217670926892
2020-04-01,C,19608845.522215463,2247881.4776920956,8.723255970927749
2020-04-01,D,11025128.767917207,1888706.8243483724,5.837395526815558
2020-04-01,E,6988921.667964725,1533573.4777880136,4.557278649631685
2020-04-01,F,2859850.162936164,677483.6198296046,4.221283111841806
2020-04-01,G,1037297.1081536612,518391.9633555116,2.000989948685385
2020-05-01,A,5259476.375994186,470965.92865193315,11.167424342241954
2020-05-01,B,12047163.471764771,1469415.129492648,8.19861129095925
2020-05-01,C,18774663.930108808,2123452.8498237706,8.84157325728563
2020-05-01,D,10559736.921473384,1785588.9650614685,5.913867708691774
2020-05-01,E,6643588.819451467,1460757.6171704768,4.54804324917385
2020-05-01,F,2721634.4188478757,637857.021702722,4.266840884784229
2020-05-01,G,993232.7831001908,491228.7688086959,2.0219352899646545
2020-06-01,A,4967986.364126026,434194.053174645,11.441857224441907
2020-06-01,B,11404656.29131731,1384361.3919787488,8.238207419968544
2020-06-01,C,18020991.15417179,2000579.7973124383,9.007884203559906
2020-06-01,D,10161725.85026946,1682263.6934738057,6.040507139095364
2020-06-01,E,6306276.083350448,1389319.6548953892,4.539110967824959
2020-06-01,F,2586657.263074821,599777.6829158126,4.3126934141660875
2020-06-01,G,948947.2393238596,464235.7493572492,2.0441063417406147
2020-07-01,A,4686576.170557759,399073.8192129617,11.743632242777657
2020-07-01,B,10672021.96669213,1301863.7831175437,8.197495087493778
2020-07-01,C,17033237.645505704,1881857.4999635667,9.051289827117873
2020-07-01,D,9608157.675504375,1584661.551655811,6.063223825595328
2020-07-01,E,5834184.42016577,1316938.8474649934,4.4301103512863405
2020-07-01,F,2411856.388497001,563416.8752834656,4.280767038231772
2020-07-01,G,894248.8635621459,438544.41884243925,2.039129504652145
2020-08-01,A,4369279.009797849,363963.35193413176,12.004722416636548
2020-08-01,B,9960569.75742236,1221216.0239675979,8.156271750399698
2020-08-01,C,16073454.030777339,1772348.5174775918,9.069014289386546
2020-08-01,D,9082055.323981712,1491221.4125559616,6.0903466430347315
2020-08-01,E,5420184.965193573,1244889.1215319019,4.353949979516046
2020-08-01,F,2267730.8138638083,529683.0854918673,4.281297394569393
2020-08-01,G,848230.5084916967,417584.6715101213,2.031277885330945
2020-09-01,A,4121804.808522319,330188.18420816475,12.483198992740931
2020-09-01,B,9349631.446346654,1142472.5392421237,8.18368155487472
2020-09-01,C,15324977.903838221,1671237.1473274312,9.169840395389278
2020-09-01,D,8619436.802427707,1400698.4031488725,6.153670756710069
2020-09-01,E,5063481.165905071,1175774.330150756,4.306507665680913
2020-09-01,F,2142092.659717196,500220.1412469059,4.282299897756158
2020-09-01,G,798572.1342301862,397819.9140025674,2.0073709387635947
2020-10-01,A,3785548.4313317654,297296.0037167138,12.7332637640798
2020-10-01,B,8622584.506773768,1066449.1780794582,8.085321536186061
2020-10-01,C,14450133.508532181,1572050.2236579754,9.191903217257542
2020-10-01,D,8037298.451728983,1315397.7129950298,6.1101660526905235
2020-10-01,E,4644704.297972105,1109032.9622442413,4.188066952106701
2020-10-01,F,2000441.8927266288,470654.5294686019,4.250340254847332
2020-10-01,G,751210.5101926909,379472.81958045956,1.9796161185489383
2020-11-01,A,3383428.1186881554,265337.2094727156,12.751427232583714
2020-11-01,B,7956729.031352584,995774.7725180446,7.990490672134797
2020-11-01,C,13599348.7519522,1476740.2262287454,9.209032509855714
2020-11-01,D,7538088.654974838,1233956.439248454,6.108877441059378
2020-11-01,E,4306996.921364795,1045483.0303688007,4.119623940567907
2020-11-01,F,1891285.154452958,441900.2130571303,4.279891927113524
2020-11-01,G,723334.771228213,362166.10444506217,1.9972459110621639
2020-12-01,A,3050429.831428473,233594.55247821464,13.058651407176802
2020-12-01,B,7337821.460709179,928765.4506760195,7.900618455787956
2020-12-01,C,12772097.256193554,1385804.7298113378,9.216375858330586
2020-12-01,D,6990389.863722838,1160296.7727556487,6.024656818721473
2020-12-01,E,3953352.9524715096,988209.7661043515,4.000520019202127
2020-12-01,F,1766916.5060829816,413534.7515364251,4.272715895141276
2020-12-01,G,693037.3835463248,344423.862973199,2.0121642489105143
2021-01-01,A,2694058.556455273,205140.34008740948,13.132758555959036
2021-01-01,B,6778724.289409829,863225.0888266962,7.852788776822435
2021-01-01,C,12019084.99781198,1298459.9791944146,9.256415438594276
2021-01-01,D,6530967.656231998,1088462.2800284158,6.000178211101167
2021-01-01,E,3622163.57046709,933036.7118986307,3.8821233122717875
2021-01-01,F,1635951.0350495724,387746.5052111861,4.21912515796513
2021-01-01,G,658037.3214830109,326714.3310483606,2.014106082740544
2021-02-01,A,2410436.267037751,181520.37542218014,13.27914985538983
2021-02-01,B,6247612.045133838,799041.0503211025,7.818887455936306
2021-02-01,C,11266407.400478574,1215095.9095535874,9.272031377850432
2021-02-01,D,6089254.199285826,1019991.3255839018,5.9699078281866615
2021-02-01,E,3305171.6544016483,878819.2062591249,3.7609233285544508
2021-02-01,F,1498352.2915943349,362043.6800544071,4.138595352276736
2021-02-01,G,617851.8326426023,309260.8583293294,1.9978339191720693
2021-03-01,A,1995414.6448818059,158509.84715989386,12.588584751261342
2021-03-01,B,5561516.932201417,737580.0196627231,7.540221784674373
2021-03-01,C,10270034.76318042,1134622.3960200166,9.051500128329248
2021-03-01,D,5520910.193659927,955034.710654799,5.780847682357674
2021-03-01,E,2879915.855020571,826608.9161412774,3.4840125708592753
2021-03-01,F,1311924.2057918236,338694.07158122,3.8734785042649307
2021-03-01,G,571358.662226395,292224.6584542735,1.9552034563017537
2021-04-01,A,1670455.317642995,138530.24358077892,12.058416086368384
2021-04-01,B,5104074.4759324575,682372.8262766197,7.4798911670954675
2021-04-01,C,9637535.885896565,1057944.4829833554,9.109680177847473
2021-04-01,D,5138110.597997297,893925.1600120375,5.747808460753143
2021-04-01,E,2679644.6982947835,776450.3657664413,3.451147447975868
2021-04-01,F,1229289.8015218575,316849.7077993642,3.8797252175478394
2021-04-01,G,534155.7636122311,276107.54691534577,1.9345931307556856
2021-05-01,A,1336808.8992848564,122177.61415162333,10.941520740664215
2021-05-01,B,4602589.398905534,629184.3731867614,7.315168009646901
2021-05-01,C,9148339.589866694,985841.5849485272,9.279725799297001
2021-05-01,D,4886394.291938786,835311.4548266891,5.849787242475465
2021-05-01,E,2517062.4651587033,727836.0849448183,3.458282046224099
2021-05-01,F,1148856.599643769,295664.84498065064,3.885671966577407
2021-05-01,G,504968.33167146967,260434.44669877357,1.9389460114526689
2021-06-01,A,1081678.2428145104,107333.15699365815,10.077764160784184
2021-06-01,B,4263529.288932633,582039.3756372355,7.325156110383054
2021-06-01,C,8577507.173495535,916935.4571624015,9.354537559317377
2021-06-01,D,4560659.374770953,783170.3116599119,5.823330260189177
2021-06-01,E,2327747.810283397,680188.4333474147,3.4222102231698353
2021-06-01,F,1051685.2098544762,275553.4830181502,3.8166282579168254
2021-06-01,G,473802.2830570994,244360.10900562693,1.938951021855163
2021-07-01,A,891491.2263979665,96277.85975367401,9.259566308171353
2021-07-01,B,3938819.7171643223,539176.7021585709,7.305248356235397
2021-07-01,C,7934724.554007615,853265.589413571,9.29924357955295
2021-07-01,D,4212822.289106907,732501.4725838919,5.751281665340845
2021-07-01,E,2141292.171556602,635175.1446067666,3.3711838218768215
2021-07-01,F,954381.3149435389,255247.65378541133,3.7390404996470394
2021-07-01,G,439628.8144396511,228316.8028613469,1.925521069540513
2021-08-01,A,732296.2395978121,85497.2503717475,8.565143749228675
2021-08-01,B,3616158.4379555257,502781.74846447585,7.192302522912735
2021-08-01,C,7409839.953241685,792583.1816649208,9.348974498394456
2021-08-01,D,3886943.0373773244,687206.560913545,5.65614948758664
2021-08-01,E,1960099.4678326293,592568.9657264773,3.307799735056303
2021-08-01,F,851618.9832388785,236343.07753268004,3.603316805930658
2021-08-01,G,408122.67311102425,212994.385237902,1.9161193974910449
2021-09-01,A,604477.0280462756,76704.38317047791,7.880606075702432
2021-09-01,B,3423398.1936876243,472063.7690454739,7.25198250357114
2021-09-01,C,7012153.797577175,735877.7515214186,9.52896562381405
2021-09-01,D,3622353.7943018125,645736.5204769843,5.609646782291482
2021-09-01,E,1794867.8385570515,551346.0764335814,3.255428695833428
2021-09-01,F,771870.4938747273,216974.20699178276,3.5574297266769572
2021-09-01,G,381457.0662760517,197729.00569723418,1.9291912429891285
2021-10-01,A,501867.0694971499,69791.76889955548,7.190920611561493
2021-10-01,B,3211792.89181443,444434.7212816943,7.226692105765318
2021-10-01,C,6558342.861865598,684267.3366668413,9.584474532734783
2021-10-01,D,3343902.7668311074,607322.731862167,5.5059733341086465
2021-10-01,E,1635672.9021497937,512066.9310741534,3.194256068671868
2021-10-01,F,701123.4606102625,198390.44161667748,3.534058671863571
2021-10-01,G,357017.9179643898,182299.59790167422,1.9584130852386865
2021-11-01,A,429529.38228020916,65628.95856650648,6.544814844881876
2021-11-01,B,3013195.1071466324,419324.7723885868,7.18582660877072
2021-11-01,C,6102985.777944852,637673.2535052692,9.570709990417408
2021-11-01,D,3063169.819057036,573422.4583694155,5.341907653508145
2021-11-01,E,1483832.4698344795,474889.35613350064,3.124585654889568
2021-11-01,F,652535.4167677236,179693.8090179103,3.631373948462991
2021-11-01,G,339528.10833454726,167433.38952816572,2.027839902729985
2021-12-01,A,365353.77852126834,61756.952506415655,5.915994292032356
2021-12-01,B,2852869.8159564547,394478.9643004273,7.231994793475898
2021-12-01,C,5706145.975758228,593833.3719969265,9.609001859511125
2021-12-01,D,2797024.7914777827,538974.3367625388,5.18953241499158
2021-12-01,E,1322125.8204351407,437747.90797666984,3.020290437357395
2021-12-01,F,589232.6184533816,161652.46150503797,3.6450581263497672
2021-12-01,G,315300.5133566196,152552.8117816136,2.06682859315623
2022-01-01,A,353325.7725136211,58105.84448327774,6.0807269157804695
2022-01-01,B,2728036.3501527426,370540.86371655023,7.36230903871263
2022-01-01,C,5330410.508079859,550523.0399981512,9.68244763760979
2022-01-01,D,2620291.176749667,505708.3910602459,5.181427128895528
2022-01-01,E,1195140.7475031477,401983.2447200127,2.973110852756017
2022-01-01,F,535321.5235860036,145608.51999842472,3.676443683321519
2022-01-01,G,291563.1124968412,137289.66534551358,2.123707649538451
2022-02-01,A,341994.6077046952,54431.75629543295,6.282997848691315
2022-02-01,B,2626145.39214512,346386.328549023,7.5815503549051
2022-02-01,C,4931399.621588873,506692.2975721968,9.732533226215493
2022-02-01,D,2493330.8078669226,471903.772630131,5.283557692218635
2022-02-01,E,1095596.2597093116,366955.690095064,2.9856363841244296
2022-02-01,F,483316.46915385127,130598.74688436274,3.700774170381578
2022-02-01,G,271363.0828470119,122969.40613452319,2.206752812566668
2022-03-01,A,326344.4009428162,50734.54312849182,6.432390651795299
2022-03-01,B,2490272.125231855,322013.3797824756,7.733443023125522
2022-03-01,C,4453711.476589114,462723.84749588685,9.62498799379192
2022-03-01,D,2350287.715651289,438172.87392956775,5.363836639574991
2022-03-01,E,987949.4346777387,331794.55565357744,2.977593868988147
2022-03-01,F,424642.51154473063,116547.31731154845,3.643520257181017
2022-03-01,G,249937.80764624052,110799.70427834417,2.2557624072566314
2022-04-01,A,310935.07875215827,47014.0592543552,6.613661608540098
2022-04-01,B,2371587.6827200796,297420.0201033637,7.973866997574242
2022-04-01,C,4084042.905534089,419339.1119921802,9.739236786503827
2022-04-01,D,2213232.2733555455,403894.3779289793,5.479730331241996
2022-04-01,E,890210.052977201,297615.78923700214,2.99113852547754
2022-04-01,F,380714.0593898401,102145.95486175796,3.7271574768192237
2022-04-01,G,232376.61379853508,99040.14570289718,2.346287075299986
2022-05-01,A,297774.5104100102,43270.158025441975,6.881752320731642
2022-05-01,B,2206092.220764879,272604.23372893844,8.092655754416812
2022-05-01,C,3637996.637253898,376353.9248245766,9.666424068646595
2022-05-01,D,2062799.868011326,369720.58750772406,5.579348128587053
2022-05-01,E,801031.702437867,265188.12508009153,3.020616787406831
2022-05-01,F,330449.8372601035,88276.60325484387,3.7433456326602736
2022-05-01,G,210659.44401865275,86978.09678092672,2.421982680872455
2022-06-01,A,285639.1507727958,39502.69186888034,7.23087813156901
2022-06-01,B,2048150.6477889228,247563.9862345997,8.27321727582795
2022-06-01,C,3242257.293026066,334646.58629028697,9.688601126842487
2022-06-01,D,1900007.7021649848,334991.11138129106,5.6718152739353505
2022-06-01,E,724751.2687774475,233417.86779954183,3.1049519713711913
2022-06-01,F,283322.9488652239,75480.61277106474,3.7535857018616428
2022-06-01,G,179949.16062342311,74605.77653704368,2.4120003701599932
2022-07-01,A,275737.434793333,35711.51228066218,7.7212477765228975
2022-07-01,B,1904713.7099949867,222779.94593406975,8.549753892833218
2022-07-01,C,2845274.111653013,293292.3355871532,9.701153990120298
2022-07-01,D,1735154.3896849204,300799.13128845434,5.768482050637894
2022-07-01,E,647307.406313065,203151.0346488898,3.186335759656947
2022-07-01,F,245863.49065262242,63446.54410652012,3.8751281746700545
2022-07-01,G,135318.94419064425,62736.985107949986,2.156924563043702
2022-08-01,A,264812.3343086217,31896.469819760427,8.30224585369525
2022-08-01,B,1749234.1078164582,197771.51067228508,8.844722386304698
2022-08-01,C,2460934.4090033206,254031.2220190129,9.687527341891592
2022-08-01,D,1574134.3635435994,266311.4911928745,5.910876607286698
2022-08-01,E,574033.3387987108,173406.49793741695,3.3103334974556815
2022-08-01,F,222161.946442547,52529.60354380733,4.229271333777989
2022-08-01,G,108363.00274049432,51108.43079265962,2.1202568942120172
2022-09-01,A,247838.81307079893,28057.414102209434,8.833273521499702
2022-09-01,B,1587084.6743988644,174283.12812617305,9.106358667431579
2022-09-01,C,2071391.5970546636,216027.31987030566,9.588563142375909
2022-09-01,D,1399247.0755683517,232865.9893874086,6.008808238804198
2022-09-01,E,495307.89961751574,145283.32829873086,3.4092549050023555
2022-09-01,F,184205.81983270947,43987.650878204455,4.187671224879664
2022-09-01,G,53889.35212933444,42451.314424114076,1.2694389528424848
2022-10-01,A,230196.0541014012,24194.19379514777,9.514516418710667
2022-10-01,B,1410061.0652643002,150580.17098229565,9.36418823319099
2022-10-01,C,1809248.7302791479,181064.78228950413,9.992272972147303
2022-10-01,D,1226711.7432729893,200350.9355319155,6.122815149408557
2022-10-01,E,426804.27602618316,121819.47580076601,3.503579975374507
2022-10-01,F,147684.15805770492,36714.275760858414,4.022526796379108
2022-10-01,G,33933.03713291798,38471.55825309662,0.8820291839930002
2022-11-01,A,205464.19276357754,20306.656610823386,10.118070970583398
2022-11-01,B,1200915.9955678768,127084.90991763175,9.449713552507793
2022-11-01,C,1546744.7228210233,148749.9917616857,10.398284426792326
2022-11-01,D,1043126.0190595868,168517.89157006287,6.190001603633271
2022-11-01,E,364647.8138911625,101054.33615115142,3.608433123995221
2022-11-01,F,118836.76947876663,31961.222839845806,3.7181546549155735
2022-11-01,G,24361.42123713274,34389.58908696442,0.7083952406505224
2022-12-01,A,184944.7043618255,16876.885847971826,10.958461532999655
2022-12-01,B,1011652.082945468,104423.23066608589,9.687998316968638
2022-12-01,C,1277455.0048167007,117800.9351303868,10.844183905694486
2022-12-01,D,867661.6540941619,137378.61484278052,6.315842207953074
2022-12-01,E,301116.0890502369,82432.13569725567,3.65289685270476
2022-12-01,F,100014.01048094961,27773.695649709312,3.601033573002244
2022-12-01,G,20724.747111034972,30202.781758785488,0.6861866988462574
2023-01-01,A,163559.32755478975,13425.693597914285,12.182560726709799
2023-01-01,B,863013.3679379008,84715.53714855008,10.187191122032228
2023-01-01,C,1071377.278009415,91893.995218327,11.658838811654402
2023-01-01,D,727590.9135087135,109058.86804178717,6.6715428701307316
2023-01-01,E,249709.03248400654,65641.18816034375,3.8041516231247154
2023-01-01,F,84224.42312845531,23484.378142141835,3.5864021018005046
2023-01-01,G,18575.534612400294,25908.44367849955,0.7169683691890546
2023-02-01,A,144948.273824101,9952.945944168236,14.563353869015137
2023-02-01,B,734533.3433992028,66418.00257397092,11.059250729215167
2023-02-01,C,900954.8631233381,68468.35430487292,13.158704809985725
2023-02-01,D,624450.6956692998,83922.35359985124,7.4408148590151875
2023-02-01,E,210164.73897898375,50650.016200159254,4.149351860983669
2023-02-01,F,68847.27817504862,19090.794553599935,3.6063076359525406
2023-02-01,G,16146.201889663918,21503.81310126035,0.7508529679658339
2023-03-01,A,125296.15848166395,7676.479598445566,16.322085778360638
2023-03-01,B,593066.428149451,49545.25212561164,11.970196995785892
2023-03-01,C,731484.6841676639,49708.134511484015,14.715593159076807
2023-03-01,D,506604.2449955322,60646.24051571912,8.353431980078364
2023-03-01,E,169895.17278760765,38875.42713642378,4.370245815985563
2023-03-01,F,56395.61012065643,15253.412904486426,3.6972453623194723
2023-03-01,G,14115.402721761204,16986.05735130301,0.8309993561088738
2023-04-01,A,107652.08839219695,5816.826856224813,18.507012681148357
2023-04-01,B,464068.7801418261,35111.40420500951,13.217038470811579
2023-04-01,C,570823.6418085208,32543.36726176329,17.540398853538672
2023-04-01,D,404866.7056354186,42820.36981606132,9.455002546091015
2023-04-01,E,129465.17401403277,28942.744072591428,4.4731478704756045
2023-04-01,F,44599.67791141047,11827.645252423259,3.7707994245323557
2023-04-01,G,10618.547868751413,12352.271000193947,0.8596433699183484
2023-05-01,A,90000.7545863505,4743.835215877559,18.97215027307843
2023-05-01,B,342399.6472158087,23854.325579897795,14.35377605076168
2023-05-01,C,418124.1978284106,20492.921862619987,20.403347098643263
2023-05-01,D,299577.29033919127,27374.56362212701,10.943637110512377
2023-05-01,E,95606.09828078678,21385.241113150598,4.470657954003379
2023-05-01,F,34316.25762191432,8633.870512880187,3.9746087888068997
2023-05-01,G,7614.963572098932,8415.555954615515,0.9048675587407273
2023-06-01,A,74798.3437951793,3663.8333634800383,20.415323617265496
2023-06-01,B,261663.35789836803,13751.993261202562,19.027304109912464
2023-06-01,C,306514.52701129456,10528.575403879882,29.11263065070902
2023-06-01,D,219959.34911008473,16808.45128478434,13.086235333840687
2023-06-01,E,73218.92691609869,15321.591364586764,4.778806925064697
2023-06-01,F,24301.875983412017,6624.745941201886,3.6683483712589107
2023-06-01,G,6128.1439645475275,5776.710613140232,1.0608362396772815
2023-07-01,A,56432.63184175447,2576.7754989801797,21.900484486944645
2023-07-01,B,198028.3651931372,7218.578340766178,27.4331531563206
2023-07-01,C,216159.96527322842,4946.908165045405,43.69597293125501
2023-07-01,D,155603.49976062888,9582.785015508638,16.237815990737815
2023-07-01,E,52141.052309601844,9126.981315945555,5.712847490824521
2023-07-01,F,16574.01413063892,4565.714499008316,3.6301030505168104
2023-07-01,G,3622.4160365508133,3070.0354608649495,1.1799264479929612
2023-08-01,A,39355.258169121735,1482.615523098928,26.54448004622419
2023-08-01,B,141632.05495096077,3074.1743735401647,46.071574914554965
2023-08-01,C,142356.3048066752,2751.8060854203563,51.73195362889437
2023-08-01,D,101166.83734308429,4371.25325556842,23.14366874401766
2023-08-01,E,36532.37000654548,4457.57693992649,8.195566896294098
2023-08-01,F,8962.857169453579,2455.5357820039444,3.6500617238568838
2023-08-01,G,1519.7735174153747,712.037990738727,2.1343994803404187
2023-09-01,A,25062.21988903708,381.30703537525466,65.72713735631095
2023-09-01,B,99970.89900074404,1408.984345995452,70.95245542285588
2023-09-01,C,95163.5833033317,528.8897300325812,179.93085873962679
2023-09-01,D,65885.26699655238,1071.3219375666179,61.49903655123784
2023-09-01,E,24194.100998926235,669.9580747383842,36.1128582685923
2023-09-01,F,3684.3104082825635,766.5128503355733,4.8065866171318605
2023-09-01,G,960.1428907459022,360.5357985391272,2.66310001568874
2023-10-01,A,13425.57727894821,0.0,inf
2023-10-01,B,62496.071840587996,0.0,inf
2023-10-01,C,53290.10632626424,0.0,inf
2023-10-01,D,36410.24517307509,0.0,inf
2023-10-01,E,13549.546085881018,0.0,inf
2023-10-01,F,652.9852739810142,0.0,inf
2023-10-01,G,179.18281020221207,0.0,inf
2023-11-01,A,6307.42087372709,,0.0
2023-11-01,B,29037.600194832732,,0.0
2023-11-01,C,22437.33021224103,,0.0
2023-11-01,D,14198.457048891647,,0.0
2023-11-01,E,5102.205475660951,,0.0
