month_date,grade,flow_rate_30,flow_rate_90,flow_rate_120,flow_rate_60,flow_rate_150,flow_rate_180,flow_rate_gco
2007-06-01,E,0.0,,,,,,
2007-07-01,A,0.0,,,,,,
2007-07-01,B,0.0,,,,,,
2007-07-01,C,0.0,,,,,,
2007-07-01,E,0.0,,,,,,
2007-07-01,F,0.0,,,,,,
2007-08-01,A,0.0,,,,,,
2007-08-01,B,0.0,,,,,,
2007-08-01,C,0.0,,,,,,
2007-08-01,D,0.0,,,,,,
2007-08-01,E,0.0,,,,,,
2007-08-01,F,0.0,,,,,,
2007-09-01,A,0.0,,,,,,
2007-09-01,B,0.0,,,,,,
2007-09-01,C,0.0,,,,,,
2007-09-01,D,0.0,,,,,,
2007-09-01,E,0.0,,,,,,
2007-09-01,F,0.0,,,,,,
2007-10-01,A,0.0,,,,,,
2007-10-01,B,0.0,,,,,,
2007-10-01,C,0.0,,,,,,
2007-10-01,D,0.0,,,,,,
2007-10-01,E,0.0,,,,,,
2007-10-01,F,0.0,,,,,,
2007-11-01,A,0.0,,,,,,
2007-11-01,B,0.0,,,,,,
2007-11-01,C,0.0,,,,,,
2007-11-01,D,0.0,,,,,,
2007-11-01,E,0.0,,,,,,
2007-11-01,F,0.0,,,,,,
2007-12-01,A,0.0,,,,,,
2007-12-01,B,0.0,,,,,,
2007-12-01,C,0.0,,,,,,
2007-12-01,D,0.0,,,,,,
2007-12-01,E,0.0,,,,,,
2007-12-01,F,0.0,,,,,,
2008-01-01,A,0.0,,,,,,
2008-01-01,B,0.0,,,,,,
2008-01-01,C,0.0,,,,,,
2008-01-01,D,0.0,,,,,,
2008-01-01,E,0.0,,,,,,
2008-01-01,F,0.0,,,,,,
2008-01-01,G,0.0,,,,,,
2008-02-01,A,0.0,,,,,,
2008-02-01,B,0.0,,,,,,
2008-02-01,C,0.0,,,,,,
2008-02-01,D,0.0,,,,,,
2008-02-01,E,0.0,,,,,,
2008-02-01,F,0.0,,,,,,
2008-02-01,G,0.0,,,,,,
2008-03-01,A,0.0,,,,,,
2008-03-01,B,0.0,,,,,,
2008-03-01,C,0.0,,,,,,
2008-03-01,D,0.0,,,,,,
2008-03-01,E,0.0,,,,,,
2008-03-01,F,0.0,,,,,,
2008-03-01,G,0.0,,,,,,
2008-04-01,A,0.0,,,,,,
2008-04-01,B,0.0,,,,,,
2008-04-01,C,0.0,1.0,,,,,
2008-04-01,D,0.0,,,,,,
2008-04-01,E,0.0,,,,,,
2008-04-01,F,0.0,,,,,,
2008-04-01,G,0.0,,,,,,
2008-05-01,A,0.0,,,,,,
2008-05-01,B,0.0,,,,,,
2008-05-01,C,0.003228,,1.0,,,,
2008-05-01,D,0.004898,,,,,,
2008-05-01,E,0.0,,,,,,
2008-05-01,F,0.0,,,,,,
2008-05-01,G,0.0,,,,,,
2008-06-01,A,0.0,,,,,,
2008-06-01,B,0.0,,,,,,
2008-06-01,C,0.0,1.0,,1.0,1.0,,
2008-06-01,D,0.020571,,,1.0,,,
2008-06-01,E,0.0,,,,,,
2008-06-01,F,0.0,,,,,,
2008-06-01,G,0.0,,,,,,
2008-07-01,A,0.0,,,,,,
2008-07-01,B,0.004235,,,,,,
2008-07-01,C,0.001161,1.0,1.0,,,1.0,
2008-07-01,D,0.019509,1.0,,1.0,,,
2008-07-01,E,0.0,,,,,,
2008-07-01,F,0.0,,,,,,
2008-07-01,G,0.0,,,,,,
2008-08-01,A,0.0,,,,,,
2008-08-01,B,0.004211,,,1.0,,,
2008-08-01,C,0.005177,,0.0,1.0,1.0,,1.0
2008-08-01,D,0.030337,1.0,1.0,0.860335,,,
2008-08-01,E,0.032887,,,,,,
2008-08-01,F,0.0,,,,,,
2008-08-01,G,0.0,,,,,,
2008-09-01,A,0.0,,,,,,
2008-09-01,B,0.006058,1.0,,1.0,,,
2008-09-01,C,0.007635,1.0,,1.0,,1.0,
2008-09-01,D,0.015806,1.0,1.0,1.0,1.0,,
2008-09-01,E,0.034518,,,1.0,,,
2008-09-01,F,0.0,,,,,,
2008-09-01,G,0.0,,,,,,
2008-10-01,A,0.0,,,,,,
2008-10-01,B,0.009821,1.0,1.0,1.0,,,
2008-10-01,C,0.016564,1.0,1.0,1.0,,,1.0
2008-10-01,D,0.028931,1.0,1.0,1.0,0.82646,1.0,
2008-10-01,E,0.00647,1.0,,1.0,,,
2008-10-01,F,0.0,,,,,,
2008-10-01,G,0.0,,,,,,
2008-11-01,A,0.0,,,,,,
2008-11-01,B,0.0,1.0,1.0,1.0,1.0,,
2008-11-01,C,0.002692,1.0,1.0,1.0,1.0,,
2008-11-01,D,0.00541,0.901639,1.0,1.0,1.0,1.0,0.471204
2008-11-01,E,0.0,1.0,1.0,1.0,,,
2008-11-01,F,0.0,,,,,,
2008-11-01,G,0.0,,,,,,
2008-12-01,A,0.0,,,,,,
2008-12-01,B,0.001586,1.0,1.0,,1.0,1.0,
2008-12-01,C,0.002432,1.0,1.0,1.0,1.0,1.0,
2008-12-01,D,0.010037,0.945255,1.0,1.0,1.0,1.0,1.0
2008-12-01,E,0.0,1.0,1.0,,1.0,,
2008-12-01,F,0.0,,,,,,
2008-12-01,G,0.0,,,,,,
2009-01-01,A,0.0,,,,,,
2009-01-01,B,0.013553,1.0,1.0,1.0,1.0,1.0,1.0
2009-01-01,C,0.010412,1.0,1.0,1.0,1.0,1.0,1.0
2009-01-01,D,0.006671,1.0,1.0,1.0,1.0,1.0,1.0
2009-01-01,E,0.0,,1.0,,1.0,1.0,
2009-01-01,F,0.0,,,,,,
2009-01-01,G,0.0,,,,,,
2009-02-01,A,0.0,,,,,,
2009-02-01,B,0.013198,0.666667,1.0,0.10612,0.599144,0.714286,1.0
2009-02-01,C,0.008867,0.9,1.0,0.211193,0.433367,0.684393,1.0
2009-02-01,D,0.005792,0.478261,1.0,1.0,0.588803,1.0,1.0
2009-02-01,E,0.0,,,,1.0,1.0,0.0
2009-02-01,F,0.0,,,,,,
2009-02-01,G,0.0,,,,,,
2009-03-01,A,0.0,,,,,,
2009-03-01,B,0.006461,1.0,1.0,0.537672,0.713267,0.478571,1.0
2009-03-01,C,0.008506,1.0,0.0,0.0,0.679359,1.0,1.0
2009-03-01,D,0.020278,1.0,1.0,0.0,0.53668,1.0,1.0
2009-03-01,E,0.025437,,,,1.0,1.0,1.0
2009-03-01,F,0.0,,,,,,
2009-03-01,G,0.531366,,,,,,
2009-04-01,A,0.002553,,,,,,
2009-04-01,B,0.004406,1.0,0.173712,1.0,1.0,1.0,1.0
2009-04-01,C,0.003519,,0.174368,1.0,,1.0,1.0
2009-04-01,D,0.009817,,0.558252,0.783961,1.0,1.0,1.0
2009-04-01,E,0.0,0.0,,1.0,,1.0,1.0
2009-04-01,F,0.014962,0.0,,,,,
2009-04-01,G,0.0,,,1.0,,,
2009-05-01,A,0.0,,,1.0,,,
2009-05-01,B,0.0,1.0,0.537672,0.622285,1.0,1.0,1.0
2009-05-01,C,0.010878,1.0,0.0,0.0,1.0,0.0,1.0
2009-05-01,D,0.007544,1.0,0.879121,0.781553,1.0,1.0,1.0
2009-05-01,E,0.004773,0.311163,,,,,1.0
2009-05-01,F,0.0,0.0,,1.0,,,
2009-05-01,G,0.0,1.0,,,,,
2009-06-01,A,0.0,0.567568,,,,,
2009-06-01,B,0.004748,1.0,0.850107,,1.0,0.173712,1.0
2009-06-01,C,0.013593,,0.687207,0.811154,,0.174368,
2009-06-01,D,0.007387,1.0,0.991718,1.0,1.0,0.558252,1.0
2009-06-01,E,0.023881,,1.0,1.0,0.0,,
2009-06-01,F,0.06517,0.283582,,,0.0,,
2009-06-01,G,0.0,,1.0,,,,
2009-07-01,A,0.0,0.0,1.0,,,,
2009-07-01,B,0.004284,,0.622285,1.0,1.0,0.537672,1.0
2009-07-01,C,0.007135,1.0,0.0,0.859279,1.0,0.0,1.0
2009-07-01,D,0.010524,0.931741,0.781553,0.856322,1.0,0.879121,1.0
2009-07-01,E,0.007408,1.0,,1.0,0.311163,,
2009-07-01,F,0.039204,0.0,1.0,1.0,0.0,,
2009-07-01,G,0.0,,,,1.0,,
2009-08-01,A,0.002159,,,,0.432432,,
2009-08-01,B,0.008174,0.742547,,0.888344,0.0,1.0,1.0
2009-08-01,C,0.012424,0.732088,1.0,1.0,,0.569284,
2009-08-01,D,0.00858,0.958893,1.0,0.914044,0.232919,1.0,1.0
2009-08-01,E,0.004038,1.0,0.0,1.0,,0.0,1.0
2009-08-01,F,0.0239,0.0,,1.0,0.716418,,1.0
2009-08-01,G,0.0,,,,,1.0,
2009-09-01,A,0.002455,,,0.77193,,1.0,0.0
2009-09-01,B,0.006913,1.0,1.0,0.840748,0.429929,,1.0
2009-09-01,C,0.010345,1.0,1.0,0.735209,0.859287,0.432507,1.0
2009-09-01,D,0.005957,1.0,1.0,1.0,1.0,1.0,1.0
2009-09-01,E,0.018487,1.0,1.0,1.0,,0.0,
2009-09-01,F,0.0,0.5,,1.0,0.318841,1.0,1.0
2009-09-01,G,0.029763,,,,,,1.0
2009-10-01,A,0.001779,1.0,,1.0,,,1.0
2009-10-01,B,0.006936,1.0,0.784399,0.834414,0.85625,1.0,1.0
2009-10-01,C,0.003828,1.0,0.991701,0.848415,0.790331,1.0,1.0
2009-10-01,D,0.013048,1.0,1.0,1.0,1.0,1.0,1.0
2009-10-01,E,0.009689,1.0,1.0,1.0,1.0,0.0,
2009-10-01,F,0.0,0.375,1.0,,0.0,1.0,1.0
2009-10-01,G,0.0,,,1.0,,,
2009-11-01,A,0.001199,0.744898,0.77193,1.0,,,
2009-11-01,B,0.006599,1.0,0.840748,0.913221,1.0,1.0,1.0
2009-11-01,C,0.002424,1.0,0.735209,1.0,1.0,1.0,1.0
2009-11-01,D,0.006787,1.0,1.0,0.795859,1.0,1.0,1.0
2009-11-01,E,0.004163,1.0,1.0,1.0,1.0,1.0,
2009-11-01,F,0.0179,,1.0,,0.5,,1.0
2009-11-01,G,0.0,1.0,,,,,
2009-12-01,A,0.003101,0.608247,1.0,1.0,1.0,,
2009-12-01,B,0.004276,1.0,0.834414,1.0,1.0,0.784399,1.0
2009-12-01,C,0.002743,0.693648,0.848415,1.0,1.0,0.991701,1.0
2009-12-01,D,0.012163,1.0,1.0,0.668717,1.0,1.0,1.0
2009-12-01,E,0.007814,1.0,1.0,1.0,1.0,1.0,1.0
2009-12-01,F,0.0,,,1.0,0.375,1.0,1.0
2009-12-01,G,0.0,,1.0,,,,
2010-01-01,A,0.003363,0.726651,1.0,1.0,0.387755,1.0,
2010-01-01,B,0.004616,0.994297,1.0,1.0,0.929379,1.0,1.0
2010-01-01,C,0.003982,1.0,0.776661,1.0,1.0,1.0,1.0
2010-01-01,D,0.006343,0.9908,1.0,0.905437,1.0,1.0,1.0
2010-01-01,E,0.012991,0.5,1.0,1.0,1.0,1.0,1.0
2010-01-01,F,0.03768,1.0,,,,0.0,1.0
2010-01-01,G,0.0,,,,1.0,,
2010-02-01,A,0.003135,0.634127,0.971787,0.527027,1.0,1.0,1.0
2010-02-01,B,0.004146,1.0,1.0,1.0,0.635442,1.0,1.0
2010-02-01,C,0.004578,0.450835,0.991447,1.0,1.0,1.0,1.0
2010-02-01,D,0.005798,0.454308,1.0,1.0,0.50523,1.0,1.0
2010-02-01,E,0.011449,0.254545,1.0,0.648594,1.0,0.464493,1.0
2010-02-01,F,0.035284,,0.0,0.0,,,
2010-02-01,G,0.0,,,,,0.0,
2010-03-01,A,0.002338,1.0,0.600751,0.72973,1.0,1.0,1.0
2010-03-01,B,0.004404,1.0,1.0,1.0,0.727397,1.0,1.0
2010-03-01,C,0.007625,1.0,1.0,0.903764,0.752696,0.78719,1.0
2010-03-01,D,0.004277,1.0,1.0,1.0,0.410517,1.0,1.0
2010-03-01,E,0.017377,1.0,1.0,0.825,0.21875,0.993746,1.0
2010-03-01,F,0.0,,1.0,1.0,,,
2010-03-01,G,0.0,,,,,1.0,
2010-04-01,A,0.002471,1.0,0.661017,1.0,1.0,0.70615,1.0
2010-04-01,B,0.004128,0.94,0.979205,1.0,0.989909,1.0,1.0
2010-04-01,C,0.002309,1.0,0.841991,1.0,0.778148,1.0,1.0
2010-04-01,D,0.009575,0.661202,1.0,1.0,1.0,1.0,1.0
2010-04-01,E,0.0,1.0,0.589416,1.0,0.736842,1.0,1.0
2010-04-01,F,0.0,1.0,,,1.0,,
2010-04-01,G,0.039794,0.0,,,,,1.0
2010-05-01,A,0.00431,1.0,0.72973,1.0,1.0,0.600751,1.0
2010-05-01,B,0.001742,0.753534,1.0,1.0,1.0,1.0,1.0
2010-05-01,C,0.00455,0.998245,0.903764,0.819533,1.0,1.0,1.0
2010-05-01,D,0.007766,0.620098,1.0,1.0,1.0,1.0,1.0
2010-05-01,E,0.005058,0.603471,1.0,,1.0,1.0,1.0
2010-05-01,F,0.049886,,1.0,,,1.0,
2010-05-01,G,0.0,0.0,,1.0,,,
2010-06-01,A,0.000247,0.897698,1.0,1.0,1.0,0.661017,1.0
2010-06-01,B,0.002598,0.902407,1.0,1.0,0.854545,0.979205,1.0
2010-06-01,C,0.008288,1.0,1.0,0.945719,1.0,0.841991,1.0
2010-06-01,D,0.006946,0.846154,1.0,1.0,0.679775,0.972145,1.0
2010-06-01,E,0.007946,,1.0,1.0,0.787746,0.589416,1.0
2010-06-01,F,0.035266,,,0.713542,1.0,,1.0
2010-06-01,G,0.041033,1.0,,,0.0,,
2010-07-01,A,0.000364,0.944212,1.0,1.0,1.0,0.72973,1.0
2010-07-01,B,0.004419,0.790951,1.0,1.0,0.753534,1.0,1.0
2010-07-01,C,0.009013,1.0,0.92569,1.0,0.919635,0.989525,1.0
2010-07-01,D,0.005456,0.831832,1.0,1.0,0.546569,1.0,1.0
2010-07-01,E,0.012465,1.0,,1.0,0.603471,1.0,1.0
2010-07-01,F,0.011721,1.0,,0.650794,,1.0,
2010-07-01,G,0.0,,1.0,1.0,0.0,,
2010-08-01,A,0.001777,1.0,0.67356,1.0,0.836317,0.919355,1.0
2010-08-01,B,0.002467,1.0,0.726695,1.0,0.779427,1.0,1.0
2010-08-01,C,0.006485,0.915158,1.0,0.9047,1.0,1.0,1.0
2010-08-01,D,0.007416,1.0,0.981047,0.596491,0.902473,1.0,1.0
2010-08-01,E,0.010541,1.0,0.28972,1.0,,1.0,1.0
2010-08-01,F,0.0,0.390244,0.924479,1.0,,,1.0
2010-08-01,G,0.0,1.0,,,1.0,,1.0
2010-09-01,A,0.00105,0.479167,1.0,1.0,1.0,1.0,1.0
2010-09-01,B,0.003721,0.872071,0.775725,1.0,1.0,1.0,1.0
2010-09-01,C,0.006732,1.0,1.0,0.829799,0.54188,1.0,1.0
2010-09-01,D,0.00975,1.0,0.985908,0.723655,0.931003,1.0,1.0
2010-09-01,E,0.012713,0.777654,1.0,0.78501,1.0,0.0,1.0
2010-09-01,F,0.012639,1.0,1.0,,1.0,0.0,
2010-09-01,G,0.007136,,1.0,,,1.0,
2010-10-01,A,0.000586,0.340733,1.0,1.0,1.0,0.539062,1.0
2010-10-01,B,0.003501,0.706104,1.0,0.935949,1.0,0.726695,1.0
2010-10-01,C,0.004161,1.0,0.816299,0.763577,0.915158,1.0,1.0
2010-10-01,D,0.00664,1.0,1.0,0.866335,1.0,1.0,1.0
2010-10-01,E,0.011609,1.0,1.0,0.669062,1.0,0.28972,
2010-10-01,F,0.004051,,1.0,1.0,1.0,0.697446,
2010-10-01,G,0.005768,,,1.0,1.0,,1.0
2010-11-01,A,0.000982,0.751656,1.0,0.736842,0.264824,1.0,1.0
2010-11-01,B,0.006291,1.0,1.0,0.949158,0.83219,0.775725,1.0
2010-11-01,C,0.004354,1.0,0.861465,0.90461,1.0,1.0,1.0
2010-11-01,D,0.005045,1.0,0.793856,0.913091,0.962825,0.985908,1.0
2010-11-01,E,0.008449,1.0,0.78501,1.0,0.777654,1.0,1.0
2010-11-01,F,0.008087,1.0,,1.0,1.0,1.0,1.0
2010-11-01,G,0.012783,1.0,,1.0,,1.0,
2010-12-01,A,0.001572,1.0,1.0,0.990385,0.340733,1.0,1.0
2010-12-01,B,0.004817,1.0,0.935949,1.0,0.706104,1.0,1.0
2010-12-01,C,0.004895,1.0,0.78641,0.911797,1.0,0.800664,1.0
2010-12-01,D,0.00565,1.0,0.815066,1.0,1.0,1.0,1.0
2010-12-01,E,0.00563,1.0,0.669062,1.0,1.0,1.0,1.0
2010-12-01,F,0.01587,1.0,1.0,1.0,,1.0,1.0
2010-12-01,G,0.007265,1.0,1.0,1.0,,,1.0
2011-01-01,A,0.000984,1.0,0.789474,0.318902,0.983444,1.0,1.0
2011-01-01,B,0.002046,0.902553,0.88783,1.0,0.858169,1.0,1.0
2011-01-01,C,0.003349,0.713422,1.0,0.858536,1.0,0.895109,1.0
2011-01-01,D,0.006402,0.953668,0.956545,1.0,0.582514,1.0,1.0
2011-01-01,E,0.011557,0.723986,1.0,1.0,1.0,1.0,1.0
2011-01-01,F,0.017604,0.930556,1.0,1.0,0.289773,,1.0
2011-01-01,G,0.01178,1.0,0.0,1.0,1.0,,
2011-02-01,A,0.000927,1.0,0.193966,0.464615,1.0,0.622896,1.0
2011-02-01,B,0.001858,0.979555,0.533902,1.0,0.953472,1.0,1.0
2011-02-01,C,0.003665,0.630972,1.0,1.0,1.0,0.768872,1.0
2011-02-01,D,0.006562,0.750743,1.0,0.96652,0.691085,1.0,1.0
2011-02-01,E,0.010241,0.618128,1.0,0.438151,1.0,0.905721,1.0
2011-02-01,F,0.014046,0.302825,0.567164,1.0,0.671053,1.0,1.0
2011-02-01,G,0.009595,1.0,0.0,0.58,,0.0,
2011-03-01,A,0.000795,1.0,1.0,0.938462,1.0,1.0,1.0
2011-03-01,B,0.002298,0.866275,0.783128,1.0,1.0,1.0,1.0
2011-03-01,C,0.004458,0.74957,1.0,1.0,0.920511,1.0,1.0
2011-03-01,D,0.006195,1.0,1.0,0.958153,0.549053,1.0,1.0
2011-03-01,E,0.007097,1.0,0.759615,0.829753,0.721448,0.888232,1.0
2011-03-01,F,0.004265,0.717514,1.0,1.0,0.131579,1.0,1.0
2011-03-01,G,0.01069,1.0,1.0,1.0,,1.0,
2011-04-01,A,0.000598,1.0,0.834254,0.803279,0.95082,1.0,1.0
2011-04-01,B,0.002792,1.0,1.0,0.83426,1.0,0.678694,1.0
2011-04-01,C,0.006031,0.886501,1.0,1.0,0.825666,1.0,1.0
2011-04-01,D,0.006361,1.0,0.935494,0.904498,0.927398,1.0,1.0
2011-04-01,E,0.004071,1.0,0.593213,1.0,1.0,1.0,1.0
2011-04-01,F,0.00749,1.0,1.0,1.0,0.517375,1.0,1.0
2011-04-01,G,0.001413,1.0,1.0,1.0,1.0,,1.0
2011-05-01,A,0.001624,0.632653,1.0,0.583333,1.0,1.0,1.0
2011-05-01,B,0.003548,1.0,1.0,0.87265,0.847611,0.708378,1.0
2011-05-01,C,0.003254,0.960882,1.0,1.0,0.74957,1.0,1.0
2011-05-01,D,0.005622,1.0,0.958153,0.884712,0.918686,1.0,1.0
2011-05-01,E,0.007832,0.945986,0.829753,1.0,1.0,0.759615,1.0
2011-05-01,F,0.005308,1.0,1.0,1.0,0.717514,1.0,1.0
2011-05-01,G,0.008139,1.0,1.0,1.0,1.0,1.0,
2011-06-01,A,0.002051,1.0,1.0,0.446043,0.714286,0.834254,1.0
2011-06-01,B,0.00178,1.0,0.843803,0.874802,0.9851,1.0,1.0
2011-06-01,C,0.006903,0.90136,1.0,1.0,0.886501,1.0,1.0
2011-06-01,D,0.005348,1.0,0.904498,1.0,1.0,1.0,1.0
2011-06-01,E,0.014068,0.973414,1.0,0.971056,1.0,0.593213,1.0
2011-06-01,F,0.015317,0.749306,1.0,0.904592,1.0,1.0,1.0
2011-06-01,G,0.035959,1.0,1.0,1.0,1.0,1.0,1.0
2011-07-01,A,0.00135,1.0,0.583333,0.598925,0.632653,1.0,1.0
2011-07-01,B,0.00324,1.0,0.87265,1.0,1.0,1.0,1.0
2011-07-01,C,0.004904,0.718681,1.0,1.0,0.960882,1.0,1.0
2011-07-01,D,0.00553,0.901833,0.834258,1.0,1.0,0.958153,1.0
2011-07-01,E,0.007321,1.0,1.0,0.939804,0.945986,0.829753,1.0
2011-07-01,F,0.007941,1.0,1.0,0.840179,0.2,1.0,1.0
2011-07-01,G,0.018538,1.0,1.0,1.0,1.0,1.0,1.0
2011-08-01,A,0.001993,1.0,0.920863,0.828244,1.0,1.0,1.0
2011-08-01,B,0.002203,1.0,0.947641,0.949706,0.718903,1.0,1.0
2011-08-01,C,0.006877,0.979904,1.0,1.0,0.698549,1.0,1.0
2011-08-01,D,0.006461,0.888756,0.746754,1.0,1.0,0.983475,1.0
2011-08-01,E,0.009471,1.0,1.0,1.0,0.88661,1.0,1.0
2011-08-01,F,0.007652,1.0,0.779592,1.0,0.855072,1.0,1.0
2011-08-01,G,0.013234,0.715919,1.0,0.897861,1.0,0.874251,1.0
2011-09-01,A,0.002319,1.0,0.771468,0.667466,1.0,0.777778,1.0
2011-09-01,B,0.003631,0.915225,0.945497,1.0,1.0,1.0,1.0
2011-09-01,C,0.006689,0.9992,1.0,0.837271,0.80633,1.0,1.0
2011-09-01,D,0.008152,0.76061,1.0,1.0,1.0,0.911899,1.0
2011-09-01,E,0.007452,0.852113,0.995854,1.0,0.903582,1.0,1.0
2011-09-01,F,0.020274,0.909183,0.986489,1.0,1.0,1.0,1.0
2011-09-01,G,0.009657,1.0,1.0,1.0,0.612245,0.142857,1.0
2011-10-01,A,0.000902,1.0,0.828244,0.93032,1.0,0.920863,1.0
2011-10-01,B,0.002889,0.876084,1.0,1.0,1.0,0.934973,1.0
2011-10-01,C,0.00805,1.0,1.0,0.82641,0.887419,1.0,1.0
2011-10-01,D,0.005002,0.949662,1.0,0.949904,0.885375,0.719575,1.0
2011-10-01,E,0.009278,0.816878,1.0,1.0,1.0,1.0,1.0
2011-10-01,F,0.020261,0.993636,1.0,0.909794,1.0,0.779592,1.0
2011-10-01,G,0.023156,1.0,0.897861,1.0,0.715919,1.0,1.0
2011-11-01,A,0.001478,0.945344,0.821017,1.0,1.0,0.736842,1.0
2011-11-01,B,0.003207,0.827912,0.979066,1.0,1.0,0.896736,1.0
2011-11-01,C,0.003199,1.0,0.807487,0.95645,1.0,1.0,1.0
2011-11-01,D,0.008532,0.919615,1.0,1.0,0.853208,1.0,1.0
2011-11-01,E,0.009387,0.835285,1.0,1.0,0.807968,1.0,1.0
2011-11-01,F,0.021817,1.0,0.921804,0.927733,1.0,1.0,1.0
2011-11-01,G,0.013156,0.649635,1.0,1.0,1.0,1.0,1.0
2011-12-01,A,0.001074,0.634509,1.0,1.0,1.0,0.828244,1.0
2011-12-01,B,0.002663,0.918523,1.0,0.857543,1.0,0.961336,1.0
2011-12-01,C,0.007039,1.0,0.860337,1.0,1.0,0.967818,1.0
2011-12-01,D,0.009621,1.0,1.0,0.896405,0.891021,1.0,1.0
2011-12-01,E,0.007525,0.884227,1.0,0.952987,0.743854,1.0,1.0
2011-12-01,F,0.010353,1.0,0.969803,0.942366,1.0,1.0,1.0
2011-12-01,G,0.013689,0.827307,1.0,1.0,1.0,0.897861,1.0
2012-01-01,A,0.001331,0.791667,1.0,1.0,1.0,0.819098,1.0
2012-01-01,B,0.004041,0.956565,1.0,0.950269,0.969092,0.958482,1.0
2012-01-01,C,0.005647,1.0,0.878334,1.0,1.0,0.98378,1.0
2012-01-01,D,0.008205,1.0,0.931091,0.93318,0.969198,1.0,1.0
2012-01-01,E,0.009662,1.0,0.886582,1.0,1.0,0.99525,1.0
2012-01-01,F,0.018751,1.0,1.0,1.0,0.766206,1.0,1.0
2012-01-01,G,0.009442,0.634503,1.0,1.0,1.0,1.0,1.0
2012-02-01,A,0.001193,0.990755,0.692982,0.862512,1.0,0.913627,1.0
2012-02-01,B,0.003075,0.818614,1.0,0.709515,0.843929,1.0,1.0
2012-02-01,C,0.005388,0.60819,0.81974,1.0,1.0,1.0,1.0
2012-02-01,D,0.006498,1.0,0.644581,0.772356,1.0,1.0,1.0
2012-02-01,E,0.008142,1.0,0.56709,0.758902,1.0,0.800324,1.0
2012-02-01,F,0.011695,1.0,0.620715,0.674043,0.837398,1.0,1.0
2012-02-01,G,0.01031,1.0,0.852535,0.114921,1.0,0.531343,1.0
2012-03-01,A,0.00094,1.0,0.59749,0.670961,1.0,1.0,1.0
2012-03-01,B,0.003405,1.0,0.973112,0.660367,1.0,0.896812,1.0
2012-03-01,C,0.00683,1.0,1.0,0.690282,1.0,1.0,1.0
2012-03-01,D,0.007279,1.0,0.800298,0.847504,1.0,1.0,1.0
2012-03-01,E,0.012963,1.0,0.615875,0.813803,1.0,0.928471,1.0
2012-03-01,F,0.021154,1.0,0.437942,0.562314,1.0,1.0,1.0
2012-03-01,G,0.031457,1.0,0.705441,0.65587,1.0,0.827307,1.0
2012-04-01,A,0.001117,1.0,0.821016,0.808511,0.902531,0.930556,1.0
2012-04-01,B,0.001614,1.0,0.76711,0.934428,1.0,0.969226,1.0
2012-04-01,C,0.003899,1.0,0.763014,0.80006,1.0,1.0,1.0
2012-04-01,D,0.007647,1.0,0.655233,0.792311,1.0,0.96654,1.0
2012-04-01,E,0.010601,1.0,0.719126,0.804749,0.941528,1.0,1.0
2012-04-01,F,0.014148,1.0,0.745158,0.681061,1.0,1.0,1.0
2012-04-01,G,0.017021,1.0,0.225865,0.748838,1.0,1.0,1.0
2012-05-01,A,0.001473,1.0,0.635706,0.860177,1.0,1.0,1.0
2012-05-01,B,0.00352,1.0,0.728631,1.0,1.0,1.0,1.0
2012-05-01,C,0.005135,1.0,0.973457,0.795854,1.0,1.0,1.0
2012-05-01,D,0.011183,1.0,0.80625,0.736494,1.0,1.0,1.0
2012-05-01,E,0.012052,1.0,0.872511,0.624283,1.0,1.0,1.0
2012-05-01,F,0.011802,1.0,0.386321,0.765781,1.0,1.0,1.0
2012-05-01,G,0.024747,0.87087,1.0,1.0,1.0,1.0,1.0
2012-06-01,A,0.002331,1.0,0.95629,0.925593,1.0,1.0,1.0
2012-06-01,B,0.004251,0.752997,0.996725,0.93602,1.0,1.0,1.0
2012-06-01,C,0.008022,1.0,1.0,0.855378,0.700061,1.0,1.0
2012-06-01,D,0.009123,1.0,0.813323,0.869386,0.963473,1.0,1.0
2012-06-01,E,0.014611,1.0,0.645023,0.865931,1.0,1.0,1.0
2012-06-01,F,0.027542,1.0,0.584779,1.0,1.0,0.954532,1.0
2012-06-01,G,0.01084,0.863854,1.0,1.0,0.369021,1.0,1.0
2012-07-01,A,0.002256,0.861665,1.0,1.0,1.0,0.849335,1.0
2012-07-01,B,0.002985,0.845768,1.0,0.930828,0.768528,1.0,1.0
2012-07-01,C,0.006045,1.0,0.896464,1.0,0.702351,1.0,1.0
2012-07-01,D,0.007967,1.0,0.94305,0.912164,1.0,1.0,1.0
2012-07-01,E,0.009824,1.0,0.710422,0.910246,1.0,1.0,1.0
2012-07-01,F,0.011286,0.854986,0.727991,1.0,1.0,1.0,1.0
2012-07-01,G,0.013713,0.781625,1.0,1.0,0.335402,1.0,1.0
2012-08-01,A,0.001407,0.840576,0.846064,1.0,1.0,1.0,1.0
2012-08-01,B,0.003784,0.977092,0.769196,1.0,1.0,0.824808,1.0
2012-08-01,C,0.004893,0.874883,1.0,1.0,1.0,0.928281,1.0
2012-08-01,D,0.009305,1.0,0.854365,0.880672,1.0,1.0,1.0
2012-08-01,E,0.012328,0.875465,0.904907,0.916453,1.0,0.915904,1.0
2012-08-01,F,0.009886,0.896694,0.97127,1.0,1.0,1.0,1.0
2012-08-01,G,0.010628,1.0,0.702519,0.644788,1.0,1.0,1.0
2012-09-01,A,0.00166,1.0,1.0,0.966883,0.947622,0.981401,1.0
2012-09-01,B,0.004051,1.0,0.955854,0.946193,0.993593,1.0,1.0
2012-09-01,C,0.004025,0.990993,1.0,0.993827,0.892712,0.944899,1.0
2012-09-01,D,0.009585,0.962187,1.0,0.962582,0.980662,1.0,1.0
2012-09-01,E,0.009147,1.0,1.0,1.0,1.0,1.0,1.0
2012-09-01,F,0.009947,1.0,1.0,1.0,1.0,1.0,1.0
2012-09-01,G,0.015032,1.0,1.0,1.0,1.0,1.0,1.0
2012-10-01,A,0.002315,0.941773,1.0,1.0,0.819842,1.0,1.0
2012-10-01,B,0.003734,0.887294,1.0,1.0,0.998205,1.0,1.0
2012-10-01,C,0.004767,1.0,1.0,0.961233,0.739362,1.0,1.0
2012-10-01,D,0.007131,1.0,1.0,0.937537,0.828079,1.0,1.0
2012-10-01,E,0.007731,1.0,1.0,0.90959,0.785046,1.0,1.0
2012-10-01,F,0.01845,0.941709,0.911642,1.0,0.844204,1.0,1.0
2012-10-01,G,0.008937,1.0,1.0,1.0,1.0,1.0,1.0
2012-11-01,A,0.002327,0.888782,1.0,0.934478,0.988906,1.0,1.0
2012-11-01,B,0.003419,0.974455,1.0,1.0,0.966699,1.0,1.0
2012-11-01,C,0.005287,1.0,1.0,1.0,0.979675,1.0,1.0
2012-11-01,D,0.009307,1.0,0.927106,1.0,0.991074,1.0,1.0
2012-11-01,E,0.01292,1.0,0.950097,0.932563,0.964655,1.0,1.0
2012-11-01,F,0.013436,0.969215,1.0,1.0,1.0,1.0,1.0
2012-11-01,G,0.019609,0.833465,1.0,1.0,1.0,1.0,1.0
2012-12-01,A,0.0021,1.0,1.0,0.904256,0.910584,1.0,1.0
2012-12-01,B,0.002795,0.991949,1.0,1.0,0.865878,1.0,1.0
2012-12-01,C,0.004895,0.973716,0.998375,1.0,0.979205,1.0,1.0
2012-12-01,D,0.007766,0.977933,0.955093,0.970002,1.0,1.0,1.0
2012-12-01,E,0.00915,1.0,0.88499,1.0,1.0,1.0,1.0
2012-12-01,F,0.015607,0.979858,1.0,0.98214,0.941709,0.911642,1.0
2012-12-01,G,0.01503,0.75802,1.0,1.0,1.0,1.0,1.0
2013-01-01,A,0.001394,1.0,0.993485,1.0,0.949822,1.0,1.0
2013-01-01,B,0.003325,0.987862,0.998059,1.0,0.930792,1.0,1.0
2013-01-01,C,0.004307,1.0,1.0,0.985552,0.934028,1.0,1.0
2013-01-01,D,0.008109,1.0,0.996615,1.0,0.972107,1.0,1.0
2013-01-01,E,0.011484,0.97918,1.0,1.0,1.0,1.0,1.0
2013-01-01,F,0.013558,1.0,1.0,1.0,1.0,0.935966,1.0
2013-01-01,G,0.014391,1.0,1.0,1.0,1.0,1.0,1.0
2013-02-01,A,0.001235,0.961795,1.0,1.0,0.713317,0.808319,1.0
2013-02-01,B,0.002895,0.91097,1.0,0.823778,0.853056,0.951805,1.0
2013-02-01,C,0.003861,0.911125,0.892212,0.96642,0.603124,1.0,1.0
2013-02-01,D,0.007709,0.987399,0.754241,0.92643,0.988283,1.0,1.0
2013-02-01,E,0.011435,1.0,0.547214,0.797579,0.861741,1.0,1.0
2013-02-01,F,0.013671,0.745044,1.0,1.0,0.630768,0.764104,1.0
2013-02-01,G,0.013287,1.0,0.388811,1.0,1.0,0.548809,1.0
2013-03-01,A,0.001596,0.761163,1.0,0.969524,0.734229,1.0,1.0
2013-03-01,B,0.003057,0.883633,1.0,1.0,0.801963,1.0,1.0
2013-03-01,C,0.004046,0.931386,1.0,1.0,0.790799,1.0,1.0
2013-03-01,D,0.007687,0.885833,1.0,1.0,0.908185,1.0,1.0
2013-03-01,E,0.011137,1.0,0.976881,0.917502,1.0,1.0,1.0
2013-03-01,F,0.015076,0.751555,1.0,1.0,0.846901,1.0,1.0
2013-03-01,G,0.021307,0.842412,0.759285,1.0,0.938331,1.0,1.0
2013-04-01,A,0.002046,0.94007,1.0,0.898006,0.890551,1.0,1.0
2013-04-01,B,0.002874,0.939651,1.0,0.986683,0.904657,1.0,1.0
2013-04-01,C,0.004309,0.99052,1.0,1.0,0.906797,1.0,1.0
2013-04-01,D,0.008192,0.915287,1.0,1.0,0.995691,1.0,1.0
2013-04-01,E,0.008845,1.0,0.927087,1.0,1.0,0.848708,1.0
2013-04-01,F,0.015919,0.966928,1.0,1.0,0.901966,1.0,1.0
2013-04-01,G,0.015991,0.65974,1.0,1.0,1.0,1.0,1.0
2013-05-01,A,0.001991,1.0,1.0,0.982922,0.688165,0.998283,1.0
2013-05-01,B,0.002462,0.990115,1.0,0.920527,0.875061,1.0,1.0
2013-05-01,C,0.004104,0.989525,1.0,1.0,0.951763,1.0,1.0
2013-05-01,D,0.006952,0.972222,1.0,0.896287,0.94356,0.987186,1.0
2013-05-01,E,0.009511,0.969068,0.9123,0.875845,1.0,0.962161,1.0
2013-05-01,F,0.010437,0.922241,1.0,1.0,0.749357,1.0,1.0
2013-05-01,G,0.019002,0.852871,1.0,0.854096,0.68542,0.788849,1.0
2013-06-01,A,0.001486,1.0,0.950625,0.973625,0.801554,1.0,1.0
2013-06-01,B,0.003303,1.0,1.0,0.944728,0.858504,1.0,1.0
2013-06-01,C,0.005356,0.980374,1.0,1.0,0.980068,1.0,1.0
2013-06-01,D,0.008554,1.0,1.0,0.984267,0.924755,1.0,1.0
2013-06-01,E,0.012116,1.0,1.0,1.0,1.0,0.869027,1.0
2013-06-01,F,0.014925,0.930266,1.0,1.0,0.94,1.0,1.0
2013-06-01,G,0.00796,1.0,1.0,1.0,0.65974,1.0,1.0
2013-07-01,A,0.001641,0.95506,1.0,0.973401,1.0,1.0,1.0
2013-07-01,B,0.003076,1.0,0.914066,1.0,0.966178,1.0,1.0
2013-07-01,C,0.00536,0.949428,1.0,1.0,0.997878,1.0,1.0
2013-07-01,D,0.009365,1.0,0.893784,0.992162,0.992348,1.0,1.0
2013-07-01,E,0.01403,0.9723,0.893511,1.0,0.976315,0.889775,1.0
2013-07-01,F,0.01453,0.921538,1.0,0.990295,0.908248,1.0,1.0
2013-07-01,G,0.017482,0.98173,0.854096,1.0,0.852871,1.0,1.0
2013-08-01,A,0.001982,0.934581,0.766423,0.933838,0.789614,1.0,1.0
2013-08-01,B,0.003393,1.0,0.977314,0.945774,1.0,1.0,1.0
2013-08-01,C,0.00565,0.994951,1.0,0.967257,0.871469,1.0,1.0
2013-08-01,D,0.008399,1.0,1.0,1.0,0.748938,1.0,1.0
2013-08-01,E,0.013199,0.95018,0.86009,1.0,1.0,1.0,1.0
2013-08-01,F,0.016522,0.946783,0.950475,0.909249,0.709551,1.0,1.0
2013-08-01,G,0.013239,1.0,0.716584,0.950037,0.697851,1.0,1.0
2013-09-01,A,0.001786,1.0,1.0,0.804094,1.0,1.0,1.0
2013-09-01,B,0.003523,0.967574,0.983485,1.0,0.974809,1.0,1.0
2013-09-01,C,0.004694,1.0,1.0,0.95153,0.94959,1.0,1.0
2013-09-01,D,0.007206,0.943682,0.971546,1.0,0.989578,1.0,1.0
2013-09-01,E,0.011339,0.9146,1.0,1.0,1.0,0.890761,1.0
2013-09-01,F,0.013548,1.0,1.0,0.905923,0.965392,1.0,1.0
2013-09-01,G,0.013195,1.0,0.752019,1.0,1.0,1.0,1.0
2013-10-01,A,0.001138,0.986832,1.0,0.790636,0.893393,0.853768,1.0
2013-10-01,B,0.002825,0.953635,1.0,1.0,1.0,1.0,1.0
2013-10-01,C,0.004379,1.0,0.948701,1.0,0.990636,1.0,1.0
2013-10-01,D,0.008866,0.932511,1.0,0.929896,1.0,1.0,1.0
2013-10-01,E,0.01215,0.969503,1.0,0.91533,0.966467,0.808521,1.0
2013-10-01,F,0.020317,1.0,0.88861,0.946383,0.97891,1.0,1.0
2013-10-01,G,0.020466,0.946101,0.950037,0.937645,1.0,0.795117,1.0
2013-11-01,A,0.001986,1.0,1.0,0.906409,0.769658,1.0,1.0
2013-11-01,B,0.002796,0.998538,1.0,1.0,0.943891,0.979955,1.0
2013-11-01,C,0.004281,0.97769,0.963283,1.0,1.0,0.99074,1.0
2013-11-01,D,0.009184,1.0,1.0,1.0,0.923103,0.992986,1.0
2013-11-01,E,0.010652,1.0,1.0,1.0,0.887545,1.0,1.0
2013-11-01,F,0.018618,1.0,0.910649,0.968687,1.0,0.993549,1.0
2013-11-01,G,0.02349,1.0,1.0,1.0,1.0,0.752019,1.0
2013-12-01,A,0.001241,1.0,0.836053,1.0,0.920685,1.0,1.0
2013-12-01,B,0.002752,0.942361,1.0,0.962163,0.976575,1.0,1.0
2013-12-01,C,0.004637,0.970037,1.0,0.947352,1.0,0.935315,1.0
2013-12-01,D,0.007065,0.98965,0.948788,1.0,0.916227,1.0,1.0
2013-12-01,E,0.01272,0.95142,0.990465,1.0,0.923225,1.0,1.0
2013-12-01,F,0.022902,1.0,0.946383,0.979112,1.0,0.911556,1.0
2013-12-01,G,0.020876,0.998219,0.937645,1.0,0.946101,0.950037,1.0
2014-01-01,A,0.000996,0.857792,1.0,0.931944,1.0,1.0,1.0
2014-01-01,B,0.002958,0.954596,1.0,1.0,0.98407,1.0,1.0
2014-01-01,C,0.004879,0.958879,1.0,1.0,0.960936,0.968092,1.0
2014-01-01,D,0.007033,0.929369,1.0,1.0,0.961369,1.0,1.0
2014-01-01,E,0.011929,0.986251,1.0,0.999722,1.0,0.869257,1.0
2014-01-01,F,0.020731,1.0,0.957851,0.942338,1.0,0.981871,1.0
2014-01-01,G,0.019564,1.0,0.885582,0.956774,1.0,0.85226,1.0
2014-02-01,A,0.000972,1.0,0.793348,1.0,0.801409,1.0,1.0
2014-02-01,B,0.00294,0.830747,1.0,0.885948,1.0,0.933562,1.0
2014-02-01,C,0.004522,0.750826,1.0,0.956597,0.946829,1.0,1.0
2014-02-01,D,0.006773,1.0,0.990997,0.943876,0.65071,1.0,1.0
2014-02-01,E,0.011242,0.836052,1.0,1.0,0.816254,0.984981,1.0
2014-02-01,F,0.020023,0.858905,0.963791,1.0,0.71152,1.0,1.0
2014-02-01,G,0.017835,1.0,0.71769,1.0,0.795925,0.588286,1.0
2014-03-01,A,0.001517,0.862812,1.0,0.866251,1.0,1.0,1.0
2014-03-01,B,0.002555,1.0,0.988988,0.990568,0.976013,1.0,1.0
2014-03-01,C,0.005198,0.972827,1.0,1.0,0.876975,1.0,1.0
2014-03-01,D,0.00708,0.972477,1.0,0.996566,0.790747,1.0,1.0
2014-03-01,E,0.00976,0.977289,1.0,0.936343,0.756828,1.0,1.0
2014-03-01,F,0.014339,0.96543,1.0,0.890212,0.695233,1.0,1.0
2014-03-01,G,0.021008,0.879906,0.999463,1.0,0.524344,1.0,1.0
2014-04-01,A,0.001358,1.0,1.0,0.849519,0.995774,0.87989,1.0
2014-04-01,B,0.002368,0.991801,0.993713,1.0,1.0,1.0,1.0
2014-04-01,C,0.005237,0.958343,1.0,0.956315,0.966902,1.0,1.0
2014-04-01,D,0.007708,1.0,1.0,1.0,0.972841,1.0,1.0
2014-04-01,E,0.011335,1.0,1.0,0.99372,0.961523,1.0,1.0
2014-04-01,F,0.01485,1.0,1.0,1.0,0.960309,1.0,1.0
2014-04-01,G,0.014847,0.959749,1.0,0.889046,1.0,1.0,1.0
2014-05-01,A,0.001045,1.0,1.0,0.831463,0.893073,0.990067,1.0
2014-05-01,B,0.002755,0.906373,1.0,1.0,1.0,0.989765,1.0
2014-05-01,C,0.004903,1.0,1.0,1.0,0.97281,1.0,1.0
2014-05-01,D,0.007835,0.965085,1.0,0.976004,0.932138,1.0,1.0
2014-05-01,E,0.008899,1.0,0.899873,1.0,0.984965,1.0,1.0
2014-05-01,F,0.015959,0.999629,0.868978,1.0,0.986119,1.0,1.0
2014-05-01,G,0.016509,1.0,1.0,0.830409,0.879906,0.999463,1.0
2014-06-01,A,0.001033,1.0,0.886326,0.930338,0.967839,1.0,1.0
2014-06-01,B,0.003178,0.959884,1.0,0.917011,0.962954,0.972694,1.0
2014-06-01,C,0.005496,0.993514,0.96455,1.0,0.941573,1.0,1.0
2014-06-01,D,0.009864,1.0,1.0,0.939377,0.975365,1.0,1.0
2014-06-01,E,0.012823,0.999278,0.99372,1.0,1.0,1.0,1.0
2014-06-01,F,0.018066,0.985132,1.0,0.909736,1.0,1.0,1.0
2014-06-01,G,0.022427,1.0,0.889046,1.0,0.959749,1.0,1.0
2014-07-01,A,0.001284,0.963579,0.88909,0.926882,1.0,1.0,1.0
2014-07-01,B,0.003075,1.0,1.0,0.891759,0.902406,1.0,1.0
2014-07-01,C,0.004818,0.905011,1.0,1.0,1.0,1.0,1.0
2014-07-01,D,0.008519,1.0,0.987006,0.956899,0.956636,1.0,1.0
2014-07-01,E,0.013234,0.988509,0.997511,1.0,1.0,0.87707,1.0
2014-07-01,F,0.016941,1.0,0.995271,0.871294,0.978132,0.876898,1.0
2014-07-01,G,0.01282,1.0,0.830409,0.998525,1.0,1.0,1.0
2014-08-01,A,0.001606,1.0,0.787501,0.844323,0.923155,1.0,1.0
2014-08-01,B,0.003394,1.0,1.0,0.96588,1.0,1.0,1.0
2014-08-01,C,0.00487,0.95612,1.0,1.0,0.87198,1.0,1.0
2014-08-01,D,0.007889,1.0,1.0,0.996116,0.764601,1.0,1.0
2014-08-01,E,0.012039,0.965021,1.0,1.0,0.726664,1.0,1.0
2014-08-01,F,0.016106,1.0,0.827454,1.0,0.719193,1.0,1.0
2014-08-01,G,0.022523,0.860989,1.0,1.0,0.588145,1.0,1.0
2014-09-01,A,0.001333,1.0,0.925003,0.921779,1.0,1.0,1.0
2014-09-01,B,0.003473,0.975317,0.983936,1.0,1.0,0.981558,1.0
2014-09-01,C,0.005126,0.980023,1.0,1.0,0.963801,1.0,1.0
2014-09-01,D,0.008434,1.0,0.977737,1.0,0.988162,1.0,1.0
2014-09-01,E,0.013884,0.95294,1.0,0.970617,0.981792,1.0,1.0
2014-09-01,F,0.017497,0.929051,0.948649,0.998416,1.0,1.0,1.0
2014-09-01,G,0.024671,0.778266,1.0,0.944269,0.979001,1.0,1.0
2014-10-01,A,0.001314,0.82299,1.0,0.95412,1.0,0.91966,1.0
2014-10-01,B,0.0033,0.924612,1.0,1.0,1.0,0.985332,1.0
2014-10-01,C,0.006048,0.951404,1.0,0.98596,0.966198,1.0,1.0
2014-10-01,D,0.009364,0.962982,0.98984,1.0,1.0,1.0,1.0
2014-10-01,E,0.014275,1.0,1.0,0.929338,0.979955,0.997661,1.0
2014-10-01,F,0.016974,1.0,1.0,0.969272,1.0,0.853427,1.0
2014-10-01,G,0.025509,1.0,1.0,0.876984,0.846974,0.963701,1.0
2014-11-01,A,0.001043,1.0,1.0,0.816193,0.858459,0.871897,1.0
2014-11-01,B,0.003342,0.977963,1.0,0.998239,0.89412,0.997911,1.0
2014-11-01,C,0.00556,1.0,1.0,0.950738,0.950797,1.0,1.0
2014-11-01,D,0.009245,0.99581,1.0,0.959571,0.973997,0.989901,1.0
2014-11-01,E,0.013534,1.0,1.0,1.0,0.967234,1.0,1.0
2014-11-01,F,0.015157,1.0,1.0,1.0,0.947233,0.963226,1.0
2014-11-01,G,0.028688,1.0,0.99388,1.0,0.746074,1.0,1.0
2014-12-01,A,0.001523,1.0,0.927381,1.0,0.815697,1.0,1.0
2014-12-01,B,0.003005,1.0,1.0,1.0,0.879953,1.0,1.0
2014-12-01,C,0.005618,1.0,0.992484,0.951421,0.961787,1.0,1.0
2014-12-01,D,0.008765,1.0,1.0,0.918489,0.956002,1.0,1.0
2014-12-01,E,0.012717,1.0,0.965111,0.974799,0.978705,1.0,1.0
2014-12-01,F,0.016116,0.981943,0.968416,0.983114,0.993525,1.0,1.0
2014-12-01,G,0.027881,0.971219,0.89061,1.0,1.0,1.0,1.0
2015-01-01,A,0.001281,1.0,0.951448,0.974045,0.852148,0.969749,1.0
2015-01-01,B,0.003621,0.931588,1.0,1.0,0.978093,1.0,1.0
2015-01-01,C,0.006105,1.0,0.945042,0.943103,1.0,1.0,1.0
2015-01-01,D,0.010023,1.0,0.973995,0.996732,1.0,0.990763,1.0
2015-01-01,E,0.01701,0.972458,0.967107,1.0,1.0,0.986694,1.0
2015-01-01,F,0.021717,0.989135,0.972489,0.980106,0.944634,1.0,1.0
2015-01-01,G,0.028736,0.992616,0.98946,1.0,0.894183,1.0,1.0
2015-02-01,A,0.001142,0.733621,1.0,1.0,0.786694,1.0,1.0
2015-02-01,B,0.003561,1.0,0.986735,0.80634,0.956305,0.899123,1.0
2015-02-01,C,0.005864,0.993897,1.0,0.845072,0.826402,0.955356,1.0
2015-02-01,D,0.009844,0.991256,0.979414,0.830266,0.884114,0.87743,1.0
2015-02-01,E,0.016364,0.964976,1.0,0.706783,0.885635,0.848348,1.0
2015-02-01,F,0.020926,0.923329,1.0,0.698533,0.928908,1.0,1.0
2015-02-01,G,0.028554,0.965238,0.900121,0.930996,0.702093,1.0,1.0
2015-03-01,A,0.001129,0.977008,1.0,1.0,0.831227,1.0,1.0
2015-03-01,B,0.002991,0.997191,1.0,0.979365,0.957256,1.0,1.0
2015-03-01,C,0.005587,0.974911,1.0,1.0,0.962508,1.0,1.0
2015-03-01,D,0.009204,0.98813,1.0,1.0,0.816381,1.0,1.0
2015-03-01,E,0.013341,0.935076,1.0,1.0,0.782265,1.0,1.0
2015-03-01,F,0.017309,1.0,1.0,0.98111,0.65867,1.0,1.0
2015-03-01,G,0.024633,0.896738,1.0,0.884002,0.484331,1.0,1.0
2015-04-01,A,0.001239,0.938431,1.0,0.986981,0.901814,1.0,1.0
2015-04-01,B,0.003197,1.0,1.0,0.963786,0.97489,1.0,1.0
2015-04-01,C,0.005383,0.955822,1.0,1.0,0.993006,1.0,1.0
2015-04-01,D,0.008728,0.998635,1.0,1.0,0.93672,1.0,1.0
2015-04-01,E,0.011722,0.981458,1.0,1.0,0.930948,1.0,1.0
2015-04-01,F,0.015847,1.0,0.992385,1.0,0.995088,1.0,1.0
2015-04-01,G,0.018482,1.0,1.0,0.91936,0.903283,1.0,1.0
2015-05-01,A,0.001073,0.993934,1.0,1.0,0.972649,1.0,1.0
2015-05-01,B,0.003198,1.0,0.975074,0.960931,1.0,1.0,1.0
2015-05-01,C,0.006368,0.968414,1.0,1.0,0.978303,1.0,1.0
2015-05-01,D,0.009915,0.994051,0.996209,1.0,0.992325,1.0,1.0
2015-05-01,E,0.01598,0.917903,1.0,1.0,0.939889,1.0,1.0
2015-05-01,F,0.02239,0.946653,1.0,1.0,1.0,1.0,1.0
2015-05-01,G,0.025031,1.0,0.90549,0.936557,0.877973,1.0,1.0
2015-06-01,A,0.001605,0.977217,1.0,0.975901,0.94737,1.0,1.0
2015-06-01,B,0.003418,1.0,0.969897,0.918241,1.0,0.996539,1.0
2015-06-01,C,0.006671,0.980858,1.0,0.977799,0.962294,1.0,1.0
2015-06-01,D,0.011457,0.993833,1.0,1.0,1.0,1.0,1.0
2015-06-01,E,0.018339,0.972869,1.0,0.98448,0.986529,1.0,1.0
2015-06-01,F,0.023687,0.987519,1.0,1.0,0.998009,0.996936,1.0
2015-06-01,G,0.034643,1.0,0.907253,1.0,1.0,1.0,1.0
2015-07-01,A,0.001516,1.0,1.0,0.896496,0.940907,1.0,1.0
2015-07-01,B,0.003368,1.0,0.944023,1.0,1.0,0.95325,1.0
2015-07-01,C,0.006559,1.0,1.0,0.954929,0.95761,1.0,1.0
2015-07-01,D,0.011163,0.991435,1.0,0.994608,0.974883,1.0,1.0
2015-07-01,E,0.015267,1.0,1.0,1.0,0.910825,1.0,1.0
2015-07-01,F,0.023663,0.951365,1.0,1.0,0.942649,1.0,1.0
2015-07-01,G,0.031678,0.978502,0.883109,0.986367,1.0,0.90549,1.0
2015-08-01,A,0.001557,1.0,1.0,0.984099,0.766709,1.0,1.0
2015-08-01,B,0.003755,1.0,1.0,1.0,0.934614,1.0,1.0
2015-08-01,C,0.006253,1.0,1.0,0.970383,1.0,1.0,1.0
2015-08-01,D,0.011357,1.0,0.953057,0.934093,0.954766,1.0,1.0
2015-08-01,E,0.01593,0.984504,0.986552,0.989766,0.921522,1.0,1.0
2015-08-01,F,0.025902,0.968311,0.972006,0.953349,0.803356,1.0,1.0
2015-08-01,G,0.032692,0.949164,1.0,0.995544,0.666164,1.0,1.0
2015-09-01,A,0.001582,0.992859,0.931963,0.993162,0.919599,1.0,1.0
2015-09-01,B,0.003922,0.997145,0.98504,1.0,0.988887,1.0,1.0
2015-09-01,C,0.006611,1.0,0.994117,1.0,0.986928,0.988141,1.0
2015-09-01,D,0.012116,1.0,0.996145,0.962418,1.0,1.0,1.0
2015-09-01,E,0.017497,1.0,1.0,0.961203,1.0,1.0,1.0
2015-09-01,F,0.023788,1.0,1.0,0.984403,1.0,1.0,1.0
2015-09-01,G,0.03546,1.0,1.0,0.960735,0.914103,1.0,1.0
2015-10-01,A,0.00134,0.977527,1.0,0.950663,0.999093,1.0,1.0
2015-10-01,B,0.003884,0.977616,1.0,1.0,1.0,1.0,1.0
2015-10-01,C,0.007182,0.97668,0.980431,1.0,1.0,0.996452,1.0
2015-10-01,D,0.011929,1.0,0.944774,0.973547,1.0,0.964947,1.0
2015-10-01,E,0.017187,1.0,0.963865,0.956196,0.994913,0.978376,1.0
2015-10-01,F,0.028897,1.0,0.962391,1.0,0.976085,0.975631,1.0
2015-10-01,G,0.03436,1.0,0.987134,0.911307,0.981392,1.0,1.0
2015-11-01,A,0.001404,1.0,1.0,0.791819,0.939677,0.986908,1.0
2015-11-01,B,0.003681,0.995862,1.0,0.949665,0.961427,0.986925,1.0
2015-11-01,C,0.006559,0.984584,1.0,0.985891,1.0,0.966658,1.0
2015-11-01,D,0.011759,1.0,0.969848,0.985658,1.0,0.975049,1.0
2015-11-01,E,0.018563,1.0,0.984552,1.0,1.0,1.0,1.0
2015-11-01,F,0.028791,1.0,0.985167,1.0,1.0,1.0,1.0
2015-11-01,G,0.036262,1.0,0.946162,1.0,1.0,1.0,1.0
2015-12-01,A,0.001082,1.0,0.923335,0.899445,0.949814,1.0,1.0
2015-12-01,B,0.003406,1.0,1.0,0.919932,0.986892,1.0,1.0
2015-12-01,C,0.00658,1.0,1.0,0.963256,0.988333,0.973739,1.0
2015-12-01,D,0.011943,1.0,0.973698,0.991855,1.0,0.933144,1.0
2015-12-01,E,0.018346,0.989288,0.97226,1.0,1.0,0.982631,1.0
2015-12-01,F,0.026527,0.994871,0.974979,1.0,1.0,0.975285,1.0
2015-12-01,G,0.027422,0.95937,0.879068,1.0,1.0,0.961111,1.0
2016-01-01,A,0.001414,0.960469,1.0,1.0,0.997346,1.0,1.0
2016-01-01,B,0.003533,1.0,1.0,0.965666,0.978455,0.972363,1.0
2016-01-01,C,0.007228,1.0,0.971818,1.0,1.0,0.984359,1.0
2016-01-01,D,0.013295,1.0,0.978208,0.98349,1.0,0.980618,1.0
2016-01-01,E,0.020488,1.0,0.991256,0.996342,0.959453,1.0,1.0
2016-01-01,F,0.029426,0.993846,0.945675,1.0,1.0,0.971302,1.0
2016-01-01,G,0.032152,0.928606,0.912764,1.0,1.0,0.999949,1.0
2016-02-01,A,0.001365,1.0,1.0,0.793292,0.794357,1.0,1.0
2016-02-01,B,0.003439,0.939906,1.0,0.899697,0.950634,0.984429,1.0
2016-02-01,C,0.007552,0.940369,0.947585,0.894585,1.0,0.940807,1.0
2016-02-01,D,0.01382,0.995604,0.811892,0.89639,1.0,1.0,1.0
2016-02-01,E,0.019538,0.945898,0.77558,0.942697,1.0,1.0,1.0
2016-02-01,F,0.02722,0.995482,0.701323,0.834412,1.0,0.96242,1.0
2016-02-01,G,0.030689,0.985652,0.565333,0.970488,1.0,1.0,1.0
2016-03-01,A,0.001256,1.0,0.883392,0.811444,0.984126,1.0,1.0
2016-03-01,B,0.003745,1.0,1.0,0.884172,0.962108,1.0,1.0
2016-03-01,C,0.008552,1.0,0.95267,0.895358,1.0,1.0,1.0
2016-03-01,D,0.015237,1.0,0.877874,0.888177,1.0,1.0,1.0
2016-03-01,E,0.022342,1.0,0.865409,0.92884,1.0,0.961604,1.0
2016-03-01,F,0.02961,1.0,0.739213,0.776802,1.0,0.951426,1.0
2016-03-01,G,0.031269,1.0,0.584896,0.588519,1.0,0.969978,1.0
2016-04-01,A,0.001316,1.0,0.89667,0.895504,1.0,1.0,1.0
2016-04-01,B,0.003617,1.0,1.0,0.907245,0.926081,1.0,1.0
2016-04-01,C,0.008011,1.0,0.868975,0.856567,1.0,1.0,1.0
2016-04-01,D,0.013519,1.0,0.864608,0.847659,0.985206,1.0,1.0
2016-04-01,E,0.018758,1.0,0.839968,0.826224,0.994215,0.991432,1.0
2016-04-01,F,0.023605,1.0,0.736898,0.740941,1.0,0.979275,1.0
2016-04-01,G,0.023853,1.0,0.686471,0.598549,1.0,0.916886,1.0
2016-05-01,A,0.001541,1.0,0.949186,0.970051,1.0,0.944103,1.0
2016-05-01,B,0.00393,1.0,1.0,1.0,0.994736,1.0,1.0
2016-05-01,C,0.007921,1.0,0.936209,0.862352,1.0,1.0,1.0
2016-05-01,D,0.013467,1.0,0.910191,0.938143,1.0,1.0,1.0
2016-05-01,E,0.018895,1.0,0.901313,0.867492,1.0,1.0,1.0
2016-05-01,F,0.026933,1.0,0.717769,0.7436,1.0,1.0,1.0
2016-05-01,G,0.027329,1.0,0.551573,0.607576,1.0,1.0,1.0
2016-06-01,A,0.002088,1.0,0.937634,0.973266,1.0,0.98768,1.0
2016-06-01,B,0.004646,1.0,0.985663,1.0,0.915112,1.0,1.0
2016-06-01,C,0.010615,1.0,0.871024,0.973876,0.968158,1.0,1.0
2016-06-01,D,0.017392,1.0,0.865995,1.0,0.972237,1.0,1.0
2016-06-01,E,0.029196,1.0,0.82279,0.996668,0.979137,1.0,1.0
2016-06-01,F,0.04626,1.0,0.725303,0.95342,1.0,1.0,1.0
2016-06-01,G,0.066303,1.0,0.669641,1.0,1.0,1.0,1.0
2016-07-01,A,0.00197,0.917812,1.0,0.947837,0.968076,1.0,1.0
2016-07-01,B,0.004858,0.862305,1.0,1.0,1.0,1.0,1.0
2016-07-01,C,0.009915,1.0,0.880149,1.0,1.0,1.0,1.0
2016-07-01,D,0.016186,0.949867,0.948808,1.0,1.0,1.0,1.0
2016-07-01,E,0.023299,1.0,0.832528,0.973879,1.0,1.0,1.0
2016-07-01,F,0.027931,1.0,0.716055,0.952173,1.0,1.0,1.0
2016-07-01,G,0.038162,0.945264,0.703347,0.985231,1.0,1.0,1.0
2016-08-01,A,0.002098,1.0,1.0,0.829711,1.0,1.0,1.0
2016-08-01,B,0.005557,1.0,1.0,0.937578,0.979454,1.0,1.0
2016-08-01,C,0.010333,1.0,0.973859,0.946762,1.0,1.0,1.0
2016-08-01,D,0.016489,1.0,0.921569,0.983779,1.0,1.0,1.0
2016-08-01,E,0.023735,1.0,0.881842,0.999875,1.0,0.985836,1.0
2016-08-01,F,0.0264,0.979233,0.756215,0.980792,1.0,0.987827,1.0
2016-08-01,G,0.030372,0.980829,0.70089,0.953663,1.0,1.0,1.0
2016-09-01,A,0.002414,0.968548,1.0,1.0,0.848353,1.0,1.0
2016-09-01,B,0.005857,0.980244,1.0,1.0,0.906591,1.0,1.0
2016-09-01,C,0.010319,1.0,1.0,1.0,0.974099,1.0,1.0
2016-09-01,D,0.016786,1.0,1.0,0.993841,0.975978,1.0,1.0
2016-09-01,E,0.02428,0.984414,1.0,1.0,0.988978,1.0,1.0
2016-09-01,F,0.033595,1.0,1.0,0.997965,0.996815,1.0,1.0
2016-09-01,G,0.034128,0.996782,1.0,1.0,0.985948,1.0,1.0
2016-10-01,A,0.002606,0.835415,1.0,0.990817,0.826142,1.0,1.0
2016-10-01,B,0.005912,0.941306,1.0,0.98016,0.895359,1.0,1.0
2016-10-01,C,0.011089,0.945146,1.0,1.0,0.950272,1.0,1.0
2016-10-01,D,0.017081,0.982822,1.0,1.0,0.912908,1.0,1.0
2016-10-01,E,0.022519,0.977814,1.0,0.994561,0.883578,1.0,1.0
2016-10-01,F,0.03017,0.983321,0.999923,0.999419,0.8075,1.0,1.0
2016-10-01,G,0.029851,1.0,0.946082,0.951696,0.770202,1.0,1.0
2016-11-01,A,0.002867,0.99367,1.0,0.960965,0.830088,1.0,1.0
2016-11-01,B,0.006592,1.0,1.0,0.974613,0.896942,1.0,1.0
2016-11-01,C,0.010321,0.986826,1.0,1.0,0.963185,1.0,1.0
2016-11-01,D,0.016503,0.989016,1.0,1.0,0.983298,1.0,1.0
2016-11-01,E,0.025723,1.0,1.0,1.0,0.992413,1.0,1.0
2016-11-01,F,0.03229,1.0,1.0,1.0,1.0,1.0,1.0
2016-11-01,G,0.037068,1.0,0.962692,1.0,1.0,1.0,1.0
2016-12-01,A,0.002925,1.0,1.0,1.0,0.830527,1.0,1.0
2016-12-01,B,0.006048,1.0,0.976286,0.957857,0.944819,1.0,1.0
2016-12-01,C,0.011279,0.997522,1.0,0.975453,0.948091,1.0,1.0
2016-12-01,D,0.01799,0.965402,1.0,1.0,0.981455,1.0,1.0
2016-12-01,E,0.023296,0.994658,0.995295,0.996955,0.983332,1.0,1.0
2016-12-01,F,0.029986,0.978189,0.995355,0.965163,0.998095,0.990883,1.0
2016-12-01,G,0.033566,0.993751,0.951696,0.994722,1.0,0.942263,1.0
2017-01-01,A,0.002995,0.98271,1.0,0.990135,0.902041,1.0,1.0
2017-01-01,B,0.006443,0.996403,0.997151,0.999316,0.932877,1.0,1.0
2017-01-01,C,0.011193,1.0,1.0,0.991249,0.958859,1.0,1.0
2017-01-01,D,0.017912,1.0,0.998873,1.0,0.9895,1.0,1.0
2017-01-01,E,0.020953,0.996861,0.990344,0.995603,1.0,1.0,1.0
2017-01-01,F,0.028788,0.99769,0.999625,0.994012,1.0,1.0,1.0
2017-01-01,G,0.027066,0.989751,1.0,0.989712,1.0,0.993001,1.0
2017-02-01,A,0.003054,0.863198,1.0,0.955695,0.72831,1.0,1.0
2017-02-01,B,0.006418,0.935049,1.0,0.985008,0.8378,1.0,1.0
2017-02-01,C,0.011462,0.855176,1.0,1.0,0.90166,1.0,1.0
2017-02-01,D,0.018067,0.903313,1.0,1.0,0.964247,0.979962,1.0
2017-02-01,E,0.021377,1.0,0.904722,1.0,1.0,0.989003,1.0
2017-02-01,F,0.028638,1.0,0.996465,1.0,1.0,0.781237,1.0
2017-02-01,G,0.02721,1.0,0.846002,1.0,1.0,0.957203,1.0
2017-03-01,A,0.002944,1.0,1.0,0.791412,0.870278,1.0,1.0
2017-03-01,B,0.006553,1.0,1.0,0.936358,0.914069,1.0,1.0
2017-03-01,C,0.011573,0.998465,1.0,0.952051,0.845678,1.0,1.0
2017-03-01,D,0.017429,1.0,1.0,0.936722,0.821506,1.0,1.0
2017-03-01,E,0.020675,0.923575,0.935797,0.954571,0.969531,1.0,1.0
2017-03-01,F,0.024991,0.965466,0.943508,0.921091,0.743846,1.0,1.0
2017-03-01,G,0.024308,0.936443,0.878982,0.979365,0.708002,1.0,1.0
2017-04-01,A,0.002481,0.960979,1.0,1.0,0.862273,1.0,1.0
2017-04-01,B,0.006924,0.95057,1.0,1.0,0.974195,1.0,1.0
2017-04-01,C,0.012495,0.995514,1.0,0.970701,0.937475,1.0,1.0
2017-04-01,D,0.018576,1.0,1.0,1.0,0.947145,1.0,1.0
2017-04-01,E,0.022232,1.0,1.0,0.993994,1.0,1.0,1.0
2017-04-01,F,0.031213,1.0,1.0,0.958686,1.0,1.0,1.0
2017-04-01,G,0.030242,1.0,1.0,1.0,1.0,1.0,1.0
2017-05-01,A,0.003828,0.79702,1.0,0.999237,0.82235,1.0,1.0
2017-05-01,B,0.007116,0.919619,1.0,1.0,0.933468,0.990808,1.0
2017-05-01,C,0.013203,1.0,1.0,0.975849,0.949067,1.0,1.0
2017-05-01,D,0.018354,0.961941,0.991181,0.95889,0.953842,1.0,1.0
2017-05-01,E,0.020797,0.985956,0.968107,0.97735,0.917967,0.9355,1.0
2017-05-01,F,0.021479,1.0,0.92552,0.950631,0.974871,0.934714,1.0
2017-05-01,G,0.022525,0.907621,0.983693,0.981254,0.938674,0.90627,1.0
2017-06-01,A,0.003807,0.969667,1.0,0.930065,0.817659,1.0,1.0
2017-06-01,B,0.007916,0.993952,1.0,1.0,0.884483,1.0,1.0
2017-06-01,C,0.014177,1.0,0.985254,0.998927,0.986456,1.0,1.0
2017-06-01,D,0.019692,1.0,1.0,0.983714,1.0,1.0,1.0
2017-06-01,E,0.024457,1.0,1.0,1.0,1.0,1.0,1.0
2017-06-01,F,0.034859,1.0,0.972545,1.0,1.0,1.0,1.0
2017-06-01,G,0.041371,1.0,1.0,1.0,1.0,1.0,1.0
2017-07-01,A,0.00353,0.777698,1.0,1.0,0.755552,1.0,1.0
2017-07-01,B,0.007659,0.828509,1.0,1.0,0.922346,1.0,1.0
2017-07-01,C,0.012847,0.923307,1.0,0.950166,1.0,1.0,1.0
2017-07-01,D,0.017277,0.984783,0.975155,0.988488,0.97186,0.982872,1.0
2017-07-01,E,0.022767,0.950073,0.993181,1.0,0.991693,0.972574,1.0
2017-07-01,F,0.028967,0.971186,0.946563,0.973007,1.0,0.92238,1.0
2017-07-01,G,0.025343,0.965404,0.993405,0.981795,0.891495,1.0,1.0
2017-08-01,A,0.004395,0.959701,1.0,0.795165,0.92181,1.0,1.0
2017-08-01,B,0.00858,0.940203,1.0,0.959982,0.916659,1.0,1.0
2017-08-01,C,0.014914,0.97014,1.0,0.968926,0.962304,1.0,1.0
2017-08-01,D,0.018855,0.962002,0.992692,0.973782,0.893305,1.0,1.0
2017-08-01,E,0.023189,0.9467,1.0,1.0,0.789989,1.0,1.0
2017-08-01,F,0.029035,0.966823,1.0,0.982555,0.579496,1.0,1.0
2017-08-01,G,0.025346,0.941676,1.0,0.940307,0.475653,1.0,1.0
2017-09-01,A,0.005354,1.0,1.0,0.935305,0.833482,1.0,1.0
2017-09-01,B,0.009509,1.0,1.0,0.985377,0.904324,1.0,1.0
2017-09-01,C,0.014814,0.993704,1.0,1.0,0.996359,1.0,1.0
2017-09-01,D,0.020697,1.0,1.0,1.0,0.993127,1.0,1.0
2017-09-01,E,0.023093,0.960117,1.0,1.0,0.971714,1.0,1.0
2017-09-01,F,0.025722,1.0,1.0,1.0,0.968576,1.0,1.0
2017-09-01,G,0.029613,1.0,1.0,1.0,0.875307,1.0,1.0
2017-10-01,A,0.00443,0.824481,1.0,0.966627,0.845499,1.0,1.0
2017-10-01,B,0.009425,0.887251,1.0,1.0,0.941489,1.0,1.0
2017-10-01,C,0.015283,0.931278,1.0,0.985645,0.967556,1.0,1.0
2017-10-01,D,0.020592,0.951966,1.0,1.0,0.94611,0.997517,1.0
2017-10-01,E,0.022171,0.943785,1.0,0.968509,0.953626,1.0,1.0
2017-10-01,F,0.019952,0.97339,0.984689,0.915115,0.978498,1.0,1.0
2017-10-01,G,0.04618,0.963194,0.937228,0.960889,0.954898,1.0,1.0
2017-11-01,A,0.004318,0.994988,1.0,1.0,0.781761,1.0,1.0
2017-11-01,B,0.009505,0.994256,1.0,1.0,0.902745,1.0,1.0
2017-11-01,C,0.015716,1.0,1.0,1.0,0.952872,1.0,1.0
2017-11-01,D,0.02059,0.976277,1.0,1.0,0.993341,1.0,1.0
2017-11-01,E,0.021647,1.0,1.0,1.0,0.9622,1.0,1.0
2017-11-01,F,0.018093,1.0,1.0,1.0,1.0,1.0,1.0
2017-11-01,G,0.031533,1.0,1.0,1.0,1.0,1.0,1.0
2017-12-01,A,0.004891,0.996087,1.0,1.0,0.800885,1.0,1.0
2017-12-01,B,0.009509,0.979617,1.0,0.988377,0.889349,1.0,1.0
2017-12-01,C,0.016622,0.98969,0.993126,0.980019,0.939395,1.0,1.0
2017-12-01,D,0.020547,0.959951,1.0,0.991458,0.963896,1.0,1.0
2017-12-01,E,0.019945,0.971583,0.989296,0.924132,0.960991,1.0,1.0
2017-12-01,F,0.018705,0.938011,0.963359,1.0,0.949658,0.994949,1.0
2017-12-01,G,0.064331,0.980019,0.957143,1.0,0.974122,0.922228,1.0
2018-01-01,A,0.004827,0.997643,1.0,0.985621,0.805282,1.0,1.0
2018-01-01,B,0.011346,0.997564,1.0,0.979896,0.928729,1.0,1.0
2018-01-01,C,0.016523,1.0,1.0,0.9694,0.960831,1.0,1.0
2018-01-01,D,0.021766,0.99171,0.992355,0.994088,0.932422,1.0,1.0
2018-01-01,E,0.019827,0.932631,1.0,0.993739,0.932225,1.0,1.0
2018-01-01,F,0.014646,0.946234,0.946665,1.0,0.942658,0.973946,1.0
2018-01-01,G,0.042108,0.983407,1.0,0.997222,0.942415,0.998577,1.0
2018-02-01,A,0.005052,0.682397,1.0,1.0,0.810934,1.0,1.0
2018-02-01,B,0.011983,0.931505,1.0,0.851458,0.897262,1.0,1.0
2018-02-01,C,0.017649,0.934271,1.0,1.0,0.90477,1.0,1.0
2018-02-01,D,0.022736,0.969868,1.0,0.986171,0.96692,0.99979,1.0
2018-02-01,E,0.020048,0.943183,1.0,1.0,0.965433,1.0,1.0
2018-02-01,F,0.014791,0.915489,1.0,1.0,1.0,1.0,1.0
2018-02-01,G,0.043868,0.4898,1.0,1.0,0.595397,0.846273,1.0
2018-03-01,A,0.00557,0.928038,1.0,0.770647,0.798692,1.0,1.0
2018-03-01,B,0.009851,1.0,1.0,0.858572,0.851678,1.0,1.0
2018-03-01,C,0.017705,1.0,1.0,0.97755,0.843113,1.0,1.0
2018-03-01,D,0.022204,0.983706,1.0,0.936561,0.814137,1.0,1.0
2018-03-01,E,0.014942,0.937618,0.968078,0.902884,0.794088,1.0,1.0
2018-03-01,F,0.015732,0.862086,0.896699,1.0,0.641135,1.0,1.0
2018-03-01,G,0.019977,0.959661,0.918363,0.963228,0.279125,1.0,1.0
2018-04-01,A,0.005008,1.0,1.0,0.951927,0.775649,1.0,1.0
2018-04-01,B,0.011171,1.0,1.0,1.0,0.914838,1.0,1.0
2018-04-01,C,0.019862,0.957185,1.0,1.0,0.950175,1.0,1.0
2018-04-01,D,0.022661,1.0,1.0,0.991135,0.948732,1.0,1.0
2018-04-01,E,0.013072,1.0,1.0,0.997643,1.0,1.0,1.0
2018-04-01,F,0.009274,0.971585,1.0,1.0,1.0,1.0,1.0
2018-04-01,G,0.012754,1.0,1.0,0.945745,1.0,1.0,1.0
2018-05-01,A,0.007231,0.836425,1.0,0.935433,0.812887,1.0,1.0
2018-05-01,B,0.012266,0.847436,1.0,1.0,0.938808,1.0,1.0
2018-05-01,C,0.020486,0.900801,1.0,1.0,0.951672,1.0,1.0
2018-05-01,D,0.020589,0.977661,0.990524,0.950914,0.960349,1.0,1.0
2018-05-01,E,0.012543,0.982119,0.930129,0.978367,0.920968,0.961206,1.0
2018-05-01,F,0.00968,0.958681,1.0,1.0,0.858855,0.875537,1.0
2018-05-01,G,0.006222,1.0,0.956018,0.932144,0.962923,0.923602,1.0
2018-06-01,A,0.006968,1.0,1.0,0.990477,0.787056,1.0,1.0
2018-06-01,B,0.014495,0.963838,1.0,1.0,0.910991,1.0,1.0
2018-06-01,C,0.02326,0.983193,1.0,1.0,0.907634,1.0,1.0
2018-06-01,D,0.02568,1.0,1.0,1.0,1.0,1.0,1.0
2018-06-01,E,0.016061,1.0,1.0,1.0,1.0,1.0,1.0
2018-06-01,F,0.011316,0.941948,1.0,1.0,0.944849,1.0,1.0
2018-06-01,G,0.008354,1.0,0.951463,1.0,1.0,1.0,1.0
2018-07-01,A,0.007118,0.692824,1.0,0.999439,0.866294,1.0,1.0
2018-07-01,B,0.015745,0.782788,1.0,1.0,0.841972,1.0,1.0
2018-07-01,C,0.02082,0.909302,1.0,0.953954,0.896352,1.0,1.0
2018-07-01,D,0.019151,0.91973,0.989469,0.980521,0.962471,0.985048,1.0
2018-07-01,E,0.010458,0.945648,0.989732,0.981544,0.981133,0.92381,1.0
2018-07-01,F,0.005451,0.951537,1.0,0.951256,0.952281,1.0,1.0
2018-07-01,G,0.004433,0.827842,0.932144,1.0,1.0,0.946795,1.0
2018-08-01,A,0.008652,0.973134,1.0,0.726435,0.862322,1.0,1.0
2018-08-01,B,0.016562,0.993809,1.0,0.881602,0.870143,1.0,1.0
2018-08-01,C,0.017164,0.955497,1.0,0.857986,0.84882,1.0,1.0
2018-08-01,D,0.017813,0.907532,0.971862,0.953183,0.784592,1.0,1.0
2018-08-01,E,0.006486,1.0,0.841839,0.932634,0.699745,1.0,1.0
2018-08-01,F,0.003249,0.982223,0.89409,0.923075,0.479136,1.0,1.0
2018-08-01,G,0.003903,0.792501,1.0,1.0,0.477735,1.0,1.0
2018-09-01,A,0.011809,1.0,1.0,0.951451,0.820181,1.0,1.0
2018-09-01,B,0.020124,0.992271,1.0,1.0,0.837654,1.0,1.0
2018-09-01,C,0.018127,1.0,1.0,1.0,0.93279,1.0,1.0
2018-09-01,D,0.016236,0.990714,1.0,1.0,1.0,1.0,1.0
2018-09-01,E,0.004577,1.0,1.0,1.0,1.0,1.0,1.0
2018-09-01,F,0.004025,1.0,1.0,0.990442,1.0,1.0,1.0
2018-09-01,G,0.002679,0.918884,1.0,0.961386,0.891819,1.0,1.0
2018-10-01,A,0.008496,0.786199,1.0,0.999725,0.837191,1.0,1.0
2018-10-01,B,0.013805,0.885482,1.0,0.937779,0.881665,1.0,1.0
2018-10-01,C,0.010829,0.898237,0.978343,0.946106,0.890006,1.0,1.0
2018-10-01,D,0.007516,0.922198,1.0,0.908844,0.875223,0.985828,1.0
2018-10-01,E,0.002691,0.801616,0.980314,1.0,0.981554,0.849889,1.0
2018-10-01,F,0.003045,0.954744,0.933367,0.996135,0.989841,0.934925,1.0
2018-10-01,G,0.003488,1.0,1.0,0.723172,0.772405,1.0,1.0
2018-11-01,A,0.010203,1.0,1.0,0.789203,0.828271,1.0,1.0
2018-11-01,B,0.012797,1.0,1.0,0.921515,0.903294,1.0,1.0
2018-11-01,C,0.007643,1.0,1.0,0.999016,1.0,1.0,1.0
2018-11-01,D,0.004644,1.0,1.0,1.0,0.971454,1.0,1.0
2018-11-01,E,0.00221,0.980592,1.0,1.0,1.0,1.0,1.0
2018-11-01,F,0.002517,1.0,1.0,0.995897,1.0,1.0,1.0
2018-11-01,G,0.002708,1.0,0.961386,1.0,0.918884,1.0,1.0
2018-12-01,A,0.006693,1.0,0.982508,0.858747,0.819272,1.0,1.0
2018-12-01,B,0.006716,1.0,0.959262,0.841332,0.876052,1.0,1.0
2018-12-01,C,0.003876,0.982787,0.958377,0.75798,0.913902,0.981587,1.0
2018-12-01,D,0.0018,0.969277,0.909326,0.738833,0.923132,1.0,1.0
2018-12-01,E,0.001312,0.922982,1.0,1.0,0.81405,0.976009,1.0
2018-12-01,F,0.001507,1.0,0.996135,0.862548,0.954744,0.933367,1.0
2018-12-01,G,0.000997,1.0,0.723172,1.0,1.0,1.0,1.0
2019-01-01,A,0.004051,0.955699,0.983021,1.0,0.815277,1.0,1.0
2019-01-01,B,0.004299,0.900218,0.997888,0.912577,0.827073,1.0,1.0
2019-01-01,C,0.001429,0.919463,0.897662,0.809609,0.9063,1.0,1.0
2019-01-01,D,0.000853,0.896367,0.894986,0.962546,0.878002,1.0,1.0
2019-01-01,E,0.000501,0.943368,1.0,1.0,0.919473,0.978641,1.0
2019-01-01,F,0.000799,1.0,0.907213,0.748829,1.0,1.0,1.0
2019-01-01,G,0.001461,1.0,1.0,1.0,1.0,0.921333,1.0
2019-02-01,A,0.004481,1.0,1.0,1.0,1.0,1.0,1.0
2019-02-01,B,0.004427,1.0,1.0,1.0,1.0,1.0,1.0
2019-02-01,C,0.001477,1.0,1.0,1.0,1.0,1.0,1.0
2019-02-01,D,0.000914,1.0,1.0,1.0,1.0,1.0,1.0
2019-02-01,E,0.00053,1.0,1.0,1.0,1.0,1.0,1.0
2019-02-01,F,0.000838,1.0,1.0,1.0,1.0,0.731938,1.0
2019-02-01,G,0.001524,1.0,1.0,0.714506,0.687518,1.0,1.0
2019-03-01,A,0.002585,0.963014,0.958878,0.939681,0.91928,1.0,1.0
2019-03-01,B,0.002118,0.960799,1.0,0.962886,0.822563,1.0,1.0
2019-03-01,C,0.000781,0.978767,0.970001,0.931652,0.760405,1.0,1.0
2019-03-01,D,0.000402,0.969951,0.971052,0.948562,0.446352,1.0,1.0
2019-03-01,E,0.000208,0.938985,1.0,1.0,0.119392,1.0,1.0
2019-03-01,F,0.00063,1.0,1.0,1.0,0.126081,1.0,1.0
2019-03-01,G,0.000768,1.0,1.0,1.0,0.090998,1.0,1.0
2019-04-01,A,0.001257,1.0,1.0,1.0,1.0,1.0,1.0
2019-04-01,B,0.000927,1.0,1.0,1.0,0.997641,1.0,1.0
2019-04-01,C,0.00051,1.0,1.0,0.963214,1.0,1.0,1.0
2019-04-01,D,0.000351,1.0,1.0,0.789165,1.0,1.0,1.0
2019-04-01,E,0.000198,0.971675,1.0,1.0,0.971668,1.0,1.0
2019-04-01,F,0.00016,1.0,1.0,1.0,1.0,1.0,1.0
2019-04-01,G,0.00085,1.0,1.0,0.0,1.0,1.0,1.0
2019-05-01,A,0.000747,0.878817,0.850543,1.0,0.979723,0.961976,1.0
2019-05-01,B,0.000568,0.93365,0.936186,1.0,0.939723,0.978788,1.0
2019-05-01,C,0.000189,1.0,0.941222,1.0,0.978034,0.94488,1.0
2019-05-01,D,0.000379,1.0,0.927224,1.0,0.934422,0.981788,1.0
2019-05-01,E,0.000442,0.722222,1.0,1.0,0.975778,1.0,1.0
2019-05-01,F,0.000241,1.0,1.0,1.0,1.0,1.0,1.0
2019-05-01,G,0.0,,0.888803,0.440029,1.0,1.0,1.0
2019-06-01,A,0.000345,0.922954,1.0,1.0,1.0,1.0,1.0
2019-06-01,B,0.000374,0.92164,1.0,1.0,1.0,1.0,1.0
2019-06-01,C,0.000244,0.988145,0.93657,1.0,1.0,1.0,1.0
2019-06-01,D,0.000165,0.842493,0.789165,1.0,1.0,1.0,1.0
2019-06-01,E,0.000148,1.0,1.0,0.870029,0.988474,1.0,1.0
2019-06-01,F,0.0,1.0,1.0,1.0,1.0,1.0,1.0
2019-06-01,G,0.0,1.0,0.0,,1.0,0.865331,1.0
2019-07-01,A,0.000245,0.945324,1.0,1.0,0.841267,0.811261,1.0
2019-07-01,B,0.000232,0.779545,1.0,0.997047,0.92765,0.956426,1.0
2019-07-01,C,0.000295,0.712492,0.984003,1.0,1.0,0.941287,1.0
2019-07-01,D,0.000179,0.697991,1.0,1.0,1.0,0.887217,1.0
2019-07-01,E,0.000302,0.952954,1.0,0.586164,0.722222,1.0,1.0
2019-07-01,F,0.0,1.0,0.0,,0.771735,1.0,1.0
2019-07-01,G,0.00066,0.0,0.440029,,,0.427087,1.0
2019-08-01,A,0.000163,1.0,0.808914,1.0,0.942696,0.892669,1.0
2019-08-01,B,0.000125,0.86184,0.989641,0.972746,0.812416,0.996871,1.0
2019-08-01,C,0.000222,1.0,1.0,0.99089,0.885491,1.0,1.0
2019-08-01,D,0.000234,1.0,0.499806,0.633569,1.0,0.926827,1.0
2019-08-01,E,0.000318,1.0,0.859616,0.43038,0.448652,1.0,1.0
2019-08-01,F,0.000212,,1.0,,,0.701609,1.0
2019-08-01,G,0.0,,,1.0,0.873563,1.0,1.0
2019-09-01,A,0.000138,1.0,1.0,0.680851,1.0,1.0,1.0
2019-09-01,B,0.000223,1.0,1.0,1.0,1.0,1.0,1.0
2019-09-01,C,0.0002,0.976136,1.0,0.868421,0.874938,1.0,1.0
2019-09-01,D,0.000271,1.0,0.746163,1.0,1.0,0.810557,1.0
2019-09-01,E,0.000603,1.0,0.708985,0.25641,1.0,1.0,1.0
2019-09-01,F,0.000227,,,0.0,1.0,,1.0
2019-09-01,G,0.0,1.0,,,,1.0,1.0
2019-10-01,A,9e-05,1.0,1.0,0.585635,0.964564,0.709076,1.0
2019-10-01,B,0.000112,0.836502,0.915444,1.0,0.914939,0.964828,1.0
2019-10-01,C,0.000247,1.0,0.749286,0.929286,1.0,1.0,1.0
2019-10-01,D,0.000263,0.976355,0.646284,1.0,1.0,0.513052,1.0
2019-10-01,E,0.0003,1.0,0.62963,0.877484,1.0,0.859616,1.0
2019-10-01,F,0.000277,,,0.0,,1.0,
2019-10-01,G,0.0,,0.0,,,,1.0
2019-11-01,A,0.000233,1.0,0.680851,0.0,1.0,1.0,1.0
2019-11-01,B,0.000269,0.782313,1.0,1.0,1.0,1.0,1.0
2019-11-01,C,9e-05,0.985461,0.938596,0.942776,1.0,0.902996,1.0
2019-11-01,D,0.000642,0.747546,1.0,0.875637,1.0,0.746163,1.0
2019-11-01,E,0.000431,1.0,0.461538,1.0,1.0,0.708985,1.0
2019-11-01,F,0.000991,,0.0,1.0,,,1.0
2019-11-01,G,0.0,,,,,0.0,
2019-12-01,A,9.3e-05,,0.585635,0.45809,1.0,1.0,1.0
2019-12-01,B,0.000137,0.965035,1.0,1.0,0.836502,0.838574,1.0
2019-12-01,C,0.000255,1.0,0.939644,0.62234,1.0,0.749286,1.0
2019-12-01,D,0.000371,1.0,1.0,1.0,1.0,0.646284,1.0
2019-12-01,E,0.000237,0.733992,0.993395,1.0,1.0,0.62963,1.0
2019-12-01,F,0.000237,0.0,1.0,1.0,,,
2019-12-01,G,0.0,,,,,0.0,
2020-01-01,A,0.0,1.0,1.0,1.0,1.0,0.880952,1.0
2020-01-01,B,0.000149,1.0,1.0,1.0,0.836735,1.0,1.0
2020-01-01,C,0.000276,1.0,0.876886,1.0,1.0,0.889381,1.0
2020-01-01,D,0.000338,1.0,0.769623,1.0,0.844857,0.991877,1.0
2020-01-01,E,0.0,0.797622,0.871713,1.0,0.826719,1.0,1.0
2020-01-01,F,0.0,0.460299,,1.0,1.0,1.0,
2020-01-01,G,0.000656,,,,,,
2020-02-01,A,0.0,1.0,1.0,,0.0,1.0,1.0
2020-02-01,B,8.8e-05,0.934809,0.737226,1.0,1.0,0.955285,1.0
2020-02-01,C,0.000152,0.4981,1.0,1.0,0.932016,1.0,1.0
2020-02-01,D,0.000243,0.818651,0.777729,1.0,1.0,1.0,1.0
2020-02-01,E,0.0,1.0,0.905804,,1.0,1.0,1.0
2020-02-01,F,0.0,0.570613,1.0,,0.492537,0.853896,1.0
2020-02-01,G,0.000699,,,0.0,,,
2020-03-01,A,6.5e-05,0.789474,0.181818,,0.993174,,1.0
2020-03-01,B,0.000282,0.896552,0.925,0.0,1.0,0.365217,1.0
2020-03-01,C,0.00014,0.984662,1.0,0.955248,0.645995,1.0,1.0
2020-03-01,D,0.000134,0.833602,1.0,0.268057,1.0,1.0,1.0
2020-03-01,E,0.00018,1.0,0.787567,,1.0,0.612053,1.0
2020-03-01,F,0.00049,1.0,1.0,,1.0,1.0,1.0
2020-03-01,G,0.0,,,1.0,,,
2020-04-01,A,0.00022,,1.0,1.0,1.0,1.0,1.0
2020-04-01,B,4.1e-05,,1.0,1.0,1.0,0.714981,1.0
2020-04-01,C,0.000102,0.755081,1.0,1.0,0.716392,1.0,1.0
2020-04-01,D,0.000102,1.0,1.0,1.0,0.525836,1.0,1.0
2020-04-01,E,0.000199,0.0,1.0,1.0,1.0,0.826867,1.0
2020-04-01,F,0.0,,1.0,1.0,1.0,1.0,1.0
2020-04-01,G,0.0,1.0,,,,,
2020-05-01,A,0.0,1.0,,1.0,0.0,0.863636,1.0
2020-05-01,B,2.8e-05,0.395604,,1.0,0.673518,0.695062,1.0
2020-05-01,C,0.000195,0.459524,1.0,0.311111,0.856564,1.0,1.0
2020-05-01,D,0.000257,1.0,1.0,1.0,0.633252,1.0,1.0
2020-05-01,E,0.000308,0.093023,,1.0,1.0,0.787567,1.0
2020-05-01,F,0.000646,1.0,,,1.0,1.0,1.0
2020-05-01,G,0.0,,1.0,,,,
2020-06-01,A,0.0,1.0,1.0,,,,1.0
2020-06-01,B,0.000133,0.213894,1.0,1.0,0.0,1.0,1.0
2020-06-01,C,0.000221,1.0,1.0,1.0,0.778888,1.0,1.0
2020-06-01,D,0.000501,0.548546,1.0,0.509583,1.0,1.0,1.0
2020-06-01,E,0.000705,1.0,1.0,0.37028,0.0,1.0,1.0
2020-06-01,F,0.000529,,1.0,1.0,,1.0,1.0
2020-06-01,G,0.0,,,,1.0,,
2020-07-01,A,0.0,,1.0,,1.0,,1.0
2020-07-01,B,1.3e-05,0.0,1.0,1.0,0.395604,,1.0
2020-07-01,C,6.3e-05,0.137129,1.0,1.0,0.762749,1.0,1.0
2020-07-01,D,0.000298,1.0,1.0,0.856373,1.0,0.0,1.0
2020-07-01,E,0.0,1.0,1.0,0.695345,0.0,,1.0
2020-07-01,F,0.0,1.0,,1.0,1.0,,1.0
2020-07-01,G,0.0,,,,,0.0,
2020-08-01,A,6.1e-05,,,,0.0,1.0,
2020-08-01,B,0.000295,0.0,,1.0,0.932476,0.116667,1.0
2020-08-01,C,3.1e-05,0.708415,1.0,1.0,0.83427,1.0,1.0
2020-08-01,D,0.000148,0.37948,1.0,1.0,0.451454,1.0,
2020-08-01,E,0.000345,0.0,1.0,,0.351852,,1.0
2020-08-01,F,0.0,1.0,0.395848,,,0.0,
2020-08-01,G,0.0,,,,,,
2020-09-01,A,0.0,,,1.0,,,1.0
2020-09-01,B,0.000277,1.0,,1.0,0.0,1.0,1.0
2020-09-01,C,0.00019,0.76,1.0,1.0,0.366782,1.0,1.0
2020-09-01,D,0.000381,0.857143,1.0,1.0,1.0,1.0,1.0
2020-09-01,E,0.000738,0.0,,1.0,0.611078,1.0,1.0
2020-09-01,F,0.0,,1.0,,1.0,1.0,
2020-09-01,G,0.001186,,,,,,
2020-10-01,A,0.000757,0.0,,,,,1.0
2020-10-01,B,1.2e-05,0.474576,1.0,1.0,0.09375,,1.0
2020-10-01,C,7.1e-05,0.0,1.0,1.0,0.724512,1.0,1.0
2020-10-01,D,7.7e-05,0.0,1.0,1.0,1.0,1.0,1.0
2020-10-01,E,0.000117,0.507246,,1.0,0.0,1.0,1.0
2020-10-01,F,0.0,,,,0.0,1.0,1.0
2020-10-01,G,0.0,,,1.0,,,
2020-11-01,A,0.0,,,1.0,0.0,,
2020-11-01,B,0.0,1.0,1.0,1.0,0.096774,1.0,1.0
2020-11-01,C,0.000205,1.0,,1.0,0.75,1.0,1.0
2020-11-01,D,0.0,1.0,,1.0,0.721649,1.0,1.0
2020-11-01,E,0.0,1.0,1.0,1.0,1.0,,1.0
2020-11-01,F,0.0,,,,,,1.0
2020-11-01,G,0.0,1.0,,,,,
2020-12-01,A,0.0,1.0,,,0.0,,
2020-12-01,B,0.0,1.0,1.0,,0.474576,1.0,1.0
2020-12-01,C,0.0,1.0,1.0,1.0,0.0,1.0,1.0
2020-12-01,D,5.3e-05,1.0,0.285714,,1.0,1.0,1.0
2020-12-01,E,0.0,1.0,1.0,,1.0,1.0,1.0
2020-12-01,F,0.0,,,,,,1.0
2020-12-01,G,0.0,,1.0,,,,
2021-01-01,A,0.0,,1.0,,,,1.0
2021-01-01,B,0.0,,1.0,,1.0,0.428571,1.0
2021-01-01,C,0.000235,1.0,1.0,,1.0,,1.0
2021-01-01,D,0.000125,,1.0,1.0,1.0,1.0,1.0
2021-01-01,E,0.000778,1.0,1.0,,1.0,1.0,1.0
2021-01-01,F,0.0,,,,,,
2021-01-01,G,0.0,,,,1.0,,
2021-02-01,A,0.0,,,,0.0,,
2021-02-01,B,0.0,,,,1.0,0.0,1.0
2021-02-01,C,9.2e-05,1.0,0.27556,1.0,1.0,0.178571,
2021-02-01,D,0.0,0.0,,1.0,1.0,1.0,1.0
2021-02-01,E,0.000853,,0.0,0.0,1.0,0.985191,1.0
2021-02-01,F,0.0,,,,,,
2021-02-01,G,0.0,,,,,0.0,
2021-03-01,A,0.0,,,,0.0,,
2021-03-01,B,0.000334,,,,0.0,0.040816,
2021-03-01,C,0.0,1.0,1.0,1.0,1.0,0.0,1.0
2021-03-01,D,9.1e-05,0.681818,,,0.0,0.666667,1.0
2021-03-01,E,0.000481,,1.0,1.0,,0.217391,1.0
2021-03-01,F,0.0,,,,,,
2021-03-01,G,0.0,,,,,1.0,
2021-04-01,A,0.0,,,,,,1.0
2021-04-01,B,0.0,,,1.0,,,1.0
2021-04-01,C,0.0,1.0,1.0,,1.0,1.0,
2021-04-01,D,0.0,,1.0,1.0,0.0,,1.0
2021-04-01,E,0.000534,0.423077,1.0,1.0,1.0,,1.0
2021-04-01,F,0.0,,,,,,
2021-04-01,G,0.000906,,,,,,1.0
2021-05-01,A,0.0,,,,,,1.0
2021-05-01,B,0.0,0.0,,,,,1.0
2021-05-01,C,0.000219,,0.0,,1.0,1.0,1.0
2021-05-01,D,0.000216,1.0,,,0.681818,,1.0
2021-05-01,E,0.0,0.933333,1.0,0.673214,1.0,1.0,
2021-05-01,F,0.001296,,,,,,
2021-05-01,G,0.0,,,1.0,,,
2021-06-01,A,0.0,,,,,,
2021-06-01,B,0.0,,,,0.0,,
2021-06-01,C,0.0,,,1.0,,0.751724,1.0
2021-06-01,D,0.0,0.0,1.0,1.0,,1.0,1.0
2021-06-01,E,0.0,1.0,1.0,,0.423077,1.0,1.0
2021-06-01,F,0.0,,,1.0,,,
2021-06-01,G,0.0,1.0,,,,,
2021-07-01,A,0.0,,,,,,
2021-07-01,B,0.000212,,,,0.0,,
2021-07-01,C,0.000118,0.67701,,,,0.0,1.0
2021-07-01,D,0.0,0.363636,,,1.0,,1.0
2021-07-01,E,0.0,0.0,0.673214,,0.933333,1.0,1.0
2021-07-01,F,0.0,1.0,,,,,
2021-07-01,G,0.0,,1.0,,,,
2021-08-01,A,0.0,,,,,,
2021-08-01,B,0.0,,,1.0,,,1.0
2021-08-01,C,0.0,,1.0,0.0,1.0,,
2021-08-01,D,0.0,,0.0,,1.0,0.0,
2021-08-01,E,0.0,,,,1.0,1.0,1.0
2021-08-01,F,0.0,,0.0,,,,
2021-08-01,G,0.0,,,,0.0,,
2021-09-01,A,0.0,,,,,,
2021-09-01,B,0.0,1.0,,,,,
2021-09-01,C,0.000325,,1.0,,1.0,1.0,
2021-09-01,D,0.000473,,,,,0.636364,
2021-09-01,E,0.0,,,,,1.0,1.0
2021-09-01,F,0.0,,,,,0.0,
2021-09-01,G,0.0,,,,,,1.0
2021-10-01,A,0.0,,,,,,
2021-10-01,B,0.0,,0.0,,,,
2021-10-01,C,0.000324,,,1.0,1.0,1.0,1.0
2021-10-01,D,0.000228,,,1.0,,0.0,1.0
2021-10-01,E,0.0,,,,,,1.0
2021-10-01,F,0.0,,,,,0.0,
2021-10-01,G,0.0,,,,,,1.0
2021-11-01,A,0.0,,,,,,
2021-11-01,B,0.0,,,,,0.0,
2021-11-01,C,0.0,1.0,,1.0,,1.0,1.0
2021-11-01,D,0.000257,1.0,,0.0,,,
2021-11-01,E,0.0,,,,,,
2021-11-01,F,0.0,,,,,,
2021-11-01,G,0.0,,,,,,
2021-12-01,A,0.0,,,,,,
2021-12-01,B,0.0,,,,,0.0,
2021-12-01,C,0.0,1.0,1.0,,,,1.0
2021-12-01,D,0.000868,,1.0,0.0,,,
2021-12-01,E,0.0,,,,,,
2021-12-01,F,0.0,,,,,,
2021-12-01,G,0.0,,,,,,
2022-01-01,A,0.0,,,,,,
2022-01-01,B,0.0,,,,,,
2022-01-01,C,0.000852,,1.0,,1.0,,
2022-01-01,D,0.000465,,1.0,1.0,1.0,,
2022-01-01,E,0.0,,,,,,
2022-01-01,F,0.0,,,,,,
2022-01-01,G,0.0,,,,,,
2022-02-01,A,0.0,,,,,,
2022-02-01,B,0.0,,,,,,
2022-02-01,C,0.000975,,,0.0,0.0,1.0,
2022-02-01,D,0.000517,0.0,,1.0,1.0,0.0,
2022-02-01,E,0.0,0.0,,,,,
2022-02-01,F,0.0,,,,,,
2022-02-01,G,0.0,,,,,,
2022-03-01,A,0.0,,,,,,
2022-03-01,B,0.0,,,,,,
2022-03-01,C,0.000459,,,1.0,1.0,,1.0
2022-03-01,D,0.000886,1.0,,0.0,1.0,0.0,
2022-03-01,E,0.0,1.0,,,,,
2022-03-01,F,0.0,,,,,,
2022-03-01,G,0.0,,,,,,
2022-04-01,A,0.0,,,,,,
2022-04-01,B,0.0,,,,,,
2022-04-01,C,0.0,1.0,,1.0,,1.0,
2022-04-01,D,0.0,,1.0,1.0,,1.0,
2022-04-01,E,0.0,,1.0,,,,
2022-04-01,F,0.0,,,,,,
2022-04-01,G,0.0,,,,,,
2022-05-01,A,0.0,,,,,,
2022-05-01,B,0.001331,,,,,,
2022-05-01,C,0.000267,1.0,1.0,,,,1.0
2022-05-01,D,0.0,1.0,,,0.66129,,1.0
2022-05-01,E,0.0,,,,1.0,,
2022-05-01,F,0.0,,,,,,
2022-05-01,G,0.0,,,,,,
2022-06-01,A,0.0,,,,,,
2022-06-01,B,0.0,,,1.0,,,
2022-06-01,C,0.000668,,1.0,1.0,1.0,,
2022-06-01,D,0.000564,1.0,1.0,,,1.0,1.0
2022-06-01,E,0.0,,,,,1.0,
2022-06-01,F,0.0,,,,,,
2022-06-01,G,0.0,,,,,,
2022-07-01,A,0.0,,,,,,
2022-07-01,B,0.0,1.0,,,,,
2022-07-01,C,0.0,1.0,,1.0,1.0,1.0,
2022-07-01,D,0.001051,,1.0,1.0,1.0,,1.0
2022-07-01,E,0.0,,,,,,1.0
2022-07-01,F,0.0,,,,,,
2022-07-01,G,0.0,,,,,,
2022-08-01,A,0.0,,,,,,
2022-08-01,B,0.0,,0.0,,,,
2022-08-01,C,0.000485,1.0,0.0,,,0.0,1.0
2022-08-01,D,0.0,1.0,,1.0,1.0,1.0,
2022-08-01,E,0.0,,,,,,
2022-08-01,F,0.0,,,,,,
2022-08-01,G,0.0,,,,,,
2022-09-01,A,0.0,,,,,,
2022-09-01,B,0.002268,,,,,0.0,
2022-09-01,C,0.000815,,1.0,1.0,,0.0,
2022-09-01,D,0.0,1.0,1.0,,,1.0,1.0
2022-09-01,E,0.0,,,,,,
2022-09-01,F,0.0,,,,,,
2022-09-01,G,0.0,,,,,,
2022-10-01,A,0.0,,,,,,
2022-10-01,B,0.002297,,,1.0,,0.0,
2022-10-01,C,0.000803,1.0,,1.0,1.0,0.0,
2022-10-01,D,0.002077,,1.0,,1.0,,1.0
2022-10-01,E,0.0,,,,,,
2022-10-01,F,0.0,,,,,,
2022-10-01,G,0.0,,,,,,
2022-11-01,A,0.0,,,,,,
2022-11-01,B,0.0,1.0,,1.0,,,
2022-11-01,C,0.0,1.0,1.0,1.0,,1.0,
2022-11-01,D,0.0,,,1.0,1.0,1.0,
2022-11-01,E,0.0,,,,,,
2022-11-01,F,0.0,,,,,,
2022-11-01,G,0.0,,,,,,
2022-12-01,A,0.0,,,,,,
2022-12-01,B,0.0,1.0,1.0,,,,
2022-12-01,C,0.0,1.0,1.0,,1.0,,1.0
2022-12-01,D,0.0,1.0,,,,1.0,1.0
2022-12-01,E,0.0,,,,,,
2022-12-01,F,0.0,,,,,,
2022-12-01,G,0.0,,,,,,
2023-01-01,A,0.0,,,,,,
2023-01-01,B,0.0,,1.0,,1.0,,
2023-01-01,C,0.004263,,1.0,,1.0,0.0,
2023-01-01,D,0.0,,1.0,,,,1.0
2023-01-01,E,0.0,,,,,,
2023-01-01,F,0.0,,,,,,
2023-01-01,G,0.0,,,,,,
2023-02-01,A,0.0,,,,,,
2023-02-01,B,0.0,,,,1.0,0.0,
2023-02-01,C,0.005586,,,0.0,1.0,0.0,
2023-02-01,D,0.0,,,,0.0,,
2023-02-01,E,0.0,,,,,,
2023-02-01,F,0.0,,,,,,
2023-02-01,G,0.0,,,,,,
2023-03-01,A,0.0,,,,,,
2023-03-01,B,0.0,,,,1.0,0.0,
2023-03-01,C,0.0,,,1.0,1.0,0.0,
2023-03-01,D,0.0,,,,0.0,,
2023-03-01,E,0.0,,,,,,
2023-03-01,F,0.0,,,,,,
2023-03-01,G,0.0,,,,,,
2023-04-01,A,0.0,,,,,,
2023-04-01,B,0.0,,,,,1.0,
2023-04-01,C,0.0,1.0,,,,1.0,
2023-04-01,D,0.003089,,,,,,1.0
2023-04-01,E,0.0,,,,,,
2023-04-01,F,0.0,,,,,,
2023-04-01,G,0.0,,,,,,
2023-05-01,A,0.0,,,,,,
2023-05-01,B,0.006737,,,,,,1.0
2023-05-01,C,0.0,,0.0,,,,1.0
2023-05-01,D,0.0,,,1.0,,,1.0
2023-05-01,E,0.0,,,,,,
2023-05-01,F,0.0,,,,,,
2023-05-01,G,0.0,,,,,,
2023-06-01,A,0.0,,,,,,
2023-06-01,B,0.0,,,1.0,,,
2023-06-01,C,0.0,,,,,0.0,
2023-06-01,D,0.0,1.0,,,,,
2023-06-01,E,0.0,,,,,,
2023-06-01,F,0.0,,,,,,
2023-06-01,G,0.0,,,,,,
2023-07-01,A,0.0,,,,,,
2023-07-01,B,0.0,1.0,,,,,
2023-07-01,C,0.0,,,,,0.0,
2023-07-01,D,0.0,,1.0,,,,
2023-07-01,E,0.0,,,,,,
2023-07-01,F,0.0,,,,,,
2023-07-01,G,0.0,,,,,,
2023-08-01,A,0.0,,,,,,
2023-08-01,B,0.0,,0.0,,,,
2023-08-01,C,0.0,,,,,,
2023-08-01,D,0.0,,,,1.0,,
2023-08-01,E,0.0,,,,,,
2023-08-01,F,0.0,,,,,,
2023-08-01,G,0.0,,,,,,
2023-09-01,A,0.0,,,,,,
2023-09-01,B,0.0,,,,,0.0,
2023-09-01,C,0.0,,,,,,
2023-09-01,D,0.0,,,,,1.0,
2023-09-01,E,0.0,,,,,,
2023-09-01,F,0.0,,,,,,
2023-09-01,G,0.0,,,,,,
