vintage_year,mob,cum_defaults,cohort_size,cum_default_rate,cum_default_amount,cohort_funded,cum_loss_rate
2007,1,0,251,0.0,0.0,2152175.0,0.0
2007,2,0,251,0.0,0.0,2152175.0,0.0
2007,3,0,251,0.0,0.0,2152175.0,0.0
2007,4,0,251,0.0,0.0,2152175.0,0.0
2007,5,0,251,0.0,0.0,2152175.0,0.0
2007,6,0,251,0.0,0.0,2152175.0,0.0
2007,7,4,251,0.01593625498007968,24400.0,2152175.0,0.011337368011430296
2007,8,5,251,0.0199203187250996,26500.0,2152175.0,0.012313125094381266
2007,9,6,251,0.02390438247011952,33300.0,2152175.0,0.015472719458222496
2007,10,10,251,0.0398406374501992,70800.0,2152175.0,0.03289695308234693
2007,11,11,251,0.043824701195219126,95800.0,2152175.0,0.044513108831763216
2007,12,11,251,0.043824701195219126,95800.0,2152175.0,0.044513108831763216
2007,13,12,251,0.04780876494023904,120800.0,2152175.0,0.056129264581179505
2007,14,15,251,0.05976095617529881,171800.0,2152175.0,0.07982622230998873
2007,15,17,251,0.06772908366533864,216800.0,2152175.0,0.10073530265893806
2007,16,19,251,0.07569721115537849,237800.0,2152175.0,0.11049287348844773
2007,17,19,251,0.07569721115537849,237800.0,2152175.0,0.11049287348844773
2007,18,23,251,0.09163346613545817,273425.0,2152175.0,0.12704589543136593
2007,19,24,251,0.09561752988047809,295775.0,2152175.0,0.13743073867134412
2007,20,27,251,0.10756972111553785,329750.0,2152175.0,0.15321709433480085
2007,21,29,251,0.11553784860557768,335750.0,2152175.0,0.15600497171466074
2007,22,30,251,0.11952191235059761,350150.0,2152175.0,0.16269587742632452
2007,23,30,251,0.11952191235059761,350150.0,2152175.0,0.16269587742632452
2007,24,31,251,0.12350597609561753,354800.0,2152175.0,0.16485648239571596
2007,25,31,251,0.12350597609561753,354800.0,2152175.0,0.16485648239571596
2007,26,34,251,0.13545816733067728,380975.0,2152175.0,0.1770185974653548
2007,27,36,251,0.14342629482071714,389975.0,2152175.0,0.18120041353514468
2007,28,37,251,0.14741035856573706,399575.0,2152175.0,0.18566101734292054
2007,29,39,251,0.1553784860557769,413575.0,2152175.0,0.19216606456259366
2007,30,41,251,0.16334661354581673,441850.0,2152175.0,0.2053039367151835
2007,31,43,251,0.17131474103585656,446850.0,2152175.0,0.20762716786506674
2007,32,43,251,0.17131474103585656,446850.0,2152175.0,0.20762716786506674
2007,33,43,251,0.17131474103585656,446850.0,2152175.0,0.20762716786506674
2007,34,43,251,0.17131474103585656,446850.0,2152175.0,0.20762716786506674
2007,35,43,251,0.17131474103585656,446850.0,2152175.0,0.20762716786506674
2007,36,43,251,0.17131474103585656,446850.0,2152175.0,0.20762716786506674
2007,37,43,251,0.17131474103585656,446850.0,2152175.0,0.20762716786506674
2007,38,43,251,0.17131474103585656,446850.0,2152175.0,0.20762716786506674
2007,39,43,251,0.17131474103585656,446850.0,2152175.0,0.20762716786506674
2007,40,43,251,0.17131474103585656,446850.0,2152175.0,0.20762716786506674
2007,41,43,251,0.17131474103585656,446850.0,2152175.0,0.20762716786506674
2007,42,44,251,0.1752988047808765,447750.0,2152175.0,0.20804534947204573
2007,43,44,251,0.1752988047808765,447750.0,2152175.0,0.20804534947204573
2007,44,44,251,0.1752988047808765,447750.0,2152175.0,0.20804534947204573
2007,45,44,251,0.1752988047808765,447750.0,2152175.0,0.20804534947204573
2007,46,44,251,0.1752988047808765,447750.0,2152175.0,0.20804534947204573
2007,47,44,251,0.1752988047808765,447750.0,2152175.0,0.20804534947204573
2007,48,44,251,0.1752988047808765,447750.0,2152175.0,0.20804534947204573
2007,49,45,251,0.17928286852589642,463200.0,2152175.0,0.21522413372518498
2007,50,45,251,0.17928286852589642,463200.0,2152175.0,0.21522413372518498
2007,51,45,251,0.17928286852589642,463200.0,2152175.0,0.21522413372518498
2007,52,45,251,0.17928286852589642,463200.0,2152175.0,0.21522413372518498
2007,53,45,251,0.17928286852589642,463200.0,2152175.0,0.21522413372518498
2008,1,3,1562,0.0019206145966709346,14950.0,13457075.0,0.0011109397844628198
2008,2,6,1562,0.0038412291933418692,38800.0,13457075.0,0.002883241714860027
2008,3,12,1562,0.0076824583866837385,105450.0,13457075.0,0.007836026774020358
2008,4,19,1562,0.012163892445582587,203300.0,13457075.0,0.015107294861624833
2008,5,26,1562,0.016645326504481434,283850.0,13457075.0,0.02109299383409842
2008,6,34,1562,0.02176696542893726,371800.0,13457075.0,0.027628589422292734
2008,7,43,1562,0.027528809218950064,479075.0,13457075.0,0.03560023259140638
2008,8,51,1562,0.03265044814340589,596850.0,13457075.0,0.04435213447201565
2008,9,59,1562,0.03777208706786172,720925.0,13457075.0,0.053572191579522296
2008,10,72,1562,0.046094750320102434,820625.0,13457075.0,0.06098093382105695
2008,11,80,1562,0.05121638924455826,913825.0,13457075.0,0.06790665876499909
2008,12,91,1562,0.05825864276568502,1007375.0,13457075.0,0.07485839233265773
2008,13,99,1562,0.06338028169014084,1085350.0,13457075.0,0.08065274214493119
2008,14,110,1562,0.07042253521126761,1185075.0,13457075.0,0.08806334214530274
2008,15,121,1562,0.07746478873239436,1295500.0,13457075.0,0.09626906292786508
2008,16,130,1562,0.08322663252240717,1378500.0,13457075.0,0.10243682226635431
2008,17,141,1562,0.09026888604353393,1512575.0,13457075.0,0.1123999829086187
2008,18,150,1562,0.09603072983354674,1616075.0,13457075.0,0.1200911044933613
2008,19,160,1562,0.10243277848911651,1714525.0,13457075.0,0.12740695879305125
2008,20,165,1562,0.1056338028169014,1755625.0,13457075.0,0.13046111432090554
2008,21,177,1562,0.11331626120358515,1861825.0,13457075.0,0.13835287386003273
2008,22,190,1562,0.12163892445582586,1991050.0,13457075.0,0.14795562928793962
2008,23,197,1562,0.12612035851472472,2043500.0,13457075.0,0.15185320732774396
2008,24,205,1562,0.13124199743918052,2142400.0,13457075.0,0.159202501286498
2008,25,213,1562,0.13636363636363635,2197075.0,13457075.0,0.16326541986278592
2008,26,217,1562,0.13892445582586427,2246075.0,13457075.0,0.16690662718309884
2008,27,218,1562,0.13956466069142126,2250575.0,13457075.0,0.16724102377373984
2008,28,221,1562,0.14148527528809218,2270275.0,13457075.0,0.16870493773721257
2008,29,226,1562,0.1446862996158771,2312375.0,13457075.0,0.17183340361854266
2008,30,229,1562,0.146606914212548,2357875.0,13457075.0,0.17521452470169038
2008,31,230,1562,0.147247119078105,2367875.0,13457075.0,0.17595762823644812
2008,32,233,1562,0.14916773367477593,2402925.0,13457075.0,0.17856220612577398
2008,33,237,1562,0.15172855313700384,2429925.0,13457075.0,0.1805685856696199
2008,34,242,1562,0.15492957746478872,2477675.0,13457075.0,0.1841169050480881
2008,35,244,1562,0.15620998719590268,2497675.0,13457075.0,0.18560311211760355
2008,36,245,1562,0.15685019206145967,2502675.0,13457075.0,0.18597466388498243
2008,37,246,1562,0.15749039692701663,2505075.0,13457075.0,0.1861530087333243
2008,38,246,1562,0.15749039692701663,2505075.0,13457075.0,0.1861530087333243
2008,39,246,1562,0.15749039692701663,2505075.0,13457075.0,0.1861530087333243
2008,40,247,1562,0.15813060179257363,2514075.0,13457075.0,0.18682180191460626
2008,41,247,1562,0.15813060179257363,2514075.0,13457075.0,0.18682180191460626
2008,42,247,1562,0.15813060179257363,2514075.0,13457075.0,0.18682180191460626
2008,43,247,1562,0.15813060179257363,2514075.0,13457075.0,0.18682180191460626
2008,44,247,1562,0.15813060179257363,2514075.0,13457075.0,0.18682180191460626
2008,45,247,1562,0.15813060179257363,2514075.0,13457075.0,0.18682180191460626
2008,46,247,1562,0.15813060179257363,2514075.0,13457075.0,0.18682180191460626
2008,47,247,1562,0.15813060179257363,2514075.0,13457075.0,0.18682180191460626
2008,48,247,1562,0.15813060179257363,2514075.0,13457075.0,0.18682180191460626
2008,49,247,1562,0.15813060179257363,2514075.0,13457075.0,0.18682180191460626
2008,50,247,1562,0.15813060179257363,2514075.0,13457075.0,0.18682180191460626
2008,51,247,1562,0.15813060179257363,2514075.0,13457075.0,0.18682180191460626
2008,52,247,1562,0.15813060179257363,2514075.0,13457075.0,0.18682180191460626
2008,53,247,1562,0.15813060179257363,2514075.0,13457075.0,0.18682180191460626
2008,54,247,1562,0.15813060179257363,2514075.0,13457075.0,0.18682180191460626
2008,55,247,1562,0.15813060179257363,2514075.0,13457075.0,0.18682180191460626
2008,56,247,1562,0.15813060179257363,2514075.0,13457075.0,0.18682180191460626
2008,57,247,1562,0.15813060179257363,2514075.0,13457075.0,0.18682180191460626
2009,1,12,4716,0.002544529262086514,139625.0,46324425.0,0.003014068712131883
2009,2,26,4716,0.00551314673452078,286675.0,46324425.0,0.0061884200397522475
2009,3,45,4716,0.009541984732824428,446100.0,46324425.0,0.009629909059853415
2009,4,71,4716,0.015055131467345207,720375.0,46324425.0,0.015550651735018838
2009,5,93,4716,0.019720101781170483,942250.0,46324425.0,0.020340241675962517
2009,6,113,4716,0.023960983884648006,1131600.0,46324425.0,0.02442771820697181
2009,7,140,4716,0.029686174724342665,1435375.0,46324425.0,0.03098527396724298
2009,8,165,4716,0.03498727735368957,1676425.0,46324425.0,0.0361887924135054
2009,9,186,4716,0.039440203562340966,1910200.0,46324425.0,0.04123526627691547
2009,10,206,4716,0.04368108566581849,2121425.0,46324425.0,0.04579495590069386
2009,11,235,4716,0.0498303647158609,2438175.0,46324425.0,0.052632601483990356
2009,12,251,4716,0.053223070398642915,2622525.0,46324425.0,0.05661214359379528
2009,13,267,4716,0.056615776081424936,2848175.0,46324425.0,0.06148322402274826
2009,14,286,4716,0.060644614079728584,3072625.0,46324425.0,0.06632840019061219
2009,15,302,4716,0.0640373197625106,3204425.0,46324425.0,0.06917355153355924
2009,16,322,4716,0.06827820186598813,3451825.0,46324425.0,0.0745141466947512
2009,17,341,4716,0.07230703986429177,3621125.0,46324425.0,0.07816880619673099
2009,18,354,4716,0.07506361323155217,3785775.0,46324425.0,0.08172308668699071
2009,19,375,4716,0.07951653944020357,4069250.0,46324425.0,0.08784242869717217
2009,20,396,4716,0.08396946564885496,4293675.0,46324425.0,0.09268706519293007
2009,21,415,4716,0.0879983036471586,4466300.0,46324425.0,0.09641350108501077
2009,22,424,4716,0.0899067005937235,4538050.0,46324425.0,0.0979623600292934
2009,23,439,4716,0.09308736217133164,4738950.0,46324425.0,0.10229916507328478
2009,24,457,4716,0.09690415606446141,4897375.0,46324425.0,0.10571906720914506
2009,25,470,4716,0.0996607294317218,5023575.0,46324425.0,0.10844333200034323
2009,26,478,4716,0.10135708227311281,5109625.0,46324425.0,0.11030088338927034
2009,27,497,4716,0.10538592027141645,5319400.0,46324425.0,0.11482927203089946
2009,28,509,4716,0.10793044953350296,5414600.0,46324425.0,0.11688434341063057
2009,29,521,4716,0.11047497879558948,5539950.0,46324425.0,0.11959025935022399
2009,30,527,4716,0.11174724342663274,5609900.0,46324425.0,0.12110026190287305
2009,31,536,4716,0.11365564037319763,5668400.0,46324425.0,0.12236309463096412
2009,32,547,4716,0.11598812553011026,5762075.0,46324425.0,0.12438524601222789
2009,33,555,4716,0.11768447837150127,5815575.0,46324425.0,0.1255401443191146
2009,34,568,4716,0.12044105173876166,5919125.0,46324425.0,0.127775466182257
2009,35,569,4716,0.12065309584393553,5926875.0,46324425.0,0.12794276453512374
2009,36,585,4716,0.12404580152671756,6119325.0,46324425.0,0.13209716040727976
2009,37,587,4716,0.12446988973706531,6139325.0,46324425.0,0.1325288980920972
2009,38,587,4716,0.12446988973706531,6139325.0,46324425.0,0.1325288980920972
2009,39,587,4716,0.12446988973706531,6139325.0,46324425.0,0.1325288980920972
2009,40,588,4716,0.12468193384223919,6145325.0,46324425.0,0.13265841939754244
2009,41,588,4716,0.12468193384223919,6145325.0,46324425.0,0.13265841939754244
2009,42,588,4716,0.12468193384223919,6145325.0,46324425.0,0.13265841939754244
2009,43,588,4716,0.12468193384223919,6145325.0,46324425.0,0.13265841939754244
2009,44,588,4716,0.12468193384223919,6145325.0,46324425.0,0.13265841939754244
2009,45,588,4716,0.12468193384223919,6145325.0,46324425.0,0.13265841939754244
2009,46,590,4716,0.12510602205258695,6164925.0,46324425.0,0.13308152232866355
2009,47,590,4716,0.12510602205258695,6164925.0,46324425.0,0.13308152232866355
2009,48,590,4716,0.12510602205258695,6164925.0,46324425.0,0.13308152232866355
2009,49,591,4716,0.1253180661577608,6175675.0,46324425.0,0.13331358133425295
2009,50,591,4716,0.1253180661577608,6175675.0,46324425.0,0.13331358133425295
2009,51,592,4716,0.1255301102629347,6193675.0,46324425.0,0.13370214525058866
2009,52,593,4716,0.12574215436810857,6213675.0,46324425.0,0.1341338829354061
2009,53,593,4716,0.12574215436810857,6213675.0,46324425.0,0.1341338829354061
2009,54,593,4716,0.12574215436810857,6213675.0,46324425.0,0.1341338829354061
2009,55,593,4716,0.12574215436810857,6213675.0,46324425.0,0.1341338829354061
2009,56,593,4716,0.12574215436810857,6213675.0,46324425.0,0.1341338829354061
2009,57,593,4716,0.12574215436810857,6213675.0,46324425.0,0.1341338829354061
2009,58,593,4716,0.12574215436810857,6213675.0,46324425.0,0.1341338829354061
2009,59,593,4716,0.12574215436810857,6213675.0,46324425.0,0.1341338829354061
2009,60,593,4716,0.12574215436810857,6213675.0,46324425.0,0.1341338829354061
2010,1,7,11536,0.0006067961165048543,58900.0,116706400.0,0.0005046852614766629
2010,2,31,11536,0.002687239944521498,288050.0,116706400.0,0.002468159415421948
2010,3,61,11536,0.005287794729542303,646525.0,116706400.0,0.005539756174468581
2010,4,97,11536,0.008408460471567267,969825.0,116706400.0,0.008309955580842182
2010,5,142,11536,0.012309292649098474,1359550.0,116706400.0,0.011649318289314039
2010,6,182,11536,0.015776699029126214,1729075.0,116706400.0,0.014815597088077432
2010,7,233,11536,0.020197642163661583,2288175.0,116706400.0,0.019606251242434005
2010,8,283,11536,0.024531900138696255,2826300.0,116706400.0,0.024217180891536367
2010,9,328,11536,0.028432732316227463,3294950.0,116706400.0,0.028232813281876573
2010,10,384,11536,0.033287101248266296,3887725.0,116706400.0,0.03331201202333377
2010,11,436,11536,0.037794729542302355,4455575.0,116706400.0,0.0381776406435294
2010,12,488,11536,0.04230235783633842,4948700.0,116706400.0,0.04240298732545944
2010,13,530,11536,0.045943134535367545,5388175.0,116706400.0,0.04616863342541626
2010,14,574,11536,0.04975728155339806,5780275.0,116706400.0,0.04952834634604443
2010,15,614,11536,0.053224687933425795,6186425.0,116706400.0,0.05300844683753419
2010,16,667,11536,0.057819001386962554,6776275.0,116706400.0,0.058062582686125186
2010,17,697,11536,0.06041955617198336,7037525.0,116706400.0,0.06030110602332006
2010,18,727,11536,0.06302011095700416,7416350.0,116706400.0,0.0635470719686324
2010,19,760,11536,0.06588072122052704,7778550.0,116706400.0,0.06665058642885052
2010,20,800,11536,0.06934812760055478,8237375.0,116706400.0,0.07058203320469143
2010,21,840,11536,0.07281553398058252,8618150.0,116706400.0,0.0738447077452479
2010,22,885,11536,0.07671636615811372,9102850.0,116706400.0,0.0779978647272129
2010,23,922,11536,0.0799237170596394,9552450.0,116706400.0,0.0818502669947835
2010,24,962,11536,0.08339112343966713,9963275.0,116706400.0,0.08537042527230726
2010,25,991,11536,0.08590499306518724,10260175.0,116706400.0,0.08791441600460644
2010,26,1032,11536,0.08945908460471567,10651700.0,116706400.0,0.09126920203176518
2010,27,1060,11536,0.09188626907073509,10879375.0,116706400.0,0.0932200376328976
2010,28,1094,11536,0.09483356449375867,11238075.0,116706400.0,0.09629356230678009
2010,29,1123,11536,0.09734743411927878,11580575.0,116706400.0,0.09922827711248056
2010,30,1157,11536,0.10029472954230235,11898100.0,116706400.0,0.10194899337140037
2010,31,1192,11536,0.10332871012482663,12243725.0,116706400.0,0.10491048477204334
2010,32,1211,11536,0.1049757281553398,12434950.0,116706400.0,0.10654899816976618
2010,33,1235,11536,0.10705617198335644,12664600.0,116706400.0,0.10851675657890227
2010,34,1262,11536,0.10939667128987518,12928400.0,116706400.0,0.11077712961757025
2010,35,1285,11536,0.11139042995839113,13145250.0,116706400.0,0.11263521109382175
2010,36,1319,11536,0.1143377253814147,13423900.0,116706400.0,0.1150228265116566
2010,37,1331,11536,0.11537794729542303,13544150.0,116706400.0,0.11605318988504486
2010,38,1343,11536,0.11641816920943135,13712875.0,116706400.0,0.11749891179918154
2010,39,1357,11536,0.11763176144244106,13887350.0,116706400.0,0.11899390264801245
2010,40,1362,11536,0.11806518723994452,13945225.0,116706400.0,0.11948980518634797
2010,41,1373,11536,0.11901872399445215,14099825.0,116706400.0,0.12081449689134444
2010,42,1386,11536,0.12014563106796117,14237200.0,116706400.0,0.12199159600501772
2010,43,1391,11536,0.12057905686546463,14284475.0,116706400.0,0.1223966723333082
2010,44,1401,11536,0.12144590846047157,14387975.0,116706400.0,0.12328351315780454
2010,45,1407,11536,0.12196601941747573,14445500.0,116706400.0,0.1237764167175065
2010,46,1415,11536,0.12265950069348128,14534500.0,116706400.0,0.12453901414146953
2010,47,1424,11536,0.12343966712898752,14636675.0,116706400.0,0.12541450168971024
2010,48,1428,11536,0.12378640776699029,14676150.0,116706400.0,0.12575274363702418
2010,49,1433,11536,0.12421983356449376,14728450.0,116706400.0,0.12620087672998226
2010,50,1442,11536,0.125,14841875.0,116706400.0,0.12717276002001604
2010,51,1452,11536,0.12586685159500693,14921600.0,116706400.0,0.12785588451018967
2010,52,1455,11536,0.12612690707350901,14953400.0,116706400.0,0.12812836314032477
2010,53,1461,11536,0.12664701803051318,15018900.0,116706400.0,0.12868960057032006
2010,54,1464,11536,0.12690707350901526,15052400.0,116706400.0,0.12897664566810388
2010,55,1470,11536,0.12742718446601942,15108400.0,116706400.0,0.1294564822494739
2010,56,1475,11536,0.12786061026352288,15174225.0,116706400.0,0.1300205044453432
2010,57,1477,11536,0.12803398058252427,15193425.0,116706400.0,0.13018501984467004
2010,58,1479,11536,0.12820735090152566,15222425.0,116706400.0,0.13043350664573666
2010,59,1480,11536,0.12829403606102635,15232025.0,116706400.0,0.13051576434540008
2010,60,1486,11536,0.1288141470180305,15279025.0,116706400.0,0.1309184843333356
2011,1,23,21721,0.0010588831085124994,255050.0,257363650.0,0.000991010191221643
2011,2,85,21721,0.00391326366189402,978050.0,257363650.0,0.003800264722698796
2011,3,157,21721,0.007228028175498366,1814000.0,257363650.0,0.0070483924206079605
2011,4,246,21721,0.011325445421481516,2883575.0,257363650.0,0.011204282345234068
2011,5,335,21721,0.015422862667464666,3870950.0,257363650.0,0.015040779845949495
2011,6,437,21721,0.02011877906173749,4952350.0,257363650.0,0.019242616430098034
2011,7,542,21721,0.024952810644077162,6419275.0,257363650.0,0.02494243068125588
2011,8,643,21721,0.0296026886423277,7655525.0,257363650.0,0.029745945085873627
2011,9,734,21721,0.033792182680355415,8845900.0,257363650.0,0.03437120976485995
2011,10,857,21721,0.039454905391096175,10481750.0,257363650.0,0.04072739098936466
2011,11,952,21721,0.04382855301321302,11569500.0,257363650.0,0.044953900832537926
2011,12,1062,21721,0.048892776575664106,12812825.0,257363650.0,0.04978490552181709
2011,13,1171,21721,0.05391096174209291,14223700.0,257363650.0,0.05526693454961491
2011,14,1266,21721,0.058284609364209754,15461925.0,257363650.0,0.06007812292062224
2011,15,1375,21721,0.06330279453063856,16888025.0,257363650.0,0.06561930948679039
2011,16,1458,21721,0.067123981400488,18010950.0,257363650.0,0.06998249364275025
2011,17,1553,21721,0.07149762902260486,19237250.0,257363650.0,0.07474734679897492
2011,18,1641,21721,0.07554900787256572,20328225.0,257363650.0,0.07898638754929066
2011,19,1737,21721,0.07996869389070485,21586200.0,257363650.0,0.08387431558419381
2011,20,1828,21721,0.08415818792873256,22667500.0,257363650.0,0.08807576361308211
2011,21,1911,21721,0.08797937479858202,23771450.0,257363650.0,0.09236521940841295
2011,22,2002,21721,0.09216886883660973,24981400.0,257363650.0,0.0970665437795897
2011,23,2087,21721,0.09608213249850375,25896725.0,257363650.0,0.100623087215308
2011,24,2178,21721,0.10027162653653146,26963600.0,257363650.0,0.10476848614790783
2011,25,2264,21721,0.10423092859444777,27890775.0,257363650.0,0.10837107338196361
2011,26,2351,21721,0.10823626904838636,28986800.0,257363650.0,0.11262973617292107
2011,27,2423,21721,0.1115510335619907,29888300.0,257363650.0,0.1161325618439123
2011,28,2480,21721,0.11417522213526081,30560125.0,257363650.0,0.11874297322096575
2011,29,2556,21721,0.11767414023295428,31547000.0,257363650.0,0.12257752794538002
2011,30,2603,21721,0.11983794484600156,32175050.0,257363650.0,0.12501784925726692
2011,31,2653,21721,0.1221398646471157,32763625.0,257363650.0,0.12730478838017723
2011,32,2705,21721,0.1245338612402744,33550400.0,257363650.0,0.13036184402886733
2011,33,2748,21721,0.12651351226923255,34023925.0,257363650.0,0.13220175032488077
2011,34,2798,21721,0.12881543207034668,34704150.0,257363650.0,0.1348448003437937
2011,35,2851,21721,0.13125546705952765,35489650.0,257363650.0,0.13789690191291584
2011,36,2907,21721,0.13383361723677548,36039575.0,257363650.0,0.1400336644277465
2011,37,2938,21721,0.13526080751346622,36548800.0,257363650.0,0.14201228495166276
2011,38,2968,21721,0.1366419593941347,37066175.0,257363650.0,0.14402257272928792
2011,39,2997,21721,0.13797707287878092,37512525.0,257363650.0,0.14575688913333332
2011,40,3021,21721,0.1390819943833157,37913475.0,257363650.0,0.14731480144923342
2011,41,3046,21721,0.14023295428387275,38285825.0,257363650.0,0.14876158696070715
2011,42,3060,21721,0.1408774918281847,38489700.0,257363650.0,0.1495537539975051
2011,43,3081,21721,0.14184429814465263,38759325.0,257363650.0,0.15060139611790554
2011,44,3101,21721,0.14276506606509828,39117750.0,257363650.0,0.151994075309392
2011,45,3123,21721,0.1437779107775885,39475650.0,257363650.0,0.15338471458576222
2011,46,3136,21721,0.1443764099258782,39734775.0,257363650.0,0.1543915584038383
2011,47,3152,21721,0.1451130242622347,40023975.0,257363650.0,0.15551526021642917
2011,48,3170,21721,0.1459417153906358,40319475.0,257363650.0,0.15666344101041463
2011,49,3183,21721,0.14654021453892546,40538650.0,257363650.0,0.15751505700202806
2011,50,3196,21721,0.14713871368721515,40783350.0,257363650.0,0.1584658517238157
2011,51,3212,21721,0.14787532802357164,41047250.0,257363650.0,0.15949124905556786
2011,52,3226,21721,0.1485198655678836,41239950.0,257363650.0,0.16023999504203487
2011,53,3236,21721,0.14898024952810643,41427050.0,257363650.0,0.1609669819339289
2011,54,3245,21721,0.149394595092307,41564825.0,257363650.0,0.1615023139437135
2011,55,3256,21721,0.14990101744855208,41724475.0,257363650.0,0.16212264241667385
2011,56,3259,21721,0.15003913263661894,41756475.0,257363650.0,0.16224698009994806
2011,57,3266,21721,0.1503614014087749,41880250.0,257363650.0,0.1627279143733002
2011,58,3273,21721,0.1506836701809309,41979200.0,257363650.0,0.16311238980329973
2011,59,3279,21721,0.1509599005570646,42119950.0,257363650.0,0.16365928133207622
2011,60,3296,21721,0.1517425532894434,42344875.0,257363650.0,0.16453323925115299
2012,1,76,53367,0.0014241010362208855,955075.0,717942625.0,0.0013302943253996097
2012,2,216,53367,0.004047445050311991,2935000.0,717942625.0,0.004088070408133241
2012,3,377,53367,0.007064290666516761,4982500.0,717942625.0,0.006939969611081387
2012,4,607,53367,0.011374070118237862,8058425.0,717942625.0,0.011224330077908384
2012,5,838,53367,0.015702587741488187,11445500.0,717942625.0,0.01594208172275605
2012,6,1082,53367,0.0202747015946184,14760275.0,717942625.0,0.02055912894153624
2012,7,1343,53367,0.025165364363745387,18463025.0,717942625.0,0.025716574496464813
2012,8,1626,53367,0.030468266906515263,22422025.0,717942625.0,0.03123094272331302
2012,9,1933,53367,0.036220885565986474,26576675.0,717942625.0,0.03701782576288739
2012,10,2256,53367,0.04227331496992524,31034900.0,717942625.0,0.04322754899808324
2012,11,2602,53367,0.048756722319036105,35710550.0,717942625.0,0.04974011676768739
2012,12,2910,53367,0.05452807915003654,39940325.0,717942625.0,0.05563163908815137
2012,13,3213,53367,0.06020574512339086,44319700.0,717942625.0,0.06173153460556824
2012,14,3503,53367,0.06563981486686529,48398875.0,717942625.0,0.06741329086011574
2012,15,3765,53367,0.0705492158075215,52428300.0,717942625.0,0.07302575188372469
2012,16,4021,53367,0.07534618771900238,56173125.0,717942625.0,0.07824180240029627
2012,17,4312,53367,0.08079899563400604,60643650.0,717942625.0,0.08446865792374425
2012,18,4598,53367,0.08615811269136357,64676975.0,717942625.0,0.0900865511363112
2012,19,4856,53367,0.0909925609459029,68370600.0,717942625.0,0.09523128676194703
2012,20,5122,53367,0.095976914572676,72167800.0,717942625.0,0.10052028879048656
2012,21,5376,53367,0.10073641014109844,75800750.0,717942625.0,0.10558051209175663
2012,22,5650,53367,0.1058706691401053,79821275.0,717942625.0,0.11118057658158965
2012,23,5866,53367,0.1099181141904173,82970125.0,717942625.0,0.11556651201758636
2012,24,6105,53367,0.1143965371859014,86183075.0,717942625.0,0.12004173035414913
2012,25,6343,53367,0.11885622200985628,89691400.0,717942625.0,0.12492836736083193
2012,26,6537,53367,0.12249142728652539,92580000.0,717942625.0,0.12895180864905464
2012,27,6751,53367,0.12650139599377894,95811300.0,717942625.0,0.13345258613109925
2012,28,6942,53367,0.13008038675586037,98591850.0,717942625.0,0.1373255279278062
2012,29,7124,53367,0.1334907339741788,101379250.0,717942625.0,0.14120801087691373
2012,30,7314,53367,0.13705098656473103,104084175.0,717942625.0,0.1449756169582493
2012,31,7467,53367,0.13991792680870202,106271625.0,717942625.0,0.14802244817265167
2012,32,7608,53367,0.14256000899432233,108290825.0,717942625.0,0.15083492918393027
2012,33,7751,53367,0.1452395675230011,110357600.0,717942625.0,0.1537136759361516
2012,34,7879,53367,0.14763805347874154,112386875.0,717942625.0,0.15654019010223832
2012,35,7988,53367,0.14968051417542677,114159700.0,717942625.0,0.1590095030226127
2012,36,8099,53367,0.15176045121517043,115763200.0,717942625.0,0.1612429684057274
2012,37,8141,53367,0.15254745441939777,116553800.0,717942625.0,0.16234417060834075
2012,38,8199,53367,0.15363426836809263,117691100.0,717942625.0,0.16392828048063032
2012,39,8231,53367,0.15423388985702774,118372325.0,717942625.0,0.16487713764035114
2012,40,8267,53367,0.15490846403207975,119093350.0,717942625.0,0.16588143098482278
2012,41,8289,53367,0.15532070380572263,119531900.0,717942625.0,0.16649227366880467
2012,42,8323,53367,0.1559578016377162,120244150.0,717942625.0,0.1674843445881208
2012,43,8343,53367,0.15633256506830062,120641350.0,717942625.0,0.1680375921404583
2012,44,8369,53367,0.1568197575280604,121276375.0,717942625.0,0.1689220987540613
2012,45,8398,53367,0.15736316450240787,121945200.0,717942625.0,0.1698536843386336
2012,46,8426,53367,0.15788783330522607,122579975.0,717942625.0,0.1707378427349957
2012,47,8451,53367,0.15835628759345663,123148050.0,717942625.0,0.17152909677148645
2012,48,8468,53367,0.1586748365094534,123519800.0,717942625.0,0.17204689580870058
2012,49,8493,53367,0.15914329079768397,124012450.0,717942625.0,0.17273309270361265
2012,50,8517,53367,0.1595930069143853,124471525.0,717942625.0,0.17337252402307218
2012,51,8534,53367,0.15991155583038208,124845800.0,717942625.0,0.17389384005441938
2012,52,8546,53367,0.16013641388873273,125098725.0,717942625.0,0.1742461314370351
2012,53,8564,53367,0.16047370097625874,125487325.0,717942625.0,0.17478740031628573
2012,54,8582,53367,0.16081098806378474,125859600.0,717942625.0,0.17530593060970576
2012,55,8593,53367,0.16101710795060617,126078575.0,717942625.0,0.17561093409100761
2012,56,8607,53367,0.1612794423520153,126354025.0,717942625.0,0.17599459984702817
2012,57,8615,53367,0.16142934772424908,126501050.0,717942625.0,0.17619938640639982
2012,58,8623,53367,0.16157925309648286,126684300.0,717942625.0,0.17645462964397746
2012,59,8626,53367,0.1616354676110705,126770250.0,717942625.0,0.17657434673139794
2012,60,8638,53367,0.16186032566942118,126991975.0,717942625.0,0.17688318060234967
2013,1,169,134804,0.0012536719978635648,2447025.0,1982607275.0,0.0012342459501970707
2013,2,441,134804,0.003271416278448711,6093850.0,1982607275.0,0.0030736546147294855
2013,3,798,134804,0.005919705646716715,10803175.0,1982607275.0,0.005448973750991608
2013,4,1209,134804,0.008968576600100888,17088250.0,1982607275.0,0.008619079640974282
2013,5,1684,134804,0.012492210913622742,24496000.0,1982607275.0,0.012355447449873803
2013,6,2224,134804,0.01649802676478443,32265650.0,1982607275.0,0.01627435267027354
2013,7,2830,134804,0.0209934423310881,41259425.0,1982607275.0,0.020810689802396694
2013,8,3485,134804,0.02585234859499718,50969275.0,1982607275.0,0.025708205373149353
2013,9,4192,134804,0.03109700008901813,61892500.0,1982607275.0,0.03121773070261734
2013,10,4881,134804,0.036208124388000355,72274550.0,1982607275.0,0.036454294761931606
2013,11,5640,134804,0.041838521112133174,83657200.0,1982607275.0,0.04219554777937552
2013,12,6358,134804,0.047164772558677785,94648450.0,1982607275.0,0.04773938398869237
2013,13,7093,134804,0.05261713302275897,105685100.0,1982607275.0,0.05330611933722477
2013,14,7774,134804,0.05766891190172398,115713700.0,1982607275.0,0.05836440804949634
2013,15,8467,134804,0.06280970891071481,126347550.0,1982607275.0,0.06372797658578147
2013,16,9132,134804,0.06774279694964541,136403925.0,1982607275.0,0.06880027462826696
2013,17,9806,134804,0.07274264858609537,146447200.0,1982607275.0,0.07386596520987748
2013,18,10506,134804,0.07793537283760126,157199125.0,1982607275.0,0.07928908916164448
2013,19,11130,134804,0.08256431559894366,166886275.0,1982607275.0,0.08417515516278937
2013,20,11799,134804,0.08752707634788286,177114975.0,1982607275.0,0.08933437157896033
2013,21,12433,134804,0.09223020088424676,186799600.0,1982607275.0,0.09421916400463122
2013,22,13056,134804,0.096851725468087,196209125.0,1982607275.0,0.09896519975192768
2013,23,13683,134804,0.10150292276193584,205820050.0,1982607275.0,0.10381281890534776
2013,24,14277,134804,0.1059093201982137,214527700.0,1982607275.0,0.10820483849984865
2013,25,14844,134804,0.11011542684193347,223011025.0,1982607275.0,0.11248371163169468
2013,26,15325,134804,0.11368357022046824,230353875.0,1982607275.0,0.11618734476801514
2013,27,15837,134804,0.11748167710156969,238490800.0,1982607275.0,0.12029149847641914
2013,28,16277,134804,0.12074567520251625,244997600.0,1982607275.0,0.12357343942460819
2013,29,16737,134804,0.12415803685350583,251980725.0,1982607275.0,0.1270956321896882
2013,30,17201,134804,0.127600071214504,259309175.0,1982607275.0,0.13079200216290945
2013,31,17612,134804,0.1306489421678882,265630225.0,1982607275.0,0.133980253350982
2013,32,17979,134804,0.13337141331117772,271160075.0,1982607275.0,0.13676943407765918
2013,33,18309,134804,0.13581941188688762,276664600.0,1982607275.0,0.13954584122062197
2013,34,18624,134804,0.13815613780006528,282118900.0,1982607275.0,0.14229691556034466
2013,35,18880,134804,0.140055191240616,286622725.0,1982607275.0,0.14456858330654518
2013,36,19159,134804,0.14212486276371622,291147650.0,1982607275.0,0.14685089360423131
2013,37,19349,134804,0.14353431648912496,294999725.0,1982607275.0,0.14879382756224377
2013,38,19493,134804,0.14460253404943474,297978850.0,1982607275.0,0.15029645747668308
2013,39,19634,134804,0.14564849707723806,300965900.0,1982607275.0,0.15180308465275857
2013,40,19760,134804,0.14658318744250912,303604425.0,1982607275.0,0.15313392058444858
2013,41,19868,134804,0.14738435061274147,305889750.0,1982607275.0,0.15428660726567747
2013,42,19949,134804,0.14798522299041572,307502150.0,1982607275.0,0.15509987977825815
2013,43,20064,134804,0.1488383134031631,309943100.0,1982607275.0,0.15633106158152274
2013,44,20161,134804,0.14955787662087178,311923975.0,1982607275.0,0.1573301878456993
2013,45,20264,134804,0.15032194890359338,314017875.0,1982607275.0,0.15838632237440972
2013,46,20343,134804,0.1509079849262633,315853550.0,1982607275.0,0.1593122117440026
2013,47,20428,134804,0.15153853001394618,317557750.0,1982607275.0,0.16017178692134074
2013,48,20501,134804,0.1520800569716032,318978800.0,1982607275.0,0.16088854511037745
2013,49,20573,134804,0.1526141657517581,320563900.0,1982607275.0,0.1616880478762492
2013,50,20621,134804,0.15297023827186138,321556850.0,1982607275.0,0.1621888782789824
2013,51,20689,134804,0.15347467434200765,322928825.0,1982607275.0,0.1628808837090543
2013,52,20736,134804,0.15382332868460877,323891825.0,1982607275.0,0.16336660774131376
2013,53,20786,134804,0.15419423755971634,324918600.0,1982607275.0,0.1638844990115352
2013,54,20825,134804,0.15448354648230023,325780900.0,1982607275.0,0.16431943134073287
2013,55,20863,134804,0.15476543722738198,326558575.0,1982607275.0,0.16471167997706454
2013,56,20894,134804,0.15499540072994866,327210650.0,1982607275.0,0.16504057769080868
2013,57,20934,134804,0.1552921278300347,328007300.0,1982607275.0,0.16544239705768254
2013,58,20959,134804,0.1554775822675885,328483450.0,1982607275.0,0.1656825606069664
2013,59,20981,134804,0.15564078217263583,328915300.0,1982607275.0,0.16590037984199366
2013,60,21003,134804,0.15580398207768315,329397425.0,1982607275.0,0.16614355709957737
2014,1,269,223103,0.0012057211243237428,3739450.0,3253489500.0,0.0011493659346372563
2014,2,731,223103,0.0032765135385897995,10389500.0,3253489500.0,0.0031933405655681386
2014,3,1371,223103,0.006145143722854466,19914425.0,3253489500.0,0.0061209433747980435
2014,4,2176,223103,0.009753342626499868,31613825.0,3253489500.0,0.009716897810796685
2014,5,3107,223103,0.013926303097672376,45886625.0,3253489500.0,0.014103818377160892
2014,6,4248,223103,0.019040532848056728,62335500.0,3253489500.0,0.01915958234996609
2014,7,5403,223103,0.02421751388372187,79533975.0,3253489500.0,0.024445745099223464
2014,8,6636,223103,0.029744109223094266,98370475.0,3253489500.0,0.03023537497201082
2014,9,7960,223103,0.03567858791679179,118243625.0,3253489500.0,0.03634363196807612
2014,10,9317,223103,0.04176098035436547,139182425.0,3253489500.0,0.04277942959397902
2014,11,10802,223103,0.04841709882879208,161693650.0,3253489500.0,0.04969853137684938
2014,12,12262,223103,0.05496116143664585,183991025.0,3253489500.0,0.05655190373289971
2014,13,13659,223103,0.06122284326073607,205012450.0,3253489500.0,0.06301309716844022
2014,14,15044,223103,0.06743073826887133,226420500.0,3253489500.0,0.0695931245513471
2014,15,16389,223103,0.07345934389049004,246673500.0,3253489500.0,0.07581813311522904
2014,16,17756,223103,0.07958655867469286,267170325.0,3253489500.0,0.08211808429072846
2014,17,19105,223103,0.08563309323496322,287969700.0,3253489500.0,0.08851102792862862
2014,18,20378,223103,0.09133897796085216,307517575.0,3253489500.0,0.09451930765413566
2014,19,21692,223103,0.09722863430792056,327689800.0,3253489500.0,0.10071948902862603
2014,20,22973,223103,0.1029703769111128,347099100.0,3253489500.0,0.10668517602408122
2014,21,24233,223103,0.10861799258638387,366891650.0,3253489500.0,0.1127686596191566
2014,22,25510,223103,0.11434180625092447,386023300.0,3253489500.0,0.11864900747336053
2014,23,26758,223103,0.11993563511024057,404792300.0,3253489500.0,0.12441789039122456
2014,24,28022,223103,0.1256011797241633,423872250.0,3253489500.0,0.1302823476147687
2014,25,29194,223103,0.13085435874909795,441835350.0,3253489500.0,0.13580352725896302
2014,26,30254,223103,0.1356055274917863,458019025.0,3253489500.0,0.1407777787510917
2014,27,31295,223103,0.1402715337758793,474214250.0,3253489500.0,0.1457555802777295
2014,28,32278,223103,0.1446775704495233,489396275.0,3253489500.0,0.15042196232691085
2014,29,33213,223103,0.14886845985934746,504425975.0,3253489500.0,0.1550415254144819
2014,30,34063,223103,0.15267835932282398,517510200.0,3253489500.0,0.15906312284087593
2014,31,34867,223103,0.15628207599180646,529634150.0,3253489500.0,0.16278956793928487
2014,32,35631,223103,0.1597065032742724,541800775.0,3253489500.0,0.1665291297236398
2014,33,36324,223103,0.16281269189567152,552935550.0,3253489500.0,0.16995153972373356
2014,34,36944,223103,0.1655916773866779,562691750.0,3253489500.0,0.17295022774777666
2014,35,37515,223103,0.16815103337920154,571785200.0,3253489500.0,0.17574521141070226
2014,36,37983,223103,0.17024871920144508,579518650.0,3253489500.0,0.17812218235220983
2014,37,38306,223103,0.17169648099756615,585515325.0,3253489500.0,0.17996533414354035
2014,38,38590,223103,0.1729694356418336,590951175.0,3253489500.0,0.18163610947568756
2014,39,38867,223103,0.17421101464346064,596258175.0,3253489500.0,0.18326728117610339
2014,40,39101,223103,0.1752598575545824,600789100.0,3253489500.0,0.18465991668330264
2014,41,39324,223103,0.17625939588441214,605382225.0,3253489500.0,0.18607167012526088
2014,42,39524,223103,0.17715584281699484,609251175.0,3253489500.0,0.1872608394771214
2014,43,39708,223103,0.17798057399497094,612846875.0,3253489500.0,0.18836602208182937
2014,44,39897,223103,0.1788277163462616,616585900.0,3253489500.0,0.1895152573874912
2014,45,40071,223103,0.17960762517760856,619874450.0,3253489500.0,0.19052603366324064
2014,46,40242,223103,0.18037408730496676,623222875.0,3253489500.0,0.19155521325641284
2014,47,40398,223103,0.18107331591238127,626285800.0,3253489500.0,0.19249664091431676
2014,48,40547,223103,0.18174116887715538,629207675.0,3253489500.0,0.19339471512048834
2014,49,40678,223103,0.18232834161799708,631683725.0,3253489500.0,0.19415575953142003
2014,50,40783,223103,0.182798976257603,633684300.0,3253489500.0,0.1947706608550604
2014,51,40884,223103,0.18325168195855726,635755825.0,3253489500.0,0.19540736953354237
2014,52,40968,223103,0.183628189670242,637291825.0,3253489500.0,0.19587947801890862
2014,53,41009,223103,0.18381196129142144,638059350.0,3253489500.0,0.19611538626450153
2014,54,41040,223103,0.18395091056597176,638664200.0,3253489500.0,0.19630129434872925
2014,55,41055,223103,0.18401814408591546,638950550.0,3253489500.0,0.19638930754194842
2014,56,41074,223103,0.18410330654451082,639312625.0,3253489500.0,0.1965005957449686
2014,57,41089,223103,0.18417054006445455,639569150.0,3253489500.0,0.1965794418577346
2014,58,41100,223103,0.1842198446457466,639784750.0,3253489500.0,0.19664570916857116
2014,59,41106,223103,0.18424673805372407,639913425.0,3253489500.0,0.19668525901190093
2014,60,41160,223103,0.18448877872552139,640958375.0,3253489500.0,0.1970064372422287
2015,1,514,375546,0.0013686738775010251,7711025.0,5498601150.0,0.0014023612169069583
2015,2,1463,375546,0.0038956612505525287,22157550.0,5498601150.0,0.004029670346247973
2015,3,2847,375546,0.007580962119154511,43864775.0,5498601150.0,0.00797744259010312
2015,4,4476,375546,0.011918646450767682,69294400.0,5498601150.0,0.012602187012600468
2015,5,6525,375546,0.01737470243325718,100793975.0,5498601150.0,0.01833083947178093
2015,6,8727,375546,0.02323816523142305,135127950.0,5498601150.0,0.024574968489940393
2015,7,11284,375546,0.03004691835354391,175041150.0,5498601150.0,0.03183376011915321
2015,8,13981,375546,0.03722846202595687,217331475.0,5498601150.0,0.039524866247118144
2015,9,16701,375546,0.044471249860203545,260251925.0,5498601150.0,0.047330569703168957
2015,10,19624,375546,0.052254583992373774,306639200.0,5498601150.0,0.05576676533448875
2015,11,22543,375546,0.06002726696596422,352036150.0,5498601150.0,0.06402285606767459
2015,12,25447,375546,0.06776000809488052,398316250.0,5498601150.0,0.07243956037800632
2015,13,28420,375546,0.07567648170929793,444985275.0,5498601150.0,0.08092699631432623
2015,14,31400,375546,0.08361159485122995,491981950.0,5498601150.0,0.08947402013328426
2015,15,34187,375546,0.09103278959168784,535568700.0,5498601150.0,0.09740089986341344
2015,16,36971,375546,0.0984459959632109,578763000.0,5498601150.0,0.10525640689541557
2015,17,39662,375546,0.1056115628977542,620091250.0,5498601150.0,0.1127725457955793
2015,18,42269,375546,0.11255345550212224,660178725.0,5498601150.0,0.1200630318494732
2015,19,44757,375546,0.119178476138742,698914350.0,5498601150.0,0.12710766446480665
2015,20,47175,375546,0.12561710150021568,736197300.0,5498601150.0,0.1338881071597637
2015,21,49467,375546,0.13172021536642647,771790925.0,5498601150.0,0.14036132171543303
2015,22,51798,375546,0.1379271780287901,807531200.0,5498601150.0,0.1468612066907235
2015,23,53979,375546,0.14373472224441214,841187350.0,5498601150.0,0.1529820634471733
2015,24,56048,375546,0.1492440340198005,872924500.0,5498601150.0,0.15875392234986893
2015,25,58045,375546,0.15456162494075293,904036900.0,5498601150.0,0.16441216144582518
2015,26,59865,375546,0.15940790209455033,932334275.0,5498601150.0,0.16955844760626074
2015,27,61593,375546,0.16400920260101293,959675850.0,5498601150.0,0.1745309077382345
2015,28,63349,375546,0.16868506121753393,987000750.0,5498601150.0,0.17950033528072862
2015,29,64888,375546,0.17278309448110218,1011334300.0,5498601150.0,0.18392574264092604
2015,30,66364,375546,0.176713371997039,1034000475.0,5498601150.0,0.18804791378621816
2015,31,67743,375546,0.18038535891741625,1055819775.0,5498601150.0,0.1920160684868005
2015,32,69009,375546,0.18375645060791487,1076046350.0,5498601150.0,0.19569456315266656
2015,33,70292,375546,0.18717280972237754,1096420900.0,5498601150.0,0.19939996920853226
2015,34,71456,375546,0.19027229686909194,1114839950.0,5498601150.0,0.20274973935870944
2015,35,72398,375546,0.19278064471462883,1130849925.0,5498601150.0,0.2056613844413865
2015,36,73285,375546,0.19514253912969384,1145058400.0,5498601150.0,0.20824540074160497
2015,37,73803,375546,0.19652186416577463,1154299850.0,5498601150.0,0.20992609183883068
2015,38,74277,375546,0.19778402645747792,1162924625.0,5498601150.0,0.2114946316846422
2015,39,74691,375546,0.19888642137048457,1170752375.0,5498601150.0,0.21291822102790633
2015,40,74957,375546,0.1995947234160396,1175670800.0,5498601150.0,0.2138127076192824
2015,41,75167,375546,0.20015390924147775,1179690025.0,5498601150.0,0.21454366170930583
2015,42,75332,375546,0.20059326953289344,1182898850.0,5498601150.0,0.21512723285994292
2015,43,75462,375546,0.2009394321867361,1185468000.0,5498601150.0,0.21559446987712502
2015,44,75545,375546,0.20116044372726644,1187020575.0,5498601150.0,0.2158768280547135
2015,45,75615,375546,0.2013468390024125,1188356250.0,5498601150.0,0.21611973983601265
2015,46,75661,375546,0.2014693273260799,1189234475.0,5498601150.0,0.2162794577308085
2015,47,75682,375546,0.20152524590862372,1189652250.0,5498601150.0,0.21635543614579136
2015,48,75696,375546,0.20156252496365293,1189898675.0,5498601150.0,0.2164002520895701
2015,49,75704,375546,0.20158382728081248,1190076475.0,5498601150.0,0.21643258758639003
2015,50,75710,375546,0.20159980401868213,1190169875.0,5498601150.0,0.21644957372476453
2015,51,75710,375546,0.20159980401868213,1190169875.0,5498601150.0,0.21644957372476453
2015,52,75710,375546,0.20159980401868213,1190169875.0,5498601150.0,0.21644957372476453
2015,53,75710,375546,0.20159980401868213,1190169875.0,5498601150.0,0.21644957372476453
2015,54,75710,375546,0.20159980401868213,1190169875.0,5498601150.0,0.21644957372476453
2015,55,75710,375546,0.20159980401868213,1190169875.0,5498601150.0,0.21644957372476453
2015,56,75710,375546,0.20159980401868213,1190169875.0,5498601150.0,0.21644957372476453
2015,57,75710,375546,0.20159980401868213,1190169875.0,5498601150.0,0.21644957372476453
2015,58,75710,375546,0.20159980401868213,1190169875.0,5498601150.0,0.21644957372476453
2015,59,75710,375546,0.20159980401868213,1190169875.0,5498601150.0,0.21644957372476453
2015,60,75804,375546,0.20185010624530683,1192132300.0,5498601150.0,0.21680646904167616
2016,1,654,293105,0.0022312823049760325,10425050.0,4240361600.0,0.0024585285368115776
2016,2,1870,293105,0.006379966223708227,29103475.0,4240361600.0,0.006863441787606038
2016,3,3534,293105,0.012057112638815442,55101175.0,4240361600.0,0.012994451935419846
2016,4,5594,293105,0.019085310724825576,87103650.0,4240361600.0,0.020541561832839915
2016,5,8038,293105,0.027423619522014296,125838150.0,4240361600.0,0.029676278079680752
2016,6,10825,293105,0.03693215741799014,169821175.0,4240361600.0,0.040048748436925755
2016,7,13748,293105,0.0469046928575084,216052575.0,4240361600.0,0.0509514506970349
2016,8,16837,293105,0.05744357823987991,263763700.0,4240361600.0,0.062203114941895524
2016,9,19918,293105,0.06795516964910185,311766575.0,4240361600.0,0.0735235822812847
2016,10,23026,293105,0.07855887821770355,360936325.0,4240361600.0,0.08511923252016998
2016,11,26248,293105,0.0895515259036864,411511375.0,4240361600.0,0.09704629317461982
2016,12,29415,293105,0.10035652752426605,460583075.0,4240361600.0,0.10861882038550674
2016,13,32534,293105,0.11099776530594838,508859200.0,4240361600.0,0.12000372798395306
2016,14,35542,293105,0.12126029921018065,555374450.0,4240361600.0,0.13097337028993
2016,15,38361,293105,0.1308780129987547,598774550.0,4240361600.0,0.14120837005976095
2016,16,41162,293105,0.14043431534774228,640856475.0,4240361600.0,0.15113250601080813
2016,17,43933,293105,0.14988826529741903,682925375.0,4240361600.0,0.16105357028985454
2016,18,46423,293105,0.15838351444021767,721855625.0,4240361600.0,0.17023445005256155
2016,19,48810,293105,0.16652735367871582,758410600.0,4240361600.0,0.17885517121936015
2016,20,51029,293105,0.17409801948107334,791100050.0,4240361600.0,0.18656428970585906
2016,21,53182,293105,0.18144351000494705,824027675.0,4240361600.0,0.19432957675119028
2016,22,55227,293105,0.18842053189130176,854459775.0,4240361600.0,0.20150634677004906
2016,23,57092,293105,0.19478343938179152,882443150.0,4240361600.0,0.20810563655703324
2016,24,58778,293105,0.20053564422306,907668300.0,4240361600.0,0.21405445705385126
2016,25,60411,293105,0.20610702649221269,932413700.0,4240361600.0,0.2198901386145936
2016,26,61793,293105,0.21082206035379814,953536500.0,4240361600.0,0.22487150624135452
2016,27,63068,293105,0.2151720373245083,972832550.0,4240361600.0,0.2294220733439337
2016,28,64242,293105,0.21917742788420533,990650350.0,4240361600.0,0.23362402630945436
2016,29,65138,293105,0.22223435287695537,1004177325.0,4240361600.0,0.23681407854462222
2016,30,65912,293105,0.2248750447791747,1015596575.0,4240361600.0,0.23950706821795575
2016,31,66549,293105,0.22704832739120792,1025136475.0,4240361600.0,0.24175685276463216
2016,32,66998,293105,0.22858020163422665,1031936725.0,4240361600.0,0.24336054854378456
2016,33,67299,293105,0.22960713737397861,1036873950.0,4240361600.0,0.2445248891037972
2016,34,67497,293105,0.23028266320943006,1039930700.0,4240361600.0,0.24524575922959024
2016,35,67610,293105,0.23066819058016752,1041753900.0,4240361600.0,0.24567572256101933
2016,36,68093,293105,0.23231606420907183,1048370925.0,4240361600.0,0.24723620858183415
2016,37,68130,293105,0.2324422988348885,1048898475.0,4240361600.0,0.24736062014145208
2016,38,68141,293105,0.23247982804796916,1049103350.0,4240361600.0,0.24740893559643592
2016,39,68141,293105,0.23247982804796916,1049103350.0,4240361600.0,0.24740893559643592
2016,40,68141,293105,0.23247982804796916,1049103350.0,4240361600.0,0.24740893559643592
2016,41,68141,293105,0.23247982804796916,1049103350.0,4240361600.0,0.24740893559643592
2016,42,68141,293105,0.23247982804796916,1049103350.0,4240361600.0,0.24740893559643592
2016,43,68141,293105,0.23247982804796916,1049103350.0,4240361600.0,0.24740893559643592
2016,44,68141,293105,0.23247982804796916,1049103350.0,4240361600.0,0.24740893559643592
2016,45,68141,293105,0.23247982804796916,1049103350.0,4240361600.0,0.24740893559643592
2016,46,68141,293105,0.23247982804796916,1049103350.0,4240361600.0,0.24740893559643592
2016,47,68141,293105,0.23247982804796916,1049103350.0,4240361600.0,0.24740893559643592
2016,48,68141,293105,0.23247982804796916,1049103350.0,4240361600.0,0.24740893559643592
2016,49,68141,293105,0.23247982804796916,1049103350.0,4240361600.0,0.24740893559643592
2016,50,68141,293105,0.23247982804796916,1049103350.0,4240361600.0,0.24740893559643592
2016,51,68141,293105,0.23247982804796916,1049103350.0,4240361600.0,0.24740893559643592
2016,52,68141,293105,0.23247982804796916,1049103350.0,4240361600.0,0.24740893559643592
2016,53,68141,293105,0.23247982804796916,1049103350.0,4240361600.0,0.24740893559643592
2016,54,68141,293105,0.23247982804796916,1049103350.0,4240361600.0,0.24740893559643592
2016,55,68141,293105,0.23247982804796916,1049103350.0,4240361600.0,0.24740893559643592
2016,56,68141,293105,0.23247982804796916,1049103350.0,4240361600.0,0.24740893559643592
2016,57,68141,293105,0.23247982804796916,1049103350.0,4240361600.0,0.24740893559643592
2016,58,68141,293105,0.23247982804796916,1049103350.0,4240361600.0,0.24740893559643592
2016,59,68141,293105,0.23247982804796916,1049103350.0,4240361600.0,0.24740893559643592
2016,60,68252,293105,0.23285853192541922,1051345600.0,4240361600.0,0.2479377230470156
2017,1,785,169321,0.004636164445048163,12373475.0,2421502475.0,0.005109833720074971
2017,2,2111,169321,0.01246744349490022,33521225.0,2421502475.0,0.01384315124435295
2017,3,3816,169321,0.022537074550705465,60185650.0,2421502475.0,0.024854672097743776
2017,4,5920,169321,0.034963176451828185,93438925.0,2421502475.0,0.0385871689022329
2017,5,8299,169321,0.04901341239420982,131558475.0,2421502475.0,0.0543292754635735
2017,6,10818,169321,0.06389048021214143,171702400.0,2421502475.0,0.07090738158341135
2017,7,13385,169321,0.07905103324454733,212525300.0,2421502475.0,0.08776588180030664
2017,8,16110,169321,0.0951447251079311,255919400.0,2421502475.0,0.10568620211713804
2017,9,18911,169321,0.11168726856089913,301567975.0,2421502475.0,0.12453754564095583
2017,10,21716,169321,0.12825343578174,345746375.0,2421502475.0,0.14278175577747448
2017,11,24598,169321,0.1452743605341334,391759925.0,2421502475.0,0.16178382183978565
2017,12,27262,169321,0.16100778993745607,434122775.0,2421502475.0,0.17927827019875336
2017,13,29540,169321,0.17446152574104806,470158725.0,2421502475.0,0.19415991924600448
2017,14,31590,169321,0.18656870677588722,502025100.0,2421502475.0,0.2073196724690525
2017,15,33290,169321,0.19660880812185139,528117625.0,2421502475.0,0.21809501763982297
2017,16,34788,169321,0.2054559091902363,551225575.0,2421502475.0,0.22763783258160825
2017,17,35948,169321,0.2123068018733648,569470700.0,2421502475.0,0.23517246250181925
2017,18,36784,169321,0.21724416935879187,582081425.0,2421502475.0,0.24038027258262457
2017,19,37418,169321,0.2209885365666397,592061675.0,2421502475.0,0.2445017839595642
2017,20,37846,169321,0.22351627972903537,598779875.0,2421502475.0,0.24727617715938943
2017,21,38167,169321,0.22541208710083216,603711250.0,2421502475.0,0.24931267105147187
2017,22,38311,169321,0.226262542744255,605856025.0,2421502475.0,0.25019839180631026
2017,23,38419,169321,0.22690038447682212,607488775.0,2421502475.0,0.25087266326250607
2017,24,38500,169321,0.2273787657762475,608791675.0,2421502475.0,0.2514107176371975
2017,25,38552,169321,0.22768587475859461,609532150.0,2421502475.0,0.2517165091891967
2017,26,38569,169321,0.22778627577205426,609737650.0,2421502475.0,0.25180137385570917
2017,27,38569,169321,0.22778627577205426,609737650.0,2421502475.0,0.25180137385570917
2017,28,38569,169321,0.22778627577205426,609737650.0,2421502475.0,0.25180137385570917
2017,29,38569,169321,0.22778627577205426,609737650.0,2421502475.0,0.25180137385570917
2017,30,38569,169321,0.22778627577205426,609737650.0,2421502475.0,0.25180137385570917
2017,31,38569,169321,0.22778627577205426,609737650.0,2421502475.0,0.25180137385570917
2017,32,38569,169321,0.22778627577205426,609737650.0,2421502475.0,0.25180137385570917
2017,33,38569,169321,0.22778627577205426,609737650.0,2421502475.0,0.25180137385570917
2017,34,38569,169321,0.22778627577205426,609737650.0,2421502475.0,0.25180137385570917
2017,35,38569,169321,0.22778627577205426,609737650.0,2421502475.0,0.25180137385570917
2017,36,39017,169321,0.23043213777381424,615547550.0,2421502475.0,0.25420066935921676
2017,37,39017,169321,0.23043213777381424,615547550.0,2421502475.0,0.25420066935921676
2017,38,39017,169321,0.23043213777381424,615547550.0,2421502475.0,0.25420066935921676
2017,39,39017,169321,0.23043213777381424,615547550.0,2421502475.0,0.25420066935921676
2017,40,39017,169321,0.23043213777381424,615547550.0,2421502475.0,0.25420066935921676
2017,41,39017,169321,0.23043213777381424,615547550.0,2421502475.0,0.25420066935921676
2017,42,39017,169321,0.23043213777381424,615547550.0,2421502475.0,0.25420066935921676
2017,43,39017,169321,0.23043213777381424,615547550.0,2421502475.0,0.25420066935921676
2017,44,39017,169321,0.23043213777381424,615547550.0,2421502475.0,0.25420066935921676
2017,45,39017,169321,0.23043213777381424,615547550.0,2421502475.0,0.25420066935921676
2017,46,39017,169321,0.23043213777381424,615547550.0,2421502475.0,0.25420066935921676
2017,47,39017,169321,0.23043213777381424,615547550.0,2421502475.0,0.25420066935921676
2017,48,39017,169321,0.23043213777381424,615547550.0,2421502475.0,0.25420066935921676
2017,49,39017,169321,0.23043213777381424,615547550.0,2421502475.0,0.25420066935921676
2017,50,39017,169321,0.23043213777381424,615547550.0,2421502475.0,0.25420066935921676
2017,51,39017,169321,0.23043213777381424,615547550.0,2421502475.0,0.25420066935921676
2017,52,39017,169321,0.23043213777381424,615547550.0,2421502475.0,0.25420066935921676
2017,53,39017,169321,0.23043213777381424,615547550.0,2421502475.0,0.25420066935921676
2017,54,39017,169321,0.23043213777381424,615547550.0,2421502475.0,0.25420066935921676
2017,55,39017,169321,0.23043213777381424,615547550.0,2421502475.0,0.25420066935921676
2017,56,39017,169321,0.23043213777381424,615547550.0,2421502475.0,0.25420066935921676
2017,57,39017,169321,0.23043213777381424,615547550.0,2421502475.0,0.25420066935921676
2017,58,39017,169321,0.23043213777381424,615547550.0,2421502475.0,0.25420066935921676
2017,59,39017,169321,0.23043213777381424,615547550.0,2421502475.0,0.25420066935921676
2017,60,39169,169321,0.23132984095298278,619117250.0,2421502475.0,0.2556748367560516
2018,1,626,56318,0.011115451543023545,10394500.0,838076925.0,0.012402799420828822
2018,2,1697,56318,0.030132462090273093,28451100.0,838076925.0,0.03394807702168867
2018,3,2883,56318,0.05119144855996307,48655325.0,838076925.0,0.058055917719008907
2018,4,4167,56318,0.07399055364181967,70221800.0,838076925.0,0.08378920586555942
2018,5,5377,56318,0.09547569160836678,90282300.0,838076925.0,0.1077255527587757
2018,6,6413,56318,0.11387123122269967,108961250.0,838076925.0,0.13001342329046942
2018,7,7218,56318,0.12816506267978267,122978675.0,838076925.0,0.14673912540904285
2018,8,7746,56318,0.13754039561063958,131959325.0,838076925.0,0.15745490785347657
2018,9,8093,56318,0.14370183600269895,137922600.0,838076925.0,0.1645703346384343
2018,10,8217,56318,0.14590361873646082,139910525.0,838076925.0,0.16694234243473532
2018,11,8291,56318,0.1472175858517703,141151400.0,838076925.0,0.16842296427622083
2018,12,8314,56318,0.1476259810362584,141513700.0,838076925.0,0.16885526349505448
2018,13,8329,56318,0.1478923257217941,141710575.0,838076925.0,0.16909017629855397
2018,14,8336,56318,0.14801661990837742,141855475.0,838076925.0,0.16926307212192962
2018,15,8336,56318,0.14801661990837742,141855475.0,838076925.0,0.16926307212192962
2018,16,8336,56318,0.14801661990837742,141855475.0,838076925.0,0.16926307212192962
2018,17,8336,56318,0.14801661990837742,141855475.0,838076925.0,0.16926307212192962
2018,18,8336,56318,0.14801661990837742,141855475.0,838076925.0,0.16926307212192962
2018,19,8336,56318,0.14801661990837742,141855475.0,838076925.0,0.16926307212192962
2018,20,8336,56318,0.14801661990837742,141855475.0,838076925.0,0.16926307212192962
2018,21,8336,56318,0.14801661990837742,141855475.0,838076925.0,0.16926307212192962
2018,22,8336,56318,0.14801661990837742,141855475.0,838076925.0,0.16926307212192962
2018,23,8336,56318,0.14801661990837742,141855475.0,838076925.0,0.16926307212192962
2018,24,8336,56318,0.14801661990837742,141855475.0,838076925.0,0.16926307212192962
2018,25,8336,56318,0.14801661990837742,141855475.0,838076925.0,0.16926307212192962
2018,26,8336,56318,0.14801661990837742,141855475.0,838076925.0,0.16926307212192962
2018,27,8336,56318,0.14801661990837742,141855475.0,838076925.0,0.16926307212192962
2018,28,8336,56318,0.14801661990837742,141855475.0,838076925.0,0.16926307212192962
2018,29,8336,56318,0.14801661990837742,141855475.0,838076925.0,0.16926307212192962
2018,30,8336,56318,0.14801661990837742,141855475.0,838076925.0,0.16926307212192962
2018,31,8336,56318,0.14801661990837742,141855475.0,838076925.0,0.16926307212192962
2018,32,8336,56318,0.14801661990837742,141855475.0,838076925.0,0.16926307212192962
2018,33,8336,56318,0.14801661990837742,141855475.0,838076925.0,0.16926307212192962
2018,34,8336,56318,0.14801661990837742,141855475.0,838076925.0,0.16926307212192962
2018,35,8336,56318,0.14801661990837742,141855475.0,838076925.0,0.16926307212192962
2018,36,8697,56318,0.15442664867360348,146730925.0,838076925.0,0.17508049753308744
2018,37,8697,56318,0.15442664867360348,146730925.0,838076925.0,0.17508049753308744
2018,38,8697,56318,0.15442664867360348,146730925.0,838076925.0,0.17508049753308744
2018,39,8697,56318,0.15442664867360348,146730925.0,838076925.0,0.17508049753308744
2018,40,8697,56318,0.15442664867360348,146730925.0,838076925.0,0.17508049753308744
2018,41,8697,56318,0.15442664867360348,146730925.0,838076925.0,0.17508049753308744
2018,42,8697,56318,0.15442664867360348,146730925.0,838076925.0,0.17508049753308744
2018,43,8697,56318,0.15442664867360348,146730925.0,838076925.0,0.17508049753308744
2018,44,8697,56318,0.15442664867360348,146730925.0,838076925.0,0.17508049753308744
2018,45,8697,56318,0.15442664867360348,146730925.0,838076925.0,0.17508049753308744
2018,46,8697,56318,0.15442664867360348,146730925.0,838076925.0,0.17508049753308744
2018,47,8697,56318,0.15442664867360348,146730925.0,838076925.0,0.17508049753308744
2018,48,8697,56318,0.15442664867360348,146730925.0,838076925.0,0.17508049753308744
2018,49,8697,56318,0.15442664867360348,146730925.0,838076925.0,0.17508049753308744
2018,50,8697,56318,0.15442664867360348,146730925.0,838076925.0,0.17508049753308744
2018,51,8697,56318,0.15442664867360348,146730925.0,838076925.0,0.17508049753308744
2018,52,8697,56318,0.15442664867360348,146730925.0,838076925.0,0.17508049753308744
2018,53,8697,56318,0.15442664867360348,146730925.0,838076925.0,0.17508049753308744
2018,54,8697,56318,0.15442664867360348,146730925.0,838076925.0,0.17508049753308744
2018,55,8697,56318,0.15442664867360348,146730925.0,838076925.0,0.17508049753308744
2018,56,8697,56318,0.15442664867360348,146730925.0,838076925.0,0.17508049753308744
2018,57,8697,56318,0.15442664867360348,146730925.0,838076925.0,0.17508049753308744
2018,58,8697,56318,0.15442664867360348,146730925.0,838076925.0,0.17508049753308744
2018,59,8697,56318,0.15442664867360348,146730925.0,838076925.0,0.17508049753308744
2018,60,8874,56318,0.15756951596292482,151120400.0,838076925.0,0.180318053739518
